,attr_conc.mean,attr_conc.sd,attr_ent.mean,attr_ent.sd,attr_to_inst,cat_to_num,cor.mean,cor.sd,cov.mean,cov.sd,eigenvalues.mean,eigenvalues.sd,g_mean.mean,g_mean.sd,h_mean.mean,h_mean.sd,inst_to_attr,iq_range.mean,iq_range.sd,kurtosis.mean,kurtosis.sd,mad.mean,mad.sd,max.mean,max.sd,mean.mean,mean.sd,median.mean,median.sd,min.mean,min.sd,nr_attr,nr_bin,nr_cat,nr_cor_attr,nr_inst,nr_norm,nr_num,nr_outliers,num_to_cat,range.mean,range.sd,sd.mean,sd.sd,skewness.mean,skewness.sd,sparsity.mean,sparsity.sd,t_mean.mean,t_mean.sd,var.mean,var.sd,dataset
0,0.12805133829274293,0.037558029429976166,3.169908846129989,5.480197012992563e-06,0.01,0.0,0.2156575796741226,0.1619773207564295,5.7108235985669,4.85906431418923,27.45711135936949,26.034598380625763,0.0,0.0,0.0,0.0,100.0,7.371484249570464,3.0833168801538777,-0.36796348517704713,1.112474676390527,5.3287035311405155,2.2889308537556294,9.992424085599811,2.075896306208757,0.3821073317219414,2.0649602068966346,0.6633088236583273,2.7691889229550406,-10.936293101255625,1.4351456030896068,10.0,0.0,0.0,0.06666666666666667,1000.0,0.0,10.0,4.0,0.0,20.928717186855437,2.938778713178799,5.128186969541361,1.1347098330976604,-0.29995731783921864,0.7129624782397588,0.0,0.0,0.5558508906441707,2.6567325142801756,27.457111359369485,10.99122241244933,type=gaussian-k=10-n=1000-d=10-noise=0
1,0.12871060678815902,0.03410709023418362,3.169908846129989,5.287849119908972e-06,0.03,0.0,0.26386844718233404,0.17905714993306107,7.648845499579313,5.543653352673076,29.5761406064134,52.41927840282496,0.0,0.0,0.0,0.0,33.333333333333336,8.386553624912768,2.268711513851461,-0.8419134528813716,0.5673237977879827,5.91907648729739,1.6409843246951903,10.687592657519819,1.6132115729621364,0.45986962409150717,2.0467140552651455,0.7732635579093529,2.764227752208146,-10.601743468671788,2.1459698105965423,30.0,0.0,0.0,0.10344827586206896,1000.0,0.0,30.0,4.0,0.0,21.289336126191603,2.3833302219991683,5.377989177792775,0.8221332700656269,-0.15583122367001537,0.45216346351388603,0.0,0.0,0.6322856102376182,2.5208000519149274,29.576140606413393,8.531840586680303,type=gaussian-k=10-n=1000-d=30-noise=0
2,0.12621934115364028,0.02839538976621818,3.169909625975695,5.758998044208852e-06,0.05,0.0,0.2762045434365372,0.1915956389009419,8.37007970827438,6.348232879843246,31.24053546736994,74.96680299648305,0.0,0.0,0.0,0.0,20.0,9.033281710096356,2.7675024750753883,-0.8426858107243619,0.6400379385767511,5.859922965097088,1.9932928601619855,11.042332307476087,1.499369112034869,0.4128207311777101,2.0635573377422767,0.5895564784087849,3.0897528365585174,-10.619472522192586,2.0958039151472225,50.0,0.0,0.0,0.1436734693877551,1000.0,0.0,50.0,7.0,0.0,21.66180482966867,2.3879501067525912,5.51164030916054,0.9380595308807202,-0.09272629722831521,0.46799750184818034,0.0,0.0,0.49837820181231485,2.5278106662404394,31.24053546736993,10.185857890753617,type=gaussian-k=10-n=1000-d=50-noise=0
3,0.07006352365772388,0.01437213641266865,3.1699088461299887,5.480197012992564e-06,0.01,0.0,0.15885489480880755,0.09418141817729546,5.100088633313896,3.1485989109746564,32.320197242891915,19.775780016470197,0.0,0.0,0.0,0.0,100.0,8.98423046798181,2.0771127186320557,-0.9027967573767084,0.29578257308928485,6.358711357181592,1.4705063775055607,11.35935452673424,0.6823164003042899,0.4666776621806147,1.2361372285083563,0.7767124878183804,2.0119316566834287,-11.919072564424923,0.7506195459143649,10.0,0.0,0.0,0.0,1000.0,0.0,10.0,1.0,0.0,23.278427091159166,1.147380355067965,5.6650368724643805,0.5028302966551826,-0.15111234088272957,0.338302500931519,0.0,0.0,0.7014476691465702,1.6470431553406244,32.32019724289192,5.834271374639354,type=gaussian-k=30-n=1000-d=10-noise=0
4,0.06627800143862407,0.014233712383621403,3.169909279377604,5.591273631680229e-06,0.03,0.0,0.14370514115812788,0.10407102515295692,4.912099838875577,3.5892310902868245,34.47487013127272,33.68776515028225,0.0,0.0,0.0,0.0,33.333333333333336,9.82378393035711,1.5342809045155008,-1.05651602027871,0.2668948146874756,7.112776476367462,1.130323264739846,11.533800150189244,0.811380589667722,0.17678697857438108,1.0813330574965108,0.34660359820328657,1.6996890124431774,-11.686170641602349,0.6908229464716399,30.0,0.0,0.0,0.0022988505747126436,1000.0,0.0,30.0,1.0,0.0,23.21997079179159,1.0410393106064977,5.8555549684254515,0.4402344316940792,-0.04866296543836755,0.28793108846875637,0.0,0.0,0.25258550876857927,1.4486314764652461,34.474870131272716,5.041312845314622,type=gaussian-k=30-n=1000-d=30-noise=0
5,0.0684757771519946,0.017077413376832704,3.169908326232851,4.813312198276598e-06,0.05,0.0,0.14584714590718764,0.10638017292500808,5.025171124625574,3.7610634782117374,34.68257324149201,44.81336516230113,0.0,0.0,0.0,0.0,20.0,10.043438181595928,1.9149699815893924,-1.0859611836607324,0.25763690611918927,7.137759167623683,1.2944063085995812,11.577697647289334,0.8666067043977688,-0.033265276002558276,1.0413850350126386,0.13538955391177698,1.6934788885523444,-11.683704799839079,0.6000907908802702,50.0,0.0,0.0,0.0024489795918367346,1000.0,0.0,50.0,1.0,0.0,23.261402447128408,1.1256062032202037,5.865120010634688,0.5373218758907873,-0.02886676117761103,0.25922081751310205,0.0,0.0,0.0008940162626224124,1.3891794436910039,34.68257324149201,6.2384214823243385,type=gaussian-k=30-n=1000-d=50-noise=0
6,0.04451892076156301,0.009617500545413334,3.1699088461299887,5.480197012992564e-06,0.01,0.0,0.12188471493980871,0.08591141813614436,4.186032795544536,3.0997260788854235,34.592726726101006,17.120368077145596,0.0,0.0,0.0,0.0,100.0,9.643885454481024,1.3788810298149283,-1.0415644050927786,0.17684491037184144,6.977996112499875,1.0897943914418187,11.87058454010757,0.5589232635316401,0.42473212352489415,0.8667643001740503,0.7629381772456966,1.6666816906897182,-11.705209040681659,0.6232707835184115,10.0,0.0,0.0,0.0,1000.0,0.0,10.0,0.0,0.0,23.57579358078923,0.6706650105283274,5.8680686087579,0.41965267253754973,-0.1000543560093565,0.25137001759661515,0.0,0.0,0.5947043527663998,1.2284690225963346,34.59272672610099,4.891876733093616,type=gaussian-k=50-n=1000-d=10-noise=0
7,0.04660356481151758,0.009468439930485137,3.1699079796347593,4.4938076412250475e-06,0.03,0.0,0.10669483943393798,0.07904013226563948,3.6994141938312275,2.7745849239585962,34.90054852860965,25.672354234985995,0.0,0.0,0.0,0.0,33.333333333333336,10.040791366333696,1.4050517733108523,-1.0848186532510162,0.2216081152525295,7.239738136063402,0.9840017976696332,11.765841476910005,0.4031127475872117,-0.034701686214695805,0.9395148375224094,0.13109128190630842,1.5265084465088838,-11.804612744463078,0.7416556331745698,30.0,0.0,0.0,0.0,1000.0,0.0,30.0,1.0,0.0,23.570454221373076,0.8035513251496474,5.896774824796053,0.36473210895752306,-0.011262489309980438,0.2498736056067867,0.0,0.0,-0.002247047815393636,1.2724245470039421,34.90054852860965,4.252185832887684,type=gaussian-k=50-n=1000-d=30-noise=0
8,0.046719806788565583,0.008680490496569047,3.1699080662842825,4.555726468955873e-06,0.05,0.0,0.11096850666595631,0.08109593706138613,3.888038644595298,2.8810902653588615,35.1374951890721,34.53255873419179,0.0,0.0,0.0,0.0,20.0,10.19677123728262,1.4369829837030155,-1.1280809357353865,0.18405045585007732,7.353599030594454,1.0038604063786438,11.80287797693952,0.5476051997374101,-0.056167730149182866,0.8512244883873266,0.06955705140620111,1.400898376445935,-11.725364396679272,0.5933213820033268,50.0,0.0,0.0,0.0,1000.0,0.0,50.0,0.0,0.0,23.52824237361878,0.852948979378814,5.914469435766992,0.3996765049669983,-0.02529921723513747,0.19693524381218663,0.0,0.0,-0.009485380205257602,1.134722928141765,35.13749518907209,4.686164219349107,type=gaussian-k=50-n=1000-d=50-noise=0
9,0.09801472985557386,9.676672848896659e-06,3.1699127453585207,9.190569788357001e-06,0.002,0.0,5.684341886080801e-18,0.0,1.778134974374625e-18,0.0,0.3128128128128128,1.2412670766236366e-16,0.0,0.0,0.0,0.0,500.0,0.894572676158464,1.1102230246251565e-16,-0.96407796,0.0,0.6636888019492067,1.5700924586837752e-16,1.0,0.0,1.1546319456101629e-17,1.507288760336424e-17,3.0814879110195774e-33,4.329780281177466e-17,-1.0,0.0,2.0,0.0,0.0,0.0,1000.0,0.0,2.0,0.0,0.0,2.0,0.0,0.5592967126783536,0.0,3.6805389931809204e-17,5.564038378999438e-17,0.00014251127913884483,1.939496406715763e-05,5.921189464667502e-18,2.51214793389404e-17,0.3128128128128128,0.0,type=circles-k=2-n=1000-d=2-noise=0.0
10,0.09457826707104945,2.8852689639252788e-06,3.1699062466443007,0.0,0.002,0.0,0.0005894692390272126,0.0,0.00018444656536799344,0.0,0.3129027967280231,0.00029199020699686035,0.0,0.0,0.0,0.0,500.0,0.8924457649899066,0.004082831227818991,-0.961470871933253,0.0032475626884699766,0.6623402875742554,0.0018661899706150333,1.0169487357449092,0.0029409671375994323,0.00011186483832455752,0.0004680999842695982,0.0024301787355251216,0.002628058019155691,-1.0217590568944561,0.0005664647588927849,2.0,0.0,0.0,0.0,1000.0,0.0,2.0,0.0,0.0,2.0387077926393653,0.0035074318964922174,0.5593771445545523,0.00011728613510836251,0.00015066883795558273,0.0006765319546077124,0.0,0.0,-9.296592769191615e-06,0.0003471246652900989,0.31290279672802324,0.0001312143667055275,type=circles-k=2-n=1000-d=2-noise=0.01
11,0.053193712556753266,7.780918953586095e-06,3.1699062466443007,0.0,0.002,0.0,0.002798287736748746,0.0,0.0008821131462136852,0.0,0.3152334554577319,0.0013789839829914585,0.0,0.0,0.0,0.0,500.0,0.8782957926201198,0.007015659290058569,-0.9383548850755035,0.014634010843520416,0.6523858818764834,0.0054909698094156864,1.103904561903843,0.016168615873735054,0.0005593241916227304,0.002340499921347945,0.0028120128054376237,0.001540472237015832,-1.1298326660632574,0.0035562110763357677,2.0,0.0,0.0,0.0,1000.0,0.0,2.0,0.0,0.0,2.2337372279671004,0.012612404797399286,0.5614564261950024,0.0005233394077150993,-0.00028856239260196593,0.003531152017676567,0.0,0.0,-5.969979150322112e-06,0.001648018683900439,0.31523345545773196,0.00058766454708546,type=circles-k=2-n=1000-d=2-noise=0.05
12,0.027952538778757252,4.384562418961635e-06,3.1699127453585207,9.190569788357001e-06,0.002,0.0,0.005158182313979389,0.0,0.0016639270908616482,0.0,0.32258090577481774,0.0025585048499479827,0.0,0.0,0.0,0.0,500.0,0.8640284600330682,0.0173135579705917,-0.8831605020382085,0.02456600160503202,0.6427139919185331,0.013171224675001182,1.218051448052433,0.024992738151562527,0.001118648383245452,0.004680999842695881,0.0022304560720819867,0.006634062443796098,-1.2717160515021664,0.0008948973163324475,2.0,0.0,0.0,0.0,1000.0,0.0,2.0,0.0,0.0,2.489767499554599,0.025887635467894975,0.5679617195960729,0.0008841360635886274,-0.003004978758566773,0.00721950594776246,0.0,0.0,9.439865291352456e-05,0.002783861559906737,0.3225809057748177,0.001004310878065398,type=circles-k=2-n=1000-d=2-noise=0.1
13,0.25582842972477443,5.6824978826317646e-06,3.1699127453585207,9.190569788357001e-06,0.002,0.0,0.45025395008897634,0.0,0.19286508219678333,0.0,0.4979118032459528,0.45084733422345674,0.0,0.0,0.0,0.0,500.0,0.9556617369345494,0.06492966253868113,-1.0907387212861281,0.2784426600524232,0.7098417505445067,0.04778878691897383,1.499997522701653,0.7071102846154678,0.375,0.1767766952966369,0.375,0.1767766952966369,-0.7499975227016531,0.3535568940221941,2.0,0.0,0.0,0.0,1000.0,0.0,2.0,0.0,0.0,2.249995045403306,1.0606671786376618,0.6805362385747792,0.26375075822618577,1.7862111455455345e-17,5.989871775235811e-18,4.589742581008962e-05,6.490876205864168e-05,0.375,0.1767766952966369,0.49791180324595263,0.3589838978489889,type=moons-k=2-n=1000-d=2-noise=0.0
14,0.24930096172324345,2.698427535061807e-06,3.1699127453585207,9.190569788357001e-06,0.002,0.0,0.45042675318156933,0.0,0.19309577890659885,0.0,0.4979924057003432,0.45056155394507885,0.0,0.0,0.0,0.0,500.0,0.9686648580417179,0.07874293964039104,-1.0909534975069288,0.2784537830576118,0.7194097634771665,0.06163112184456871,1.5193272130098612,0.704945311082968,0.3751118648383245,0.1772447952809064,0.3734358189213024,0.17183272138644895,-0.7666385392065174,0.35397927601368373,2.0,0.0,0.0,0.0,1000.0,0.0,2.0,0.0,0.0,2.2859657522163785,1.0589245870966517,0.6806936122963402,0.263243658534457,0.00017957066708729652,0.0019282401376995695,0.0,0.0,0.37494505752661267,0.17690701548291102,0.4979924057003432,0.3583765536838478,type=moons-k=2-n=1000-d=2-noise=0.01
15,0.17587662942833907,4.213888865755061e-05,3.1699062466443007,0.0,0.002,0.0,0.448619586830093,0.0,0.19397844606523515,0.0,0.5002855385867719,0.44933837341715444,0.0,0.0,0.0,0.0,500.0,1.001732762756673,0.1268814650377668,-1.0792934137787298,0.26721256538237736,0.7422768057037155,0.09248970697116429,1.5967039386133748,0.696203442953816,0.37555932419162275,0.17911719521798478,0.37076844139238796,0.17065042631755098,-0.8495916890062631,0.34635430144687357,2.0,0.0,0.0,0.0,1000.0,0.0,2.0,0.0,0.0,2.446295627619638,1.0425577444006895,0.6828891358981308,0.26056848105277863,0.0009885317804401391,0.009489206963688946,0.0,0.0,0.3746429765348736,0.17767467143280638,0.5002855385867719,0.355878769736841,type=moons-k=2-n=1000-d=2-noise=0.05
16,0.13141160757455833,7.07356304675085e-06,3.1699062466443007,0.0,0.002,0.0,0.4410271120672638,0.0,0.19499151073212115,0.0,0.5075860815997576,0.44762929813608926,0.0,0.0,0.0,0.0,500.0,1.0235866199415602,0.17441197504881384,-1.0388321937435894,0.23059927598130517,0.7594625887616253,0.1311307091560413,1.7058188316902556,0.6677483645967998,0.3761186483832454,0.18145769513933271,0.38276190023222034,0.17804206291406227,-0.9583954785303572,0.3436083610048463,2.0,0.0,0.0,0.0,1000.0,0.0,2.0,0.0,0.0,2.664214310220613,1.0113567256016462,0.6890996011979778,0.25584300353359596,0.0023337537758933054,0.018230129879234665,0.0,0.0,0.37506175308455175,0.17832018951545453,0.5075860815997579,0.35260262340858767,type=moons-k=2-n=1000-d=2-noise=0.1
17,0.1269450619076989,0.03311688959411917,3.1699101458728327,6.278354408827328e-06,0.01,0.0,0.21437875841583093,0.16035543209150416,5.722817478883521,4.858923110575447,27.64315899087431,26.059834926441457,0.0,0.0,0.0,0.0,100.0,7.4260547700058455,3.015749257455543,-0.3882402765327907,1.039026492627067,5.481648089084878,2.190972806499901,10.329668776857137,1.998305266877382,0.3800045332437524,2.0618572052561777,0.586181745678399,2.728150539274559,-11.1515887284932,1.306000620843375,10.0,0.0,0.0,0.06666666666666667,1000.0,0.0,10.0,4.0,0.0,21.48125750535034,2.9791412865305964,5.1474280593151525,1.1289834980829982,-0.2904850266462248,0.6861165938022679,0.0,0.0,0.5654118309407834,2.652353333232688,27.64315899087431,10.98925537326986,type=varied-k=10-n=1000-d=10-noise=0
18,0.1300086047828051,0.02855117453166147,3.1699097126252185,5.845937159583026e-06,0.03,0.0,0.2621865793025354,0.17785514181399584,7.653478604062121,5.541260179733791,29.76172066541194,52.42993574267224,0.0,0.0,0.0,0.0,33.333333333333336,8.401503213411893,2.211981410414977,-0.8255854946238279,0.5725036536329505,5.981326746129243,1.5635440777065488,10.832491983292723,1.760565121625158,0.457943846581074,2.051605992864263,0.7763595010432529,2.830434619356576,-10.89694936955809,2.1604776508833035,30.0,0.0,0.0,0.10114942528735632,1000.0,0.0,30.0,4.0,0.0,21.72944135285082,2.5048678931488517,5.3958009515945085,0.8181472484767612,-0.1585391615952891,0.4496355247310293,0.0,0.0,0.6289979674002206,2.5217171576436344,29.76172066541194,8.519202629363898,type=varied-k=10-n=1000-d=30-noise=0
19,0.13933826941716473,0.028040193377130134,3.169908326232851,4.813312198276598e-06,0.05,0.0,0.27439043508909,0.19026151770780594,8.378099442889662,6.348282172720432,31.450490049902193,75.00983703375269,0.0,0.0,0.0,0.0,20.0,9.086509881231525,2.7917217830624432,-0.8198387945353239,0.6522550732909708,5.8941245936431,1.9927269558890321,11.427307219302472,1.6780269477978123,0.4115214004626134,2.0634846769265764,0.5655776167565202,3.0468996306712346,-10.937579545442434,2.280119019878528,50.0,0.0,0.0,0.14122448979591837,1000.0,0.0,50.0,9.0,0.0,22.364886764744902,2.7568645414875417,5.531496269631318,0.9329780434436579,-0.08972695524810691,0.470526101995175,0.0,0.0,0.4948200580905203,2.5259486712850725,31.450490049902193,10.171466798851595,type=varied-k=10-n=1000-d=50-noise=0
20,0.07338876277187803,0.015205926128272935,3.1699101458728327,6.278354408827328e-06,0.01,0.0,0.15816995826848118,0.09414368974127378,5.095925978218022,3.159099927485731,32.41292449931961,19.77678371012479,0.0,0.0,0.0,0.0,100.0,8.96602410622906,2.086656258276678,-0.8976228300383019,0.3081506459520468,6.346946366154058,1.4496883027167378,11.598400558222378,0.9935994161640432,0.46352035409051034,1.2380862502095697,0.7764039937379354,1.978858974718306,-11.877144987177818,1.0036519651501905,10.0,0.0,0.0,0.0,1000.0,0.0,10.0,1.0,0.0,23.475545545400198,1.5706071404145845,5.673380602555869,0.5007516992398332,-0.14676017179992817,0.3374983127024532,0.0,0.0,0.6873888498745859,1.6506034206540456,32.412924499319615,5.818521542822497,type=varied-k=30-n=1000-d=10-noise=0
21,0.07164387637472887,0.014173326014119168,3.169908412882374,4.926662536199541e-06,0.03,0.0,0.14344104515509323,0.10385744621582395,4.9139895824101245,3.5878729906953435,34.55149593014222,33.69128202065316,0.0,0.0,0.0,0.0,33.333333333333336,9.818512119541507,1.5161056053582478,-1.051755665608472,0.26136122446915055,7.1382595621107905,1.1348958183370366,11.714494800398615,0.9955729024667493,0.17443419766538285,1.0789628920570098,0.3433811697703797,1.6967531865274577,-11.831538539232582,0.7883820683739995,30.0,0.0,0.0,0.0022988505747126436,1000.0,0.0,30.0,1.0,0.0,23.546033339631197,1.4099216533757593,5.862159387566478,0.439337171094458,-0.04959575144927222,0.2863664240195424,0.0,0.0,0.25313603872391083,1.4434490935428168,34.551495930142224,5.03849971238801,type=varied-k=30-n=1000-d=30-noise=0
22,0.06785231494803251,0.012077201773030871,3.169909625975695,5.758998044208852e-06,0.05,0.0,0.14534619240314947,0.10609694872521064,5.025054509851339,3.762934001666301,34.79439252599756,44.819826938656945,0.0,0.0,0.0,0.0,20.0,10.024651564822742,1.922678197120684,-1.076101250774407,0.25923054482571967,7.141369167246178,1.312699417535181,11.663085092929272,0.9720669655526544,-0.03506940704387458,1.042304399737109,0.13001743656602946,1.705760018256744,-12.050375584632388,0.7459467389168495,50.0,0.0,0.0,0.0032653061224489797,1000.0,0.0,50.0,2.0,0.0,23.713460677561667,1.2440449215539668,5.874787557746727,0.5357273115957439,-0.031833593062019105,0.2589209910990637,0.0,0.0,0.002258009157503391,1.3899286994053066,34.794392525997566,6.23318347441151,type=varied-k=30-n=1000-d=50-noise=0
23,0.04639217773587813,0.01004156153813726,3.1699101458728327,6.278354408827328e-06,0.01,0.0,0.12190355028482054,0.08579461924522422,4.204233384361293,3.1102084182463114,34.73418104980925,17.193399712122957,0.0,0.0,0.0,0.0,100.0,9.665621893895864,1.3816359064602317,-1.028726110534547,0.18545694976491142,6.9234525328084455,1.1028864562026035,12.272620244680624,0.7434201393907026,0.42277548267210185,0.8664968037915309,0.7383430131827204,1.7037848743108528,-11.853469303004553,0.7594450494013459,10.0,0.0,0.0,0.0,1000.0,0.0,10.0,0.0,0.0,24.126089547685176,1.0787228135479128,5.879944264771,0.4222117596602875,-0.09965425620520112,0.2514622471395489,0.0,0.0,0.594355213713748,1.2239977415610979,34.734181049809266,4.926752455247545,type=varied-k=50-n=1000-d=10-noise=0
24,0.047964154856353025,0.008823654720767553,3.1699097126252185,5.845937159583026e-06,0.03,0.0,0.10644122917991679,0.07886751303429367,3.7003945562551848,2.7751178259690508,34.99196868159541,25.67392620548161,0.0,0.0,0.0,0.0,33.333333333333336,10.008569497563807,1.3919011261034082,-1.0793404078773887,0.22169016881815387,7.246505378901541,0.9615601399141052,11.993198101864074,0.683386136883556,-0.0371829806371994,0.9412083956229651,0.13329605359900093,1.514195382035167,-11.998050123476835,1.0037149875055904,30.0,0.0,0.0,0.0,1000.0,0.0,30.0,1.0,0.0,23.991248225340904,1.2428359787216756,5.9046731167694615,0.3621831300390928,-0.013180067885414313,0.24791433179465444,0.0,0.0,-0.003447127778930222,1.2714321249595595,34.99196868159542,4.225594028223632,type=varied-k=50-n=1000-d=30-noise=0
25,0.04801859791896337,0.008052139857948355,3.1699088461299887,5.2517541647754295e-06,0.05,0.0,0.11061897878396146,0.08083112436907601,3.888538824542309,2.880578869454013,35.251297664200486,34.53300560471209,0.0,0.0,0.0,0.0,20.0,10.20246486850894,1.4351450638865413,-1.1192222892242494,0.18570325107073946,7.360440552193963,1.037102737602803,12.037773677087767,0.7401295239294708,-0.0578371706184695,0.8518416997138,0.0656799358128916,1.3976168656551602,-12.081849544879132,0.702982292715523,50.0,0.0,0.0,0.0,1000.0,0.0,50.0,0.0,0.0,24.119623221966904,1.0594719709974731,5.92414406629588,0.3987413180831989,-0.02598930383504593,0.19808564534445464,0.0,0.0,-0.00944144568416742,1.1349927718854156,35.251297664200486,4.684412288113245,type=varied-k=50-n=1000-d=50-noise=0
26,0.07887402031976996,0.02512298663383248,4.08746197638237,0.0,0.002,0.0,0.2152253334066923,0.16235546160876388,5.762527702783441,4.925113602627826,27.87570551182722,26.402638643163897,0.0,0.0,0.0,0.0,500.0,7.427543999447113,3.0624005475446543,-0.39379281419263057,1.0401676998505855,5.344175997174625,2.2919736087006126,10.620799188754868,2.029602951096518,0.3699718520787691,2.0524625212968113,0.6771851714374615,2.739353299119283,-11.53968017349755,1.8409080369967736,10.0,0.0,0.0,0.06666666666666667,5000.0,0.0,10.0,4.0,0.0,22.160479362252417,3.4541913157752977,5.1645697223049325,1.156107018920909,-0.2952863198565515,0.6931011024551363,0.0,0.0,0.5451834332714955,2.6452859165819578,27.875705511827213,11.307299396204888,type=gaussian-k=10-n=5000-d=10-noise=0
27,0.09330121246934522,0.019557496292258447,4.08746197638237,0.0,0.006,0.0,0.26330096134652226,0.17903407279368463,7.630423627799711,5.5405341210712695,29.566298681998934,52.32521057983546,0.0,0.0,0.0,0.0,166.66666666666666,8.409030594755304,2.2573374991203647,-0.8388386252416064,0.5611418680745551,5.970164685583273,1.6665358501221572,11.307098671679151,1.5645633269708288,0.45359094416536844,2.0377893184803795,0.7539394524567181,2.727143234607801,-11.1658392260759,1.9345295073351745,30.0,0.0,0.0,0.10344827586206896,5000.0,0.0,30.0,5.0,0.0,22.472937897755056,2.1386244084122294,5.377930184912505,0.8163199222029193,-0.15326027567325123,0.44814365656904215,0.0,0.0,0.6219583234572019,2.5036789091039195,29.566298681998926,8.509890707979897,type=gaussian-k=10-n=5000-d=30-noise=0
28,0.08899994809812332,0.021022284984212092,4.087461976382371,8.97195690676443e-16,0.01,0.0,0.275952929932008,0.19148186643132387,8.347899424713411,6.337205202673673,31.197534881733347,74.80173902728554,0.0,0.0,0.0,0.0,100.0,9.024535386169193,2.783064240608913,-0.8376912912371725,0.6415557335668473,5.837832991470536,2.012263438729442,11.57913102259729,1.4440955584054147,0.4096390393876917,2.0648967479374494,0.5940368856416561,3.095082390954273,-11.3723298222259,2.0013238682409233,50.0,0.0,0.0,0.1436734693877551,5000.0,0.0,50.0,9.0,0.0,22.951460844823192,2.272048870755359,5.507148840877438,0.9415827568057477,-0.09185993276913919,0.46840314295258995,0.0,0.0,0.4937379293475207,2.5328194727024194,31.19753488173335,10.22543998139892,type=gaussian-k=10-n=5000-d=50-noise=0
29,0.044818522756470476,0.006711734826249974,4.08746197638237,0.0,0.002,0.0,0.1585422723605751,0.09366020570787872,5.069491474699732,3.105918352236553,32.18410243780415,19.58109700468971,0.0,0.0,0.0,0.0,500.0,9.048646320074837,2.103102845835387,-0.9144860047049562,0.2950895295646687,6.38480070265639,1.4038387940691852,11.861291327510774,0.653384103557224,0.45698812574510744,1.2389740884563014,0.8078725313441792,1.9601955565187064,-12.247730820268215,0.7375530877738108,10.0,0.0,0.0,0.0,5000.0,0.0,10.0,1.0,0.0,24.10902214777899,0.7742019141437326,5.654251395206383,0.4871043666525937,-0.15888535517804178,0.3362667474319578,0.0,0.0,0.7101132134685423,1.6456456995576927,32.18410243780416,5.665540679620958,type=gaussian-k=30-n=5000-d=10-noise=0
30,0.046674295138764706,0.008487016039607515,4.08746197638237,0.0,0.006,0.0,0.14383980080760816,0.10387579347871899,4.937831530872822,3.5976415880604278,34.60391097840916,33.818204292911325,0.0,0.0,0.0,0.0,166.66666666666666,9.904371851688524,1.5174225156978711,-1.0547384277172858,0.27652519415866383,7.150774902173969,1.1230683333613571,12.122221526285015,0.7647605262474639,0.1685352700721941,1.0808384480950215,0.35011651986976033,1.6970264048663977,-12.167712717345147,0.4401942107542921,30.0,0.0,0.0,0.0022988505747126436,5000.0,0.0,30.0,2.0,0.0,24.289934243630164,0.8997454441740723,5.866954948787512,0.43480150918141125,-0.05002881767977924,0.2853306890408198,0.0,0.0,0.24311071019606603,1.441449422913104,34.603910978409154,4.98070349528045,type=gaussian-k=30-n=5000-d=30-noise=0
31,0.04426411003649772,0.007589186898307671,4.087461976382371,8.97195690676443e-16,0.01,0.0,0.1456230247118944,0.1065473373536379,5.020371717499643,3.7663569177433183,34.68142376361016,44.791913408914894,0.0,0.0,0.0,0.0,100.0,10.007679780970836,1.8878267111299702,-1.0819011299529322,0.26112579763488647,7.117389795971109,1.2973633037662164,12.100368897411549,0.8405843868041537,-0.04018820372618131,1.035409345884109,0.11202430644501563,1.7007044085961307,-12.240974624364055,0.6102835143826547,50.0,0.0,0.0,0.0032653061224489797,5000.0,0.0,50.0,1.0,0.0,24.341343521775606,1.1908398831421672,5.865882913864877,0.5276453319850104,-0.026894033351770926,0.2602212021442996,0.0,0.0,-0.010554726346324135,1.3793381714343511,34.68142376361016,6.116835282928385,type=gaussian-k=30-n=5000-d=50-noise=0
32,0.030476362948261677,0.005124325960684515,4.08746197638237,0.0,0.002,0.0,0.12364689985600869,0.08695809663824165,4.260673056762755,3.1451522464124353,34.64368488777511,17.357273054257526,0.0,0.0,0.0,0.0,500.0,9.681748336643116,1.410665230458025,-1.0432770794159543,0.1700490103882535,6.999338813381092,1.1158033924183908,12.326071190299057,0.497093450082777,0.4128207311777102,0.8746865174808607,0.7553282176267729,1.6704583569211433,-12.438113328408804,0.6050106856063264,10.0,0.0,0.0,0.0,5000.0,0.0,10.0,0.0,0.0,24.764184518707857,0.73161505325661,5.8730058672366,0.4102668118020303,-0.1048246582687636,0.24987599636160593,0.0,0.0,0.587556416263343,1.239718543831182,34.64368488777511,4.797913166162985,type=gaussian-k=50-n=5000-d=10-noise=0
33,0.030910314217707336,0.006691064973101821,4.08746197638237,0.0,0.006,0.0,0.10688019835746534,0.0790574913187927,3.706753945935249,2.768952244288232,34.895725534541604,25.673649971975816,0.0,0.0,0.0,0.0,166.66666666666666,10.056094393038316,1.3939735324834714,-1.0836935570754724,0.21598712987907262,7.233172616791306,0.9367350314377845,12.330509909156568,0.3948644271190386,-0.04050993995886176,0.9345706059997945,0.12462509620639146,1.5068607237713059,-12.338061710466132,0.5047390625816436,30.0,0.0,0.0,0.0,5000.0,0.0,30.0,1.0,0.0,24.668571619622703,0.6172654374343267,5.8967346588656815,0.3585111417599931,-0.015173507383974194,0.24811345204756594,0.0,0.0,-0.0023273095751527918,1.2649390212160714,34.895725534541604,4.177490605122011,type=gaussian-k=50-n=5000-d=30-noise=0
34,0.031143058720977758,0.004894051840625999,4.087461976382371,8.97195690676443e-16,0.01,0.0,0.11099091631659506,0.0809371968905933,3.8843825404197814,2.871986817477658,35.08980663855538,34.46975912405438,0.0,0.0,0.0,0.0,100.0,10.22454663792056,1.4029784159465803,-1.1265300780281484,0.17802899976102432,7.35899945456434,0.9708868955481903,12.305004641526505,0.5580094848279533,-0.05836047813021752,0.8498374290496241,0.08532908531865466,1.3688341783256266,-12.285106852371975,0.5268739024437118,50.0,0.0,0.0,0.0,5000.0,0.0,50.0,0.0,0.0,24.59011149389848,0.8382056457650195,5.910652231283214,0.3964084156808369,-0.026019495010362954,0.19515131251817372,0.0,0.0,-0.012336290987971465,1.1288769041198223,35.089806638555366,4.654477383147097,type=gaussian-k=50-n=5000-d=50-noise=0
35,0.17675245830708528,5.862105047177872e-06,4.087460504241735,6.939737510792059e-07,0.0004,0.0,1.2327916465437738e-17,0.0,3.853244544358165e-18,0.0,0.31256251250250056,5.551115123125783e-17,0.0,0.0,0.0,0.0,2500.0,0.8941224455896766,0.0,-0.9608159183999998,0.0,0.6630212901079225,1.5700924586837752e-16,1.0,0.0,-1.7763568394002505e-17,2.51214793389404e-17,3.0814879110195774e-33,4.329780281177466e-17,-1.0,0.0,2.0,0.0,0.0,0.0,5000.0,0.0,2.0,0.0,0.0,2.0,0.0,0.5590729044610376,0.0,-4.0661638025061214e-17,6.900508795601655e-17,2.402159165316562e-05,3.513296489062518e-06,-1.8947806286936004e-17,2.6796244628203095e-17,0.3125625125025005,0.0,type=circles-k=2-n=5000-d=2-noise=0.0
36,0.1520541332534982,1.9750455861447712e-07,4.08746197638237,0.0,0.0004,0.0,0.0006372437184658326,0.0,0.00019933429613209276,0.0,0.3128070179487796,0.00031836617370995196,0.0,0.0,0.0,0.0,2500.0,0.8937551476383039,0.0013098369355775143,-0.9607632843592995,0.0003008120883054819,0.663129547914261,0.0009025067545400324,1.0197816319404507,0.0007240959178367128,-4.027737011764288e-06,9.185801213418618e-05,-0.0006101637510197046,0.0012827153015626102,-1.025558507946328,0.004017050841078801,2.0,0.0,0.0,0.0,5000.0,0.0,2.0,0.0,0.0,2.045340139886779,0.0032929549232419315,0.5592915243429797,0.0001322640218304951,8.70012814551476e-05,0.00037018481672668104,0.0,0.0,-8.338007153353051e-05,4.580337573078166e-05,0.3128070179487795,0.00014794829277061216,type=circles-k=2-n=5000-d=2-noise=0.01
37,0.06501701997995091,8.870380175172992e-07,4.08746197638237,0.0,0.0004,0.0,0.003048068253713994,0.0,0.0009626165895385712,0.0,0.3158124680151547,0.001555751232704833,0.0,0.0,0.0,0.0,2500.0,0.8773162330591763,0.0002210319334797803,-0.9490948055858945,0.0015858280841785915,0.6503788815900606,0.00024184285712171966,1.1104518943463781,0.0033668606290039845,-2.0138685058744e-05,0.00045929006067082335,-0.0015849555778580681,0.002919068734484232,-1.1317646840922073,0.023916219437011582,2.0,0.0,0.0,0.0,5000.0,0.0,2.0,0.0,0.0,2.242216578438586,0.020549358808007755,0.5619717462240053,0.000670016562528875,-0.00010203630514815339,0.0018826923005726753,0.0,0.0,-0.0002079069131468145,0.00019271722602156625,0.3158124680151547,0.0007530607552866957,type=circles-k=2-n=5000-d=2-noise=0.05
38,0.024575740233502355,2.9105934949709715e-07,4.08746197638237,0.0,0.0004,0.0,0.0056770452708092825,0.0,0.0018400959512724522,0.0,0.3241309942309569,0.0030235276339215986,0.0,0.0,0.0,0.0,2500.0,0.875636016195038,0.0037403521902647278,-0.9103415512380277,0.0036318354430427803,0.6512202676960175,0.00397435675051686,1.2480570042103145,0.027648802605467388,-4.027737011747342e-05,0.0009185801213416211,-0.0010989783470326218,0.005982780630614826,-1.273141675214247,0.0366006903212484,2.0,0.0,0.0,0.0,5000.0,0.0,2.0,0.0,0.0,2.5211986794245616,0.06424949292671579,0.5693242312760969,0.0013519710338932968,-0.0014992838854404045,0.003810107114099571,0.0,0.0,-0.0001948125521171751,0.0005851465210913406,0.3241309942309569,0.001539419739157694,type=circles-k=2-n=5000-d=2-noise=0.1
39,0.2414091666958088,2.5670655812176317e-05,4.087459524478087,3.467516290889479e-06,0.0004,0.0,0.4514190256468159,0.0,0.1932211645575636,0.0,0.4972581914759691,0.4503108202450656,0.0,0.0,0.0,0.0,2500.0,0.9568192132030426,0.06151132037317832,-1.0880987311408359,0.28032162552630074,0.7095713655767287,0.045530030484150795,1.499999901224955,0.7071069208755558,0.375,0.1767766952966369,0.375,0.1767766952966369,-0.749999901224955,0.353553530282282,2.0,0.0,0.0,0.0,5000.0,0.0,2.0,0.0,0.0,2.24999980244991,1.0606604511578377,0.6801796856526481,0.2631113327146291,4.751877807901068e-18,2.555826132939024e-18,2.7167183182312973e-05,3.8420198907901267e-05,0.375,0.1767766952966369,0.49725819147596917,0.3579259671549714,type=moons-k=2-n=5000-d=2-noise=0.0
40,0.23467027005283822,1.4043613613245978e-05,4.08746197638237,0.0,0.0004,0.0,0.4511453915841043,0.0,0.19314985836087012,0.0,0.4973370272188763,0.45023066528025374,0.0,0.0,0.0,0.0,2500.0,0.9683211911556071,0.07847482848436209,-1.0874173735467176,0.2792938173208253,0.71825656129114,0.05751240024876,1.5233149084943762,0.7028234903152877,0.3749959722629883,0.17668483728450277,0.37559433153573685,0.17548290782057738,-0.7757933083581888,0.345394031744298,2.0,0.0,0.0,0.0,5000.0,0.0,2.0,0.0,0.0,2.299108216852565,1.0482175220595855,0.6802459862413001,0.2630681486667557,-0.0006500033557963031,0.0007258587930134664,0.0,0.0,0.37514810187780084,0.17660191420914054,0.4973370272188761,0.35790210447698034,type=moons-k=2-n=5000-d=2-noise=0.01
41,0.15350057779095067,1.5024206421640991e-05,4.08746197638237,0.0,0.0004,0.0,0.4476681777745647,0.0,0.19289868846521796,0.0,0.49967979847176325,0.4499287479334118,0.0,0.0,0.0,0.0,2500.0,0.9974128005959007,0.1345727175708995,-1.0710945971657846,0.2618102073180984,0.7384695762151663,0.09869685345860865,1.6281718241624632,0.69613718270229,0.37497986131494127,0.17631740523596606,0.3786102513457371,0.1790016817527918,-0.8912952261991078,0.32249519419626976,2.0,0.0,0.0,0.0,5000.0,0.0,2.0,0.0,0.0,2.5194670503615715,1.0186323768985597,0.6821203641003939,0.2622655423471006,-0.0034269264378591255,0.004120877530484916,0.0,0.0,0.3757307732243951,0.17589940862715372,0.4996797984717633,0.357793334473583,type=moons-k=2-n=5000-d=2-noise=0.05
42,0.08443997952523813,1.4847491816597417e-05,4.08746197638237,0.0,0.0004,0.0,0.43823729666165817,0.0,0.19266134960067707,0.0,0.5071699761707054,0.44959331738756764,0.0,0.0,0.0,0.0,2500.0,1.027639700383102,0.1883742374281998,-1.0227033704277606,0.21333331357489246,0.7644726520952368,0.13994894074322586,1.7674460290905052,0.6797529439934281,0.37495972262988253,0.17585811517529526,0.37645019916375777,0.17717601670548136,-1.0356726235002567,0.29387164726123444,2.0,0.0,0.0,0.0,5000.0,0.0,2.0,0.0,0.0,2.803118652590762,0.9736245912546628,0.6880399307185261,0.25988855268191857,-0.007091679829464853,0.009161541199322916,0.0,0.0,0.37632750552496835,0.17503519745370152,0.5071699761707054,0.3576274035636106,type=moons-k=2-n=5000-d=2-noise=0.1
43,0.08012294549419015,0.023001668317501646,4.08746197638237,0.0,0.002,0.0,0.21353322395316693,0.1610151583706442,5.765832240595788,4.926200488546539,28.08423197447242,26.426228784370952,0.0,0.0,0.0,0.0,500.0,7.471747674600545,3.0055581532557882,-0.40598523378871987,0.9810776665353289,5.508055058387813,2.254292990263885,11.074495755044861,2.2636346431372645,0.36861066367930384,2.0511090817230957,0.5734287745759928,2.703858601193398,-11.746772346053591,1.7990594285927672,10.0,0.0,0.0,0.06666666666666667,5000.0,0.0,10.0,5.0,0.0,22.82126810109845,3.7086090736165307,5.1852545494081275,1.153433151901425,-0.28694527409774556,0.6696349057902798,0.0,0.0,0.556391685703561,2.6416232953573533,28.08423197447241,11.340882148607545,type=varied-k=10-n=5000-d=10-noise=0
44,0.07559516404676628,0.01652967597282176,4.08746197638237,0.0,0.006,0.0,0.2614970069979986,0.17784281637128652,7.631443509684393,5.54214400870392,29.75249569424454,52.3333648172152,0.0,0.0,0.0,0.0,166.66666666666666,8.434437682356666,2.1891171976583017,-0.8219156048217671,0.5677689391038185,6.003183065968913,1.5988166326998194,11.560429993318326,1.770088477389887,0.4531394982424582,2.036671915721714,0.7495786101152346,2.7849783699516633,-11.596881261061641,2.0694910914405225,30.0,0.0,0.0,0.10114942528735632,5000.0,0.0,30.0,5.0,0.0,23.157311254379966,2.3249230491333837,5.3957741671747055,0.8124782210946265,-0.15657184648391714,0.4463843502894067,0.0,0.0,0.6207764695132846,2.5003499588320475,29.75249569424454,8.501215569234285,type=varied-k=10-n=5000-d=30-noise=0
45,0.09508647262061341,0.01663415638522422,4.087461976382371,8.97195690676443e-16,0.01,0.0,0.274022889256182,0.1901764548851183,8.34612558485033,6.336807887099677,31.38446157277287,74.79061812022141,0.0,0.0,0.0,0.0,100.0,9.077659118545391,2.8061382444380882,-0.8138585094726604,0.6556170701445193,5.878377730218897,2.0166344116480275,12.062438509053017,1.7232037740859847,0.40917564181415983,2.0652199254518755,0.5611062050882345,3.0636949377361415,-11.766471681204623,2.348135477566297,50.0,0.0,0.0,0.14040816326530614,5000.0,0.0,50.0,11.0,0.0,23.828910190257645,2.636832878952124,5.524633959823421,0.9383448208385551,-0.0891221730587518,0.47045197578110626,0.0,0.0,0.4923753023115892,2.531390172037926,31.384461572772874,10.228793676137933,type=varied-k=10-n=5000-d=50-noise=0
46,0.05124068865599225,0.0072230097644369,4.08746197638237,0.0,0.002,0.0,0.15807617490355466,0.09312208991170426,5.074584930429762,3.102091593132752,32.303535914819285,19.58470707903672,0.0,0.0,0.0,0.0,500.0,9.039740435463269,2.070662077873301,-0.90515065612102,0.3092488126440952,6.368472079388704,1.377610641537492,12.065230497116287,0.869837401266655,0.4555099696966006,1.2380872962016367,0.8046112980875032,1.9148791487797752,-12.453329787334301,1.049182674785994,10.0,0.0,0.0,0.0,5000.0,0.0,10.0,1.0,0.0,24.51856028445059,1.3608612304497736,5.664954305616837,0.48514445740136775,-0.15864643885073332,0.3355075216610792,0.0,0.0,0.7019212444771498,1.6456011745362573,32.30353591481929,5.6529058869432065,type=varied-k=30-n=5000-d=10-noise=0
47,0.053518819900275794,0.007141032949929686,4.08746197638237,0.0,0.006,0.0,0.14332891743053397,0.10352339555060176,4.9377072129185615,3.5986429536018285,34.72198132049393,33.82098941539858,0.0,0.0,0.0,0.0,166.66666666666666,9.895949043166944,1.5033462729656624,-1.0479457786085173,0.27087102262047635,7.164756532371492,1.1363458565881988,12.435998922084075,1.0879354502862362,0.16808911821383501,1.081247039920712,0.35227324356387507,1.6772281306697425,-12.451108440113513,0.7595195271314719,30.0,0.0,0.0,0.0022988505747126436,5000.0,0.0,30.0,2.0,0.0,24.887107362197586,1.1708991758537195,5.877048256821821,0.43424739589658184,-0.050593250061391176,0.2837793061314904,0.0,0.0,0.244858408823668,1.440904412656136,34.72198132049393,4.981659922429982,type=varied-k=30-n=5000-d=30-noise=0
48,0.05197586036239011,0.007978527648638998,4.087461976382371,8.97195690676443e-16,0.01,0.0,0.1451090161488979,0.10622194724982319,5.020907991021875,3.768089700761085,34.80373197519008,44.802236901288666,0.0,0.0,0.0,0.0,100.0,10.011356559678278,1.8761759842322931,-1.0733446029424578,0.26176148697963597,7.139092053670541,1.2961888461911348,12.227073070274127,1.0495453399581394,-0.04066244522811384,1.034628704455837,0.11452471442435172,1.7121332569923342,-12.739123396175339,0.8435032707963469,50.0,0.0,0.0,0.0032653061224489797,5000.0,0.0,50.0,3.0,0.0,24.966196466449468,1.358977973165593,5.876375623951438,0.5267744564602579,-0.029531829084811174,0.25960961125697846,0.0,0.0,-0.008067745121805407,1.3778395694920953,34.80373197519008,6.117116118457779,type=varied-k=30-n=5000-d=50-noise=0
49,0.03477801773704968,0.0055230663409521425,4.08746197638237,0.0,0.002,0.0,0.12343853575120974,0.0866977427546383,4.269436982348114,3.149540104398973,34.75934420170441,17.38456613007467,0.0,0.0,0.0,0.0,500.0,9.66830960950907,1.4209963015779736,-1.0308495972018243,0.1755743676699627,6.9511369230456,1.0876886296084665,12.998269422832513,0.5046437351168391,0.4113336502028252,0.8767440592788872,0.7371879380152562,1.7037426518491088,-12.929747429316427,0.8155689888590721,10.0,0.0,0.0,0.0,5000.0,0.0,10.0,0.0,0.0,25.928016852148936,1.0563840914109084,5.882920878052226,0.4090451540975613,-0.10473993451253893,0.2491734405788174,0.0,0.0,0.588571649756159,1.2374402513148046,34.75934420170441,4.79067276794253,type=varied-k=50-n=5000-d=10-noise=0
50,0.03443948130726653,0.004881786519360651,4.08746197638237,0.0,0.006,0.0,0.10660218669501718,0.07879577309903442,3.7076609889748005,2.7676876561679924,34.9925677609002,25.672977599217226,0.0,0.0,0.0,0.0,166.66666666666666,10.013461408547894,1.3746132528863166,-1.0778810875274634,0.21402894760941865,7.226008639127813,0.9223243929970854,12.414882872201332,0.7571355062770261,-0.0410191362056312,0.93386506475368,0.14230563104892582,1.4990360548149686,-12.785124587542432,0.7122468946451787,30.0,0.0,0.0,0.0,5000.0,0.0,30.0,1.0,0.0,25.200007459743762,1.027459127793196,5.904985048387977,0.3577506440601831,-0.017360804582751948,0.2459201911510455,0.0,0.0,-0.0012714924612836334,1.262314706614416,34.9925677609002,4.174291806160747,type=varied-k=50-n=5000-d=30-noise=0
51,0.0352253115521517,0.005891134925855433,4.087461976382371,8.97195690676443e-16,0.01,0.0,0.11065070535570132,0.0806553587759895,3.8850332628474837,2.8713416482207883,35.20008402496034,34.470029190994595,0.0,0.0,0.0,0.0,100.0,10.231383317791655,1.4017267800511377,-1.11853689443478,0.17917976904195615,7.371943935320533,0.9888864563174511,12.723554350840583,0.7321036556163154,-0.058731936721382244,0.849535412861459,0.07123048203834526,1.3658084419904823,-12.802773777519691,0.7851100705160966,50.0,0.0,0.0,0.0,5000.0,0.0,50.0,0.0,0.0,25.526328128360277,1.0477531369605275,5.920046515031039,0.3952954008173433,-0.026735598372433434,0.19520202961133334,0.0,0.0,-0.011395332983032141,1.128089045313079,35.20008402496035,4.649205428734013,type=varied-k=50-n=5000-d=50-noise=0
52,0.0671555103033099,0.020483129542545775,4.392316932474811,0.0,0.001,0.0,0.21462519066622157,0.1632396373399279,5.741654528937861,4.9169713186510755,27.8187651863999,26.310711548347204,0.0,0.0,0.0,0.0,1000.0,7.414422258651847,3.0637098760522417,-0.3736228953477009,1.0730000912884092,5.3198255227831615,2.259032658642681,10.892579787488831,2.112952639815717,0.36822399869877537,2.0525583709797424,0.6331371842482165,2.769113800119767,-11.764764005928571,1.5216567670723626,10.0,0.0,0.0,0.06666666666666667,10000.0,0.0,10.0,5.0,0.0,22.657343793417404,3.0127220905329346,5.160460074986497,1.149114151988518,-0.29823880452014556,0.7036221864852752,0.0,0.0,0.5412996381188229,2.645969261977961,27.8187651863999,11.233614054306233,type=gaussian-k=10-n=10000-d=10-noise=0
53,0.06217224235793078,0.01573022297612837,4.392316932474811,0.0,0.003,0.0,0.26352288299321824,0.17878397859191195,7.633455428671552,5.529370390270361,29.562482877164786,52.30770130227909,0.0,0.0,0.0,0.0,333.3333333333333,8.408633330147472,2.2774504940528395,-0.8397309267619218,0.5666513263802273,5.949578996148284,1.6488745906778992,11.4710038330202,1.4966890038237382,0.4525384823747312,2.0380853977734525,0.7193518003485776,2.789930289703844,-11.447388480541887,1.9234848280529777,30.0,0.0,0.0,0.10344827586206896,10000.0,0.0,30.0,6.0,0.0,22.918392313562087,2.1504361021975074,5.377250402540664,0.8185316872140685,-0.15435406690206147,0.4502785029759994,0.0,0.0,0.6209729847877566,2.507260041234289,29.562482877164786,8.537962407526248,type=gaussian-k=10-n=10000-d=30-noise=0
54,0.07005975258617377,0.015345596027053392,4.392316932474812,8.97195690676443e-16,0.005,0.0,0.2759045649556463,0.1914201635227457,8.333811306030185,6.327498378512816,31.149944829900996,74.68110420253514,0.0,0.0,0.0,0.0,200.0,9.023640997565217,2.775439807573494,-0.8387238032776032,0.6404087239323496,5.836335320033027,2.0065528139844724,11.67113357618321,1.457002194649567,0.4100941802778081,2.0643198804900766,0.5930579737306845,3.1010110010660563,-11.435555060230252,2.03056595843824,50.0,0.0,0.0,0.14285714285714285,10000.0,0.0,50.0,10.0,0.0,23.10668863641346,2.284727954101121,5.502825706203099,0.9415868483095865,-0.09025395987855371,0.46882762650329846,0.0,0.0,0.4925503862956589,2.533302556572149,31.149944829901003,10.218569717280044,type=gaussian-k=10-n=10000-d=50-noise=0
55,0.038459845429569386,0.005336495277433471,4.392316932474811,0.0,0.001,0.0,0.157935993187762,0.093093954330603,5.053691516394268,3.0816832187541228,32.22453874737202,19.49705289440003,0.0,0.0,0.0,0.0,1000.0,9.050003833151278,2.030877603743942,-0.9150266414075754,0.2922067820938496,6.392735418143791,1.3811696557424011,12.200419642193163,0.5125287140981948,0.45495299062307126,1.2377565556269026,0.8003729373746669,1.9919611929429766,-12.409933766115605,0.5378681666263857,10.0,0.0,0.0,0.0,10000.0,0.0,10.0,1.0,0.0,24.610353408308768,0.6641117070832656,5.6579666581896495,0.4852857602442431,-0.1594099381374202,0.3381852891336217,0.0,0.0,0.7111898596141203,1.6443188428056736,32.22453874737201,5.646217423082063,type=gaussian-k=30-n=10000-d=10-noise=0
56,0.03926790174893774,0.006836788299089586,4.392316932474811,0.0,0.003,0.0,0.14364481121001163,0.10379804859266348,4.929214893263013,3.5923516044152612,34.599467202387125,33.76591937777733,0.0,0.0,0.0,0.0,333.3333333333333,9.901425545883964,1.4824856423694255,-1.0524392883813383,0.2736908229072907,7.153905272158535,1.0915797698393472,12.535337880143219,0.7127080045233902,0.1676471348305811,1.0826159091033638,0.35037437540536503,1.7035853940109202,-12.551938952197949,0.5416687637063433,30.0,0.0,0.0,0.0022988505747126436,10000.0,0.0,30.0,3.0,0.0,25.087276832341168,0.8165751975266474,5.866505182345954,0.435791963847022,-0.050448275573751214,0.2865193202004012,0.0,0.0,0.24013991860750888,1.4453018831623778,34.599467202387125,4.996281149916431,type=gaussian-k=30-n=10000-d=30-noise=0
57,0.03735028259550632,0.00520570437256666,4.392316932474812,8.97195690676443e-16,0.005,0.0,0.1455100658206832,0.10655857330114066,5.01933791287363,3.768429565297131,34.699506107743616,44.79333861871311,0.0,0.0,0.0,0.0,200.0,10.015234903772706,1.8935667275192147,-1.0817370974795535,0.25951863929163677,7.137698931048134,1.3030269237165473,12.35388486089742,0.8055115179515583,-0.04014358549114754,1.03443872706787,0.10853716364752827,1.6863233047886241,-12.440978382044277,0.5810217589640526,50.0,0.0,0.0,0.0032653061224489797,10000.0,0.0,50.0,1.0,0.0,24.794863242941698,1.0883421710212637,5.867492786408295,0.5268645308498153,-0.028564747210002593,0.2592040519357786,0.0,0.0,-0.00835519690754232,1.378963011766575,34.69950610774361,6.105906661471836,type=gaussian-k=30-n=10000-d=50-noise=0
58,0.02531046232496091,0.004105498685577325,4.392316932474811,0.0,0.001,0.0,0.12302077141643597,0.08677634897444282,4.237697393474041,3.139317134714195,34.641920114381904,17.296734492103322,0.0,0.0,0.0,0.0,1000.0,9.650731165066668,1.4382657462685242,-1.0422186277330678,0.16856166208764742,7.013244154712069,1.1270302275933417,12.7424845325698,0.5279068278940244,0.4115000876356699,0.8783669850754432,0.7461353811399253,1.66596097658813,-12.715652005449785,0.5511233964273298,10.0,0.0,0.0,0.0,10000.0,0.0,10.0,0.0,0.0,25.458136538019584,0.8562312250341347,5.872693796703894,0.4128326060248153,-0.10259782510160002,0.24877125058112642,0.0,0.0,0.5846331505295417,1.2417332497967608,34.641920114381904,4.82008098791409,type=gaussian-k=50-n=10000-d=10-noise=0
59,0.02488665330102709,0.00363026591304038,4.392316932474811,0.0,0.003,0.0,0.10684004751390351,0.07895287183149093,3.703062483659758,2.7646828333342,34.86469148570146,25.647117254895797,0.0,0.0,0.0,0.0,333.3333333333333,10.056748537070927,1.3860475314028333,-1.083581944625622,0.2179607017483812,7.231872758961996,0.9505451005604486,12.467696963905885,0.5284023653277372,-0.04168118050244613,0.933737999460523,0.11650157719132416,1.5013302701478837,-12.432699716797085,0.5261172383056191,30.0,0.0,0.0,0.0,10000.0,0.0,30.0,1.0,0.0,24.900396680702972,0.716551650692896,5.8939957134462615,0.3603245886963443,-0.014721358309551864,0.24848584409489133,0.0,0.0,-0.004032345362938024,1.262593680127177,34.864691485701464,4.197317193687255,type=gaussian-k=50-n=10000-d=30-noise=0
60,0.025102446818288056,0.004057395751985618,4.392316932474812,8.97195690676443e-16,0.005,0.0,0.11095640035323097,0.08090345870631206,3.8873729065878826,2.8736289490502522,35.125710568779915,34.49198841965486,0.0,0.0,0.0,0.0,200.0,10.229107116868308,1.3957096162029723,-1.1255042584425947,0.1784767552220159,7.366242228905237,0.9763608057285693,12.490083554492882,0.5545560930883741,-0.05780228149031066,0.8503699912165937,0.07934919140776607,1.368520763322738,-12.552338930978765,0.4957797838258519,50.0,0.0,0.0,0.0,10000.0,0.0,50.0,0.0,0.0,25.042422485471647,0.7622991200997196,5.913720597762933,0.3959221480553231,-0.025936484418290325,0.1950322418592368,0.0,0.0,-0.010758816881857274,1.1298099724443231,35.12571056877991,4.643677777945733,type=gaussian-k=50-n=10000-d=50-noise=0
61,0.14978413950340103,1.8298067466264289e-06,4.392316175073972,2.1386586858382692e-07,0.0002,0.0,2.5579538487363612e-18,0.0,7.99440521782291e-19,0.0,0.3125312531253125,1.5700924586837752e-16,0.0,0.0,0.0,0.0,5000.0,0.8944329439638542,0.0,-0.9604079796,3.1401849173675503e-16,0.6630644691119157,0.0,1.0,0.0,-1.7053025658242403e-17,2.4116620165382784e-17,3.0814879110195774e-33,4.329780281177466e-17,-1.0,0.0,2.0,0.0,0.0,0.0,10000.0,0.0,2.0,0.0,0.0,2.0,0.0,0.5590449473211546,0.0,-4.015939191035527e-17,6.398306513884797e-17,1.2009279911343913e-05,1.268630993036398e-06,-1.8947806286936004e-17,0.0,0.31253125312531255,0.0,type=circles-k=2-n=10000-d=2-noise=0.0
62,0.13323605247745818,4.4340954463555927e-07,4.392316932474811,0.0,0.0002,0.0,0.0002481252685073004,0.0,7.75665510988077e-05,0.0,0.3126104823394331,0.00023712732497011918,0.0,0.0,0.0,0.0,5000.0,0.8932954963183883,0.0021628076539943883,-0.9597067713534551,0.0005081429462575779,0.6623624238676329,0.0013876155646019746,1.022920026168252,0.002948787301597293,-6.186047573064037e-05,2.344660726524439e-06,-0.0018875320524010006,0.0005317146754546434,-1.025624194356672,0.00041349679090067754,2.0,0.0,0.0,0.0,10000.0,0.0,2.0,0.0,0.0,2.0485442205249242,0.0025352905106964586,0.5591157882471114,0.00018800130059105823,0.0006905911334887228,0.0011303775759126168,0.0,0.0,-0.00014495295700398477,0.00010043697727122784,0.3126104823394331,0.00021022899074286507,type=circles-k=2-n=10000-d=2-noise=0.01
63,0.06542175311279769,3.845498705682842e-07,4.392316932474811,0.0,0.0002,0.0,0.0013251628135712808,0.0,0.000417327996296068,0.0,0.3149266452733043,0.0011738190158623648,0.0,0.0,0.0,0.0,5000.0,0.8795088407014722,0.004090877151858132,-0.9448613467765208,0.0025209564755364336,0.6524256469462528,0.003212044852910905,1.1261380172991737,0.004214462968856119,-0.00030930237865312585,1.172330363271366e-05,-0.002501657164853014,0.0017948366433626099,-1.1310464017144435,0.002051832846861256,2.0,0.0,0.0,0.0,10000.0,0.0,2.0,0.0,0.0,2.2571844190136177,0.0062662958157173754,0.5611828905407237,0.000904032811652181,0.0037092461346417377,0.006016935504058884,0.0,0.0,-0.0007814583818219679,0.0005984037477716638,0.3149266452733042,0.001014655492773261,type=circles-k=2-n=10000-d=2-noise=0.05
64,0.022942122846304768,4.97037247696657e-08,4.392316932474811,0.0,0.0002,0.0,0.002818323018746058,0.0,0.0009083940945972063,0.0,0.32232015261476765,0.00232519723320098,0.0,0.0,0.0,0.0,5000.0,0.8759112123503993,0.008128007474026271,-0.9012970383717311,0.005013719198638011,0.6494713312928305,0.007123858192758821,1.2624714258965968,0.006994883009409235,-0.0006186047573062368,2.3446607265453464e-05,-0.0032966603835222624,0.0021812649064215685,-1.2720059882135808,0.00785156980368299,2.0,0.0,0.0,0.0,10000.0,0.0,2.0,0.0,0.0,2.5344774141101776,0.0008566867942737547,0.5677311827891252,0.0017068706035070261,0.0078619504849309,0.012676335499031797,0.0,0.0,-0.0016039599631074851,0.0012396089476493725,0.32232015261476765,0.0019380873331940377,type=circles-k=2-n=10000-d=2-noise=0.1
65,0.29016274997746017,2.8327021397276934e-05,4.392316780931103,2.1431516749787783e-07,0.0002,0.0,0.45156438223827455,0.0,0.19326554028651213,0.0,0.49717661079483777,0.45024385139271755,0.0,0.0,0.0,0.0,5000.0,0.9569630870477219,0.06108557456075022,-1.08776922920447,0.2805574312883943,0.7095373367752874,0.04524860589962137,1.4999999753161166,0.7071068160948302,0.375,0.1767766952966369,0.375,0.1767766952966369,-0.7499999753161166,0.35355342550155644,2.0,0.0,0.0,0.0,10000.0,0.0,2.0,0.0,0.0,2.2499999506322332,1.0606602415963866,0.6801351772966393,0.2630313722676697,-1.1935237992551033e-18,9.146272789034918e-19,1.166105018443637e-05,1.6491215322343196e-05,0.375,0.1767766952966369,0.49717661079483777,0.3577937780236998,type=moons-k=2-n=10000-d=2-noise=0.0
66,0.2584947932254238,8.58108648270334e-06,4.392316932474811,0.0,0.0002,0.0,0.45141059989434995,0.0,0.19321711066340228,0.0,0.49717964974803686,0.4501357449702,0.0,0.0,0.0,0.0,5000.0,0.9686651877864183,0.07736956795305636,-1.0868184447009983,0.27988190987166117,0.7177826654750847,0.057457958225735004,1.5312186354584538,0.7088611848220341,0.37493813952426935,0.1767790399573634,0.3756958298190792,0.1782651573706693,-0.7772990456467215,0.3564114818465156,2.0,0.0,0.0,0.0,10000.0,0.0,2.0,0.0,0.0,2.308517681105175,1.06527266666855,0.6801504527214693,0.26296391923918777,0.00032561758813826253,9.565470185924214e-05,0.0,0.0,0.37488587520201067,0.17683777518249322,0.49717964974803674,0.35771005743989087,type=moons-k=2-n=10000-d=2-noise=0.01
67,0.1344663130769055,1.3227730752118354e-05,4.392316932474811,0.0,0.0002,0.0,0.4484194213523879,0.0,0.19305288741176418,0.0,0.49919105163822164,0.44969964524515266,0.0,0.0,0.0,0.0,5000.0,0.9946420894735611,0.12273801909008515,-1.0699810706979536,0.2657810945529274,0.7373475831968612,0.09147701165178165,1.6638533836493816,0.71169907333371,0.3746906976213468,0.1767884186002696,0.375039455388709,0.17731963292572156,-0.9131898290906316,0.3321573078808238,2.0,0.0,0.0,0.0,10000.0,0.0,2.0,0.0,0.0,2.577043212740013,1.0438563812145336,0.6818026181510706,0.26205435131120114,0.0015147806802009677,0.00048085204619632816,0.0,0.0,0.37452812711930306,0.17694167013385423,0.4991910516382217,0.3573386856437147,type=moons-k=2-n=10000-d=2-noise=0.05
68,0.06750613681051147,7.292713616963837e-06,4.392316932474811,0.0,0.0002,0.0,0.43958706720288665,0.0,0.19291397263902135,0.0,0.5062036076750773,0.44914629764881703,0.0,0.0,0.0,0.0,5000.0,1.01920794863549,0.17480813809364462,-1.021928429945841,0.22532554106593203,0.7564237028835369,0.13001791780982072,1.8296468188880415,0.7152464339733051,0.37438139524269376,0.17680014190390236,0.3739285322528613,0.17406205659695054,-1.085748950445079,0.29802737687791847,2.0,0.0,0.0,0.0,10000.0,0.0,2.0,0.0,0.0,2.9153957693331205,1.0132738108512234,0.6874068339271839,0.259520528456931,0.0026759513036903803,0.0008894237151760654,0.0,0.0,0.374068034092079,0.17708100498601947,0.5062036076750773,0.35679236961137717,type=moons-k=2-n=10000-d=2-noise=0.1
69,0.06830332022722059,0.01890023847663852,4.392316932474811,0.0,0.001,0.0,0.21265365658290228,0.16182691637635876,5.735403995087696,4.9108961195709675,27.9971857291741,26.285713300842687,0.0,0.0,0.0,0.0,1000.0,7.454988411468195,2.9938540016103214,-0.38456484014938763,1.0137818696504555,5.498536547999132,2.220425055881851,11.347092139857558,2.182074954803181,0.36769685535435076,2.05226042617716,0.5516747479965396,2.7296132580432024,-12.025026505057989,1.4327856222290625,10.0,0.0,0.0,0.06666666666666667,10000.0,0.0,10.0,5.0,0.0,23.37211864491555,3.165113436824761,5.178706326923974,1.1441573845953679,-0.2904812036977254,0.6802895515844789,0.0,0.0,0.5539388715261201,2.6433258965784807,27.997185729174095,11.233006639332842,type=varied-k=10-n=10000-d=10-noise=0
70,0.06876793146039024,0.016420144596222742,4.392316932474811,0.0,0.003,0.0,0.26168175130413474,0.17756553085731724,7.63241998375367,5.528894195764197,29.744406814935342,52.300538233363234,0.0,0.0,0.0,0.0,333.3333333333333,8.439959598172607,2.209125496277234,-0.8219747252386839,0.5751107493750991,5.994848630392135,1.5888571919013903,11.726862948635898,1.7651615462808976,0.451975072688576,2.037971077262435,0.7433062883307626,2.8123718659663846,-11.903470890053146,1.9869065691009213,30.0,0.0,0.0,0.10344827586206896,10000.0,0.0,30.0,6.0,0.0,23.630333838689047,2.338954224094071,5.394685558957293,0.8148034678922818,-0.15818913057349757,0.4474424741547656,0.0,0.0,0.6193027970802736,2.5031461596125233,29.744406814935324,8.531078983199661,type=varied-k=10-n=10000-d=30-noise=0
71,0.08603407645417292,0.015005900065197447,4.392316932474812,8.97195690676443e-16,0.005,0.0,0.2740444434751399,0.1901150880906784,8.33513338270829,6.32847600346873,31.339269207285415,74.69231316474612,0.0,0.0,0.0,0.0,200.0,9.07022891023612,2.7944852002362985,-0.8146152393071313,0.656553063759367,5.875599073703336,2.0159928878868567,12.162976986214217,1.699260596143219,0.41029494491616864,2.064227374394244,0.5620772905056782,3.0612252565346334,-11.800620681386471,2.3610537738668227,50.0,0.0,0.0,0.13959183673469389,10000.0,0.0,50.0,12.0,0.0,23.963597667600688,2.707218904630738,5.520598074715089,0.9380103262657099,-0.08753147025145608,0.4715830841699,0.0,0.0,0.49164340827141595,2.531738535056896,31.339269207285415,10.216333593744013,type=varied-k=10-n=10000-d=50-noise=0
72,0.044094098521672856,0.006372149394049371,4.392316932474811,0.0,0.001,0.0,0.1572324733553835,0.09265077100826752,5.052673132447934,3.0803480719625687,32.357128200651076,19.492332083557173,0.0,0.0,0.0,0.0,1000.0,9.042492849064683,2.012265776480471,-0.9058075644351125,0.30564109888754454,6.3720500067202455,1.372038325662163,12.59130879051513,0.8472370775483211,0.4543464180710363,1.236993078933605,0.8032814199930968,1.943935703766383,-12.891340853273874,1.0552558206315714,10.0,0.0,0.0,0.0,10000.0,0.0,10.0,1.0,0.0,25.482649643789006,1.45767358844953,5.669749482492417,0.48427380504562445,-0.159853177718467,0.33767627624356567,0.0,0.0,0.7040575117052918,1.6459515826368638,32.35712820065106,5.6461557864868555,type=varied-k=30-n=10000-d=10-noise=0
73,0.04274979912785193,0.006477290853981743,4.392316932474811,0.0,0.003,0.0,0.14316979711643996,0.1034147262462227,4.931063286931694,3.5927656316431826,34.72295089100193,33.77580599421891,0.0,0.0,0.0,0.0,333.3333333333333,9.886306240576245,1.4719423092463428,-1.0458833406318038,0.2686233907530705,7.173850672410015,1.1094329499184374,12.889893425219595,1.1721375260650722,0.16710501896867613,1.0830046138831522,0.3397719449918729,1.6874430946089696,-12.860971189460262,0.8552740694944476,30.0,0.0,0.0,0.0022988505747126436,10000.0,0.0,30.0,3.0,0.0,25.750864614679855,1.3308469992052916,5.877058233337865,0.43526141129552187,-0.0506463800947071,0.2850613287406831,0.0,0.0,0.2410945762844996,1.4444616070749643,34.722950891001936,4.999477405149999,type=varied-k=30-n=10000-d=30-noise=0
74,0.04379920901828648,0.006022666451058213,4.392316932474812,8.97195690676443e-16,0.005,0.0,0.14498200734053565,0.10620815047516012,5.01745818828377,3.7682777389840103,34.809588190047336,44.7826946730703,0.0,0.0,0.0,0.0,200.0,10.026177920149324,1.8849119886070311,-1.0738442836487316,0.2593266075454309,7.152746260099966,1.2862557063978475,12.599728239512348,1.0570456668448915,-0.03987014371550485,1.0338362061288153,0.10951513140834802,1.705034324215996,-12.942919052921912,0.737527777857405,50.0,0.0,0.0,0.0024489795918367346,10000.0,0.0,50.0,2.0,0.0,25.542647292434264,1.3150177452766694,5.876918974963343,0.526260926749876,-0.030746327739839974,0.25819310045890365,0.0,0.0,-0.0056316086999885105,1.376982697088847,34.809588190047336,6.109757865114295,type=varied-k=30-n=10000-d=50-noise=0
75,0.02904572714969034,0.004377384668166289,4.392316932474811,0.0,0.001,0.0,0.12261781844613193,0.0865177716726649,4.237002852445475,3.139211946541278,34.74595056165765,17.294876652329187,0.0,0.0,0.0,0.0,1000.0,9.644868241329352,1.443403811098937,-1.0294840185693106,0.17348423345578218,6.960164360597614,1.1088817515994704,13.202597745576174,0.6390311254769023,0.4109400829212545,0.8801506428124972,0.7261313122928721,1.6886625296082545,-12.990354117992036,0.9971665553649949,10.0,0.0,0.0,0.0,10000.0,0.0,10.0,0.0,0.0,26.192951863568215,1.4123993666578198,5.881580766045568,0.41225430951248804,-0.10243563790708535,0.24811072784999424,0.0,0.0,0.5856915894077722,1.238014569839648,34.745950561657644,4.820190124646698,type=varied-k=50-n=10000-d=10-noise=0
76,0.02942493064418707,0.004270428546907117,4.392316932474811,0.0,0.003,0.0,0.10652983204828172,0.07869270200195004,3.7032359443565848,2.764281314439397,34.965240839789594,25.64626796799932,0.0,0.0,0.0,0.0,333.3333333333333,10.011425987944616,1.3823408483559418,-1.0779571321665657,0.2157163949667774,7.217230592556438,0.9253264063292418,12.807256408844156,0.8201505053261864,-0.042245823285409684,0.9335488031942623,0.13734288736061354,1.497373055085725,-12.845788660518812,0.6891602327807186,30.0,0.0,0.0,0.0,10000.0,0.0,30.0,1.0,0.0,25.653045069362964,1.1711463615427509,5.902561712962266,0.35960619906853286,-0.016997473137209833,0.24632180684322785,0.0,0.0,-0.003550064910071001,1.2610613862506852,34.96524083978959,4.195451606060473,type=varied-k=50-n=10000-d=30-noise=0
77,0.029869108108942517,0.004156714857125427,4.392316932474812,8.97195690676443e-16,0.005,0.0,0.11062077749028647,0.08068599065319752,3.8864331629885083,2.873606536830243,35.2223641041607,34.485912424922304,0.0,0.0,0.0,0.0,200.0,10.229042733522956,1.3986863709556725,-1.1180163871879447,0.17857548578137433,7.379449745596766,0.979908115853997,13.027860481407748,0.7637838908427914,-0.05746310692113033,0.8504766634733332,0.07160544405727876,1.362692247200908,-13.058083657458937,0.7129767169370221,50.0,0.0,0.0,0.0,10000.0,0.0,50.0,0.0,0.0,26.085944138866676,1.0436989557091618,5.921954241915552,0.3948935025887731,-0.02618081752623572,0.19503948002525628,0.0,0.0,-0.009353401674682526,1.1297025401973533,35.22236410416069,4.638570720152034,type=varied-k=50-n=10000-d=50-noise=0
