,dataset,framework,sil,ari,dbs,running_time_min,monitoring_memory,dataset_dim,dataset_instances
0,dim10-clusters2-instances1500-overlap1e-06-1e-05-aspectref1.5-aspectmaxmin1-radius5-imbalance1-rep11,Autocluster,0.4973258764095443,0.8638061549076594,0.8895113773364139,1.655,4.949999999999999,10.0,1500.0
1,dim10-clusters2-instances2000-overlap1e-06-1e-05-aspectref5-aspectmaxmin1-radius1-imbalance1-rep11,Autocluster,0.4312110018866473,1.0,0.980603036867374,3.525,4.97,10.0,2000.0
2,dim10-clusters2-instances3500-overlap1e-06-1e-05-aspectref1.5-aspectmaxmin3-radius1-imbalance2-rep1,Autocluster,0.5295360202938105,1.0,0.7417783637091969,12.010000000000002,5.244999999999999,10.0,3500.0
3,dim10-clusters2-instances400-overlap1e-06-1e-05-aspectref1.5-aspectmaxmin1-radius1-imbalance1-rep4,Autocluster,0.41066839466676147,0.9432917997551565,1.3685261638271324,4.47,4.06,10.0,400.0
4,dim10-clusters2-instances4500-overlap1e-06-1e-05-aspectref1.5-aspectmaxmin3-radius3-imbalance1-rep3,Autocluster,0.4722850596922502,0.8918502564785047,8.505897556144328,6.805,2.335,10.0,4500.0
5,dim10-clusters2-instances4500-overlap1e-06-1e-05-aspectref5-aspectmaxmin1-radius1-imbalance1-rep11,Autocluster,0.32240916079078724,0.4999998026007354,1.2228715895653428,30.355,4.12,10.0,4500.0
6,dim10-clusters3-instances350-overlap1e-06-1e-05-aspectref3-aspectmaxmin1-radius3-imbalance2-rep4,Autocluster,0.4467293023187351,0.9917191142730404,0.809127703284919,0.39,4.03,10.0,350.0
7,dim10-clusters3-instances3500-overlap1e-06-1e-05-aspectref5-aspectmaxmin1-radius5-imbalance2-rep11,Autocluster,0.33623306487451154,0.2843545920202549,3.535602696863031,3.9899999999999998,4.485,10.0,3500.0
8,dim10-clusters4-instances400-overlap1e-06-1e-05-aspectref5-aspectmaxmin5-radius1-imbalance2-rep11,Autocluster,0.4133169457894071,1.0,0.9831821965840511,3.495,4.085,10.0,400.0
9,dim10-clusters4-instances450-overlap1e-06-1e-05-aspectref3-aspectmaxmin1-radius3-imbalance1-rep2,Autocluster,0.2956065308826056,0.3126482965928112,3.3160914663234813,3.875,4.25,10.0,450.0
10,dim11-clusters10-instances200-overlap1e-06-1e-05-aspectref5-aspectmaxmin1-radius3-imbalance1-rep11,Autocluster,0.34258172026418676,0.8375011036442528,1.245779679977722,2.585,3.545,11.0,200.0
11,dim11-clusters10-instances2500-overlap1e-06-1e-05-aspectref5-aspectmaxmin1-radius1-imbalance2-rep11,Autocluster,0.36343990687200356,0.8918490428005561,1.2017025068601006,22.305,4.095000000000001,11.0,2500.0
12,dim11-clusters10-instances3500-overlap1e-06-1e-05-aspectref1.5-aspectmaxmin5-radius3-imbalance2-rep11,Autocluster,0.4682323303246869,0.747746132353962,0.8242283536752121,25.35,4.055,11.0,3500.0
13,dim11-clusters11-instances2000-overlap1e-06-1e-05-aspectref3-aspectmaxmin3-radius3-imbalance1-rep4,Autocluster,0.4643694453110163,0.9855207103099228,0.9864364224107706,16.545,4.09,11.0,2000.0
14,dim11-clusters11-instances2500-overlap1e-06-1e-05-aspectref1.5-aspectmaxmin3-radius3-imbalance2-rep2,Autocluster,0.3712102529895135,0.719914744757183,1.8945313744274435,14.18,4.13,11.0,2500.0
15,dim11-clusters12-instances200-overlap1e-06-1e-05-aspectref1.5-aspectmaxmin1-radius1-imbalance1-rep11,Autocluster,0.4115101622280155,0.8456112491084387,0.9829102056122729,1.07,4.57,11.0,200.0
16,dim11-clusters12-instances2500-overlap1e-06-1e-05-aspectref5-aspectmaxmin5-radius3-imbalance1-rep11,Autocluster,0.4008404113729794,0.7767243737996893,0.9327199180534852,13.555,4.14,11.0,2500.0
17,dim11-clusters12-instances300-overlap1e-06-1e-05-aspectref1.5-aspectmaxmin1-radius1-imbalance1-rep11,Autocluster,0.4726932219913494,0.9981823487215651,0.781666215918554,2.08,5.8149999999999995,11.0,300.0
18,dim11-clusters12-instances400-overlap1e-06-1e-05-aspectref3-aspectmaxmin3-radius3-imbalance2-rep1,Autocluster,0.4016116890981035,0.0588647717477943,0.8155482964524592,2.21,4.109999999999999,11.0,400.0
19,dim11-clusters13-instances2500-overlap1e-06-1e-05-aspectref5-aspectmaxmin1-radius3-imbalance1-rep11,Autocluster,0.4380927952375308,0.9982656341642646,0.9327368604805796,20.225,4.125,11.0,2500.0
20,dim11-clusters13-instances3500-overlap1e-06-1e-05-aspectref5-aspectmaxmin1-radius1-imbalance1-rep11,Autocluster,0.30415688196065566,0.8356478352888054,1.2097847007368148,6.6,2.8449999999999998,11.0,3500.0
21,dim18-clusters4-instances2000-overlap1e-06-1e-05-aspectref5-aspectmaxmin1-radius5-imbalance1-rep11,Autocluster,0.39105117156734126,0.9946941701147306,1.909115888742225,7.18,4.99,18.0,2000.0
22,dim18-clusters4-instances2250-overlap1e-06-1e-05-aspectref1.5-aspectmaxmin5-radius1-imbalance1-rep11,Autocluster,0.2351819988991532,0.4982300899871747,9.567762313799996,8.715,5.01,18.0,2250.0
23,dim18-clusters4-instances2500-overlap1e-06-1e-05-aspectref1.5-aspectmaxmin1-radius5-imbalance1-rep11,Autocluster,0.3489413024600462,0.15658482294213505,1.775235764868368,41.025,5.925000000000001,18.0,2500.0
24,dim18-clusters4-instances4000-overlap1e-06-1e-05-aspectref1.5-aspectmaxmin3-radius3-imbalance2-rep2,Autocluster,0.3267109524627593,0.9862251324439744,2.078162447831612,33.125,4.085,18.0,4000.0
25,dim18-clusters4-instances4500-overlap1e-06-1e-05-aspectref1.5-aspectmaxmin1-radius3-imbalance2-rep2,Autocluster,0.3139888253537165,0.6998151721545828,3.5988175396816064,33.555,4.175000000000001,18.0,4500.0
26,dim18-clusters4-instances500-overlap1e-06-1e-05-aspectref5-aspectmaxmin5-radius5-imbalance1-rep11,Autocluster,0.3372759462089856,0.6690573993264102,1.9210397349867832,10.52,2.7,18.0,500.0
27,dim18-clusters5-instances1500-overlap1e-06-1e-05-aspectref5-aspectmaxmin5-radius5-imbalance2-rep11,Autocluster,0.23522048997188783,0.1275095381009683,2.984819000532925,5.73,5.225,18.0,1500.0
28,dim18-clusters5-instances200-overlap1e-06-1e-05-aspectref1.5-aspectmaxmin3-radius5-imbalance1-rep4,Autocluster,0.2905553567985665,0.6436141530233398,1.4542583360821877,0.61,4.1049999999999995,18.0,200.0
29,dim18-clusters5-instances2500-overlap1e-06-1e-05-aspectref1.5-aspectmaxmin1-radius1-imbalance1-rep4,Autocluster,0.3492826849667185,0.860161204386435,1.5949140037440226,23.085,4.16,18.0,2500.0
30,dim18-clusters5-instances550-overlap1e-06-1e-05-aspectref1.5-aspectmaxmin1-radius5-imbalance1-rep11,Autocluster,0.3625743267143438,0.9909051494118823,1.1235230676375183,2.6500000000000004,5.965,18.0,550.0
31,dim2-clusters14-instances1500-overlap1e-06-1e-05-aspectref1.5-aspectmaxmin1-radius3-imbalance2-rep11,Autocluster,0.5181594649499753,0.7306305532726973,0.7079966038745806,2.755,5.305,2.0,1500.0
32,dim2-clusters14-instances2500-overlap1e-06-1e-05-aspectref5-aspectmaxmin5-radius3-imbalance1-rep11,Autocluster,0.388922541113243,0.4657335268790759,0.917874539446061,11.89,2.6399999999999997,2.0,2500.0
33,dim2-clusters14-instances3500-overlap1e-06-1e-05-aspectref1.5-aspectmaxmin3-radius1-imbalance2-rep1,Autocluster,0.5895596055750492,0.7707715981778511,0.546796099261349,1.415,4.52,2.0,3500.0
34,dim2-clusters14-instances4000-overlap1e-06-1e-05-aspectref1.5-aspectmaxmin1-radius5-imbalance2-rep11,Autocluster,0.4888713998798658,0.6200892167057251,1.0995582930111951,4.4399999999999995,5.225,2.0,4000.0
35,dim2-clusters15-instances200-overlap1e-06-1e-05-aspectref3-aspectmaxmin3-radius5-imbalance1-rep1,Autocluster,0.6204536091950712,0.7604787370289445,0.5214471340696498,0.155,5.15,2.0,200.0
36,dim2-clusters15-instances3500-overlap1e-06-1e-05-aspectref1.5-aspectmaxmin1-radius5-imbalance2-rep11,Autocluster,0.49434900211246924,0.6587258768342389,0.6475719027288893,3.205,4.84,2.0,3500.0
37,dim2-clusters16-instances1750-overlap1e-06-1e-05-aspectref3-aspectmaxmin3-radius3-imbalance2-rep1,Autocluster,0.5027260308709567,0.5702291224560485,0.6344392338576967,10.145,2.71,2.0,1750.0
38,dim2-clusters16-instances600-overlap1e-06-1e-05-aspectref5-aspectmaxmin1-radius3-imbalance2-rep11,Autocluster,0.5111582929940226,0.6575855399146587,0.6217367283481414,1.51,6.74,2.0,600.0
39,dim2-clusters3-instances2000-overlap1e-06-1e-05-aspectref5-aspectmaxmin1-radius1-imbalance1-rep11,Autocluster,0.5775892852503908,0.7425904340089375,0.6173509840505118,3.705,5.38,2.0,2000.0
40,dim2-clusters3-instances4000-overlap1e-06-1e-05-aspectref5-aspectmaxmin5-radius5-imbalance1-rep11,Autocluster,0.5724239524898379,0.8001207997808126,0.6246952001894308,10.685,5.199999999999999,2.0,4000.0
41,dim2-clusters4-instances2750-overlap1e-06-1e-05-aspectref5-aspectmaxmin1-radius5-imbalance2-rep11,Autocluster,0.6067195916625203,0.9028325898724605,0.5646588255771249,7.24,4.890000000000001,2.0,2750.0
42,dim2-clusters4-instances3500-overlap1e-06-1e-05-aspectref5-aspectmaxmin5-radius1-imbalance1-rep11,Autocluster,0.6397632618939413,0.904490747082526,0.4985337400624618,4.54,4.02,2.0,3500.0
43,dim2-clusters4-instances550-overlap1e-06-1e-05-aspectref1.5-aspectmaxmin1-radius3-imbalance1-rep4,Autocluster,0.7562725037875806,1.0,0.29132579539003,0.95,5.390000000000001,2.0,550.0
44,dim2-clusters5-instances4500-overlap1e-06-1e-05-aspectref1.5-aspectmaxmin1-radius5-imbalance2-rep11,Autocluster,0.671315296547408,0.8425766923964859,0.42947579390238444,8.885,4.99,2.0,4500.0
45,dim2-clusters6-instances1750-overlap1e-06-1e-05-aspectref1.5-aspectmaxmin1-radius5-imbalance2-rep11,Autocluster,0.6032450993569181,0.790789236585209,0.5374942911536084,2.1,2.915,2.0,1750.0
46,dim2-clusters6-instances3000-overlap1e-06-1e-05-aspectref5-aspectmaxmin5-radius1-imbalance2-rep11,Autocluster,0.6470955511027547,0.9399778419899665,0.46225267507136913,3.29,4.835,2.0,3000.0
47,dim3-clusters3-instances1750-overlap1e-06-1e-05-aspectref1.5-aspectmaxmin5-radius3-imbalance2-rep11,Autocluster,0.5518021324364554,0.8482845949636117,0.6888230687961912,3.4050000000000002,5.41,3.0,1750.0
48,dim3-clusters3-instances1750-overlap1e-06-1e-05-aspectref3-aspectmaxmin1-radius5-imbalance1-rep1,Autocluster,0.43474594468916883,0.5680225508261235,1.0090138700388076,3.665,5.42,3.0,1750.0
49,dim3-clusters3-instances200-overlap1e-06-1e-05-aspectref3-aspectmaxmin1-radius5-imbalance1-rep4,Autocluster,0.6642641594730778,0.9962974271105804,0.5062275480344179,0.395,5.3500000000000005,3.0,200.0
50,dim3-clusters3-instances2000-overlap1e-06-1e-05-aspectref1.5-aspectmaxmin5-radius3-imbalance1-rep11,Autocluster,0.5643726389921027,0.4925455450195065,1.3308484974131614,14.114999999999998,4.17,3.0,2000.0
51,dim3-clusters3-instances300-overlap1e-06-1e-05-aspectref5-aspectmaxmin5-radius5-imbalance1-rep11,Autocluster,0.4453381040260732,0.09115760186478544,2.757261733318991,0.7799999999999999,4.105,3.0,300.0
52,dim3-clusters3-instances3000-overlap1e-06-1e-05-aspectref5-aspectmaxmin1-radius3-imbalance2-rep11,Autocluster,0.518660567161059,0.7187610594370681,0.7144987877972216,5.615,5.11,3.0,3000.0
53,dim3-clusters4-instances300-overlap1e-06-1e-05-aspectref3-aspectmaxmin3-radius5-imbalance1-rep2,Autocluster,0.4228979430761464,0.6367178550341998,0.9135367331753581,2.4850000000000003,4.045,3.0,300.0
54,dim3-clusters4-instances350-overlap1e-06-1e-05-aspectref5-aspectmaxmin1-radius3-imbalance1-rep11,Autocluster,0.42041985608195764,0.3937116012147027,0.6921263579686208,1.28,4.255,3.0,350.0
55,dim5-clusters2-instances2750-overlap1e-06-1e-05-aspectref5-aspectmaxmin5-radius3-imbalance1-rep11,Autocluster,0.45220564502715815,0.428194964700784,1.008497064263334,10.8,5.385,5.0,2750.0
56,dim5-clusters2-instances3000-overlap1e-06-1e-05-aspectref3-aspectmaxmin1-radius3-imbalance2-rep1,Autocluster,0.39970446603994647,0.7916572659893228,9.162123898030432,5.545,5.3100000000000005,5.0,3000.0
57,dim5-clusters2-instances3000-overlap1e-06-1e-05-aspectref5-aspectmaxmin5-radius3-imbalance2-rep11,Autocluster,0.2897779940680023,0.6765665087371794,1.3646200822532928,5.795,5.24,5.0,3000.0
58,dim5-clusters2-instances4000-overlap1e-06-1e-05-aspectref1.5-aspectmaxmin1-radius3-imbalance1-rep11,Autocluster,0.536322854859326,0.8680290350732323,9.327741561653818,19.34,4.09,5.0,4000.0
59,dim5-clusters2-instances4500-overlap1e-06-1e-05-aspectref1.5-aspectmaxmin5-radius5-imbalance1-rep11,Autocluster,0.5480575762743342,0.8872528262661483,12.211780373548116,6.14,5.08,5.0,4500.0
60,dim5-clusters3-instances1500-overlap1e-06-1e-05-aspectref1.5-aspectmaxmin1-radius1-imbalance2-rep3,Autocluster,0.6645712992729742,0.9977431063149008,0.4836613257729625,3.51,5.449999999999999,5.0,1500.0
61,dim5-clusters3-instances200-overlap1e-06-1e-05-aspectref5-aspectmaxmin1-radius3-imbalance1-rep11,Autocluster,0.5208575586501688,0.9074724237545951,0.955770172733441,1.215,3.9699999999999998,5.0,200.0
62,dim5-clusters3-instances350-overlap1e-06-1e-05-aspectref1.5-aspectmaxmin5-radius3-imbalance1-rep11,Autocluster,0.4264067196866623,0.6617042480553217,4.419546040116493,1.7650000000000001,4.15,5.0,350.0
63,dim5-clusters3-instances4000-overlap1e-06-1e-05-aspectref1.5-aspectmaxmin1-radius3-imbalance2-rep4,Autocluster,0.6120116325582882,0.994335694573228,0.5037382943862643,8.7,4.96,5.0,4000.0
64,dim50-clusters21-instances500-overlap1e-06-1e-05-aspectref3-aspectmaxmin1-radius3-imbalance2-rep3,Autocluster,0.2652705563374852,0.0373035189909205,1.717911862647922,3.595,4.125,50.0,500.0
65,dim51-clusters15-instances2000-overlap1e-06-1e-05-aspectref1.5-aspectmaxmin3-radius3-imbalance2-rep2,Autocluster,0.2511578708095793,0.09968919213210681,1.6386461284374663,20.345000000000002,4.155,51.0,2000.0
66,dim51-clusters18-instances200-overlap1e-06-1e-05-aspectref3-aspectmaxmin3-radius5-imbalance1-rep3,Autocluster,0.1483134428851817,0.8100317436317763,1.649650312941624,1.92,4.135,51.0,200.0
67,dim51-clusters20-instances400-overlap1e-06-1e-05-aspectref1.5-aspectmaxmin1-radius1-imbalance2-rep4,Autocluster,0.2525316254027795,0.4334650526093465,0.9895233555550396,2.385,4.109999999999999,51.0,400.0
68,dim52-clusters19-instances450-overlap1e-06-1e-05-aspectref1.5-aspectmaxmin1-radius5-imbalance2-rep3,Autocluster,0.1541625985501992,0.6371708866008685,1.6955591234539598,3.2350000000000003,3.9699999999999998,52.0,450.0
69,dim52-clusters2-instances200-overlap1e-06-1e-05-aspectref3-aspectmaxmin3-radius5-imbalance1-rep2,Autocluster,0.3039917861588075,0.5170518833075938,2.882878396506125,0.7,6.71,52.0,200.0
70,dim52-clusters20-instances2250-overlap1e-06-1e-05-aspectref1.5-aspectmaxmin3-radius1-imbalance1-rep4,Autocluster,0.19130983472898128,0.8160269366673274,1.6207765359076602,15.86,4.140000000000001,52.0,2250.0
71,dim52-clusters20-instances450-overlap1e-06-1e-05-aspectref1.5-aspectmaxmin3-radius5-imbalance2-rep4,Autocluster,0.1810102439472323,0.0687553456478958,2.185999920105476,0.7,4.16,52.0,450.0
72,dim52-clusters7-instances300-overlap1e-06-1e-05-aspectref3-aspectmaxmin1-radius5-imbalance2-rep3,Autocluster,0.16506002963071797,0.19680176255280973,2.0448676900894274,1.34,5.300000000000001,52.0,300.0
73,dim53-clusters11-instances1500-overlap1e-06-1e-05-aspectref3-aspectmaxmin1-radius5-imbalance1-rep2,Autocluster,0.20108737853117825,0.4197842212429868,2.0960180321289923,18.77,3.6,53.0,1500.0
74,dim53-clusters13-instances4500-overlap1e-06-1e-05-aspectref3-aspectmaxmin3-radius1-imbalance2-rep2,Autocluster,0.253375526595447,0.5108603701233836,1.68284350581745,30.03,4.245,53.0,4500.0
75,dim53-clusters15-instances2000-overlap1e-06-1e-05-aspectref1.5-aspectmaxmin1-radius3-imbalance1-rep3,Autocluster,0.2614662701649717,0.4539634803557823,1.636874412219638,22.825,3.66,53.0,2000.0
76,dim53-clusters19-instances4500-overlap1e-06-1e-05-aspectref3-aspectmaxmin3-radius5-imbalance1-rep2,Autocluster,0.32723461105860957,0.0617241635347691,1.8147726146045575,27.79,3.77,53.0,4500.0
77,dim53-clusters20-instances350-overlap1e-06-1e-05-aspectref1.5-aspectmaxmin1-radius3-imbalance2-rep1,Autocluster,0.2512493257715696,0.0760462345797632,1.5744875002745617,2.085,3.71,53.0,350.0
78,dim53-clusters4-instances3000-overlap1e-06-1e-05-aspectref1.5-aspectmaxmin1-radius5-imbalance1-rep3,Autocluster,0.22228503865738491,0.5210116991203422,1.685188493717687,11.6,4.945,53.0,3000.0
79,dim54-clusters11-instances1750-overlap1e-06-1e-05-aspectref1.5-aspectmaxmin3-radius1-imbalance1-rep3,Autocluster,0.22603433712238746,0.7623468663339894,1.7235277785672825,14.165000000000001,3.76,54.0,1750.0
80,dim54-clusters13-instances1750-overlap1e-06-1e-05-aspectref1.5-aspectmaxmin3-radius1-imbalance1-rep1,Autocluster,0.23932209531346338,0.5037754550406839,1.8256936622149524,7.42,3.5,54.0,1750.0
81,dim54-clusters18-instances2250-overlap1e-06-1e-05-aspectref3-aspectmaxmin1-radius5-imbalance1-rep4,Autocluster,0.2737565490787557,0.0307927182024856,1.228007006954594,20.965,3.635,54.0,2250.0
82,dim54-clusters18-instances3000-overlap1e-06-1e-05-aspectref3-aspectmaxmin3-radius3-imbalance2-rep3,Autocluster,0.22418675631415508,0.5155525522969602,1.9033381999340966,19.77,4.285,54.0,3000.0
83,dim54-clusters18-instances3000-overlap1e-06-1e-05-aspectref3-aspectmaxmin3-radius5-imbalance1-rep4,Autocluster,0.10185152100034935,0.4045582387749349,2.146943761417776,19.845,3.405,54.0,3000.0
84,dim54-clusters2-instances200-overlap1e-06-1e-05-aspectref1.5-aspectmaxmin3-radius3-imbalance2-rep2,Autocluster,0.18150095126592905,0.30963780477060143,3.527050650910377,2.2800000000000002,3.7300000000000004,54.0,200.0
85,dim54-clusters8-instances200-overlap1e-06-1e-05-aspectref1.5-aspectmaxmin3-radius3-imbalance2-rep3,Autocluster,0.1942121115029962,0.6446887962871828,1.655901996316671,1.04,4.3149999999999995,54.0,200.0
86,dim70-clusters13-instances4500-overlap1e-06-1e-05-aspectref3-aspectmaxmin1-radius5-imbalance2-rep1,Autocluster,0.33358216003338975,0.029386322993283198,1.1183982243526303,20.535,3.405,70.0,4500.0
87,dim70-clusters15-instances400-overlap1e-06-1e-05-aspectref3-aspectmaxmin3-radius3-imbalance1-rep1,Autocluster,0.34308155787877564,0.0539592412601044,1.6588137198312016,0.505,3.92,70.0,400.0
88,dim70-clusters19-instances3500-overlap1e-06-1e-05-aspectref3-aspectmaxmin1-radius5-imbalance1-rep2,Autocluster,0.0658288009107541,0.5851319291759632,2.424395995328229,42.83,3.8600000000000003,70.0,3500.0
89,dim70-clusters21-instances4000-overlap1e-06-1e-05-aspectref1.5-aspectmaxmin1-radius1-imbalance1-rep4,Autocluster,0.34417945044377807,0.0337107427522957,1.0411277874989293,27.720000000000002,4.1,70.0,4000.0
90,dim71-clusters11-instances2250-overlap1e-06-1e-05-aspectref3-aspectmaxmin3-radius1-imbalance1-rep1,Autocluster,0.20306977573271656,0.453500443197506,1.8493760098192935,23.305,3.865,71.0,2250.0
91,dim71-clusters19-instances600-overlap1e-06-1e-05-aspectref3-aspectmaxmin3-radius1-imbalance1-rep1,Autocluster,0.038935354061573745,0.5240823475902899,1.4787142916786151,4.07,3.7750000000000004,71.0,600.0
92,dim71-clusters2-instances2000-overlap1e-06-1e-05-aspectref1.5-aspectmaxmin3-radius5-imbalance1-rep2,Autocluster,0.2960983994708344,1.0,2.03703556507616,15.37,3.91,71.0,2000.0
93,dim71-clusters5-instances2250-overlap1e-06-1e-05-aspectref1.5-aspectmaxmin1-radius1-imbalance2-rep1,Autocluster,0.14785410338116028,0.537669777264386,2.2600980275504243,10.885,2.96,71.0,2250.0
94,dim71-clusters6-instances2500-overlap1e-06-1e-05-aspectref3-aspectmaxmin1-radius3-imbalance2-rep2,Autocluster,0.26916683501067096,0.16967613235358964,4.819464256536649,16.6,3.7,71.0,2500.0
95,dim71-clusters7-instances2500-overlap1e-06-1e-05-aspectref1.5-aspectmaxmin3-radius1-imbalance1-rep2,Autocluster,0.1868423695262043,0.9238960555746656,1.9670116752304878,20.585,3.885,71.0,2500.0
96,dim99-clusters10-instances200-overlap1e-06-1e-05-aspectref3-aspectmaxmin3-radius3-imbalance2-rep3,Autocluster,0.1694530959093164,0.1274548207255562,3.514138585061043,4.21,4.07,99.0,200.0
97,dim99-clusters10-instances3500-overlap1e-06-1e-05-aspectref3-aspectmaxmin3-radius3-imbalance2-rep1,Autocluster,0.15996332534732044,0.34283244223842796,2.1888971881601713,37.540000000000006,3.825,99.0,3500.0
98,dim99-clusters15-instances450-overlap1e-06-1e-05-aspectref3-aspectmaxmin3-radius1-imbalance2-rep3,Autocluster,0.0795828453745677,0.10251135981539494,1.214853599941179,4.1499999999999995,4.085,99.0,450.0
99,dim99-clusters18-instances1750-overlap1e-06-1e-05-aspectref1.5-aspectmaxmin3-radius3-imbalance1-rep1,Autocluster,0.17607393132727867,0.03559614333721085,2.623427257995272,20.875,3.82,99.0,1750.0
100,dim10-clusters2-instances1500-overlap1e-06-1e-05-aspectref1.5-aspectmaxmin1-radius5-imbalance1-rep11,cSmartML,-0.03521805187000701,0.4062432583747095,1.4211326207508463,10.870000000000001,4.06,10.0,1500.0
101,dim10-clusters2-instances2000-overlap1e-06-1e-05-aspectref5-aspectmaxmin1-radius1-imbalance1-rep11,cSmartML,0.4312110018866473,1.0,0.980603036867374,3.66,4.67,10.0,2000.0
102,dim10-clusters2-instances3500-overlap1e-06-1e-05-aspectref1.5-aspectmaxmin3-radius1-imbalance2-rep1,cSmartML,0.372530898435691,0.8107532604442063,1.648232844683753,46.38,3.64,10.0,3500.0
103,dim10-clusters2-instances400-overlap1e-06-1e-05-aspectref1.5-aspectmaxmin1-radius1-imbalance1-rep4,cSmartML,0.5372582240390193,1.0,0.7262835452686253,0.84,9.455,10.0,400.0
104,dim10-clusters2-instances4500-overlap1e-06-1e-05-aspectref1.5-aspectmaxmin3-radius3-imbalance1-rep3,cSmartML,0.5029924831222033,0.884644396459876,1.5988474164643096,80.28999999999999,5.225,10.0,4500.0
105,dim10-clusters2-instances4500-overlap1e-06-1e-05-aspectref5-aspectmaxmin1-radius1-imbalance1-rep11,cSmartML,-0.1723093060362981,0.1790883746239945,1.5288569593766437,193.45,4.2,10.0,4500.0
106,dim10-clusters3-instances350-overlap1e-06-1e-05-aspectref3-aspectmaxmin1-radius3-imbalance2-rep4,cSmartML,0.1513023961213452,-0.0030182198626997,0.6311827235471386,3.21,4.67,10.0,350.0
107,dim10-clusters3-instances3500-overlap1e-06-1e-05-aspectref5-aspectmaxmin1-radius5-imbalance2-rep11,cSmartML,-0.4093082871589479,0.0034058860691972,1.523874909784599,45.69,3.49,10.0,3500.0
108,dim10-clusters4-instances400-overlap1e-06-1e-05-aspectref5-aspectmaxmin5-radius1-imbalance2-rep11,cSmartML,0.3586420340168804,0.4920913694441583,1.0461511989221832,0.84,7.365,10.0,400.0
109,dim10-clusters4-instances450-overlap1e-06-1e-05-aspectref3-aspectmaxmin1-radius3-imbalance1-rep2,cSmartML,0.2441303473607721,0.5396978104609391,1.334376155571732,1.855,3.8,10.0,450.0
110,dim11-clusters10-instances200-overlap1e-06-1e-05-aspectref5-aspectmaxmin1-radius3-imbalance1-rep11,cSmartML,0.4469458862259681,0.04556322578994805,0.6031685864620201,0.855,9.625,11.0,200.0
111,dim11-clusters10-instances2500-overlap1e-06-1e-05-aspectref5-aspectmaxmin1-radius1-imbalance2-rep11,cSmartML,0.0486613986260296,0.03142378244176788,0.8529958011100317,9.26,10.475000000000001,11.0,2500.0
112,dim11-clusters11-instances2000-overlap1e-06-1e-05-aspectref3-aspectmaxmin3-radius3-imbalance1-rep4,cSmartML,0.2925602219712552,0.0869790541182694,0.9571678032928528,2.2,8.4,11.0,2000.0
113,dim11-clusters11-instances2500-overlap1e-06-1e-05-aspectref1.5-aspectmaxmin3-radius3-imbalance2-rep2,cSmartML,0.2374376141781407,0.1737029193343188,1.5568552112524712,16.005,10.715,11.0,2500.0
114,dim11-clusters12-instances200-overlap1e-06-1e-05-aspectref1.5-aspectmaxmin1-radius1-imbalance1-rep11,cSmartML,0.22383714522639853,0.19271318215906155,1.6244769277438897,1.565,3.8949999999999996,11.0,200.0
115,dim11-clusters12-instances2500-overlap1e-06-1e-05-aspectref5-aspectmaxmin5-radius3-imbalance1-rep11,cSmartML,0.3496795263069799,0.1576942040774152,1.2096262914342062,33.3,9.65,11.0,2500.0
116,dim11-clusters12-instances300-overlap1e-06-1e-05-aspectref1.5-aspectmaxmin1-radius1-imbalance1-rep11,cSmartML,0.1326964902910296,0.3825842069097379,0.7574142527155306,3.35,9.149999999999999,11.0,300.0
117,dim11-clusters12-instances400-overlap1e-06-1e-05-aspectref3-aspectmaxmin3-radius3-imbalance2-rep1,cSmartML,0.43463435982379817,0.48312455959153494,0.939587693777814,1.865,6.819999999999999,11.0,400.0
118,dim11-clusters13-instances2500-overlap1e-06-1e-05-aspectref5-aspectmaxmin1-radius3-imbalance1-rep11,cSmartML,-0.08019714361721784,0.05838802504626115,1.6877191760124983,2.19,9.434999999999999,11.0,2500.0
119,dim11-clusters13-instances3500-overlap1e-06-1e-05-aspectref5-aspectmaxmin1-radius1-imbalance1-rep11,cSmartML,0.18638585332637,0.2325913953469283,1.877287453248303,47.46,9.15,11.0,3500.0
120,dim18-clusters4-instances2000-overlap1e-06-1e-05-aspectref5-aspectmaxmin1-radius5-imbalance1-rep11,cSmartML,0.2302253593277379,0.6337005813192969,1.8798581697346166,1.7149999999999999,7.215,18.0,2000.0
121,dim18-clusters4-instances2250-overlap1e-06-1e-05-aspectref1.5-aspectmaxmin5-radius1-imbalance1-rep11,cSmartML,0.1374254203613395,0.3526066724269688,0.8239351945059139,18.380000000000003,7.130000000000001,18.0,2250.0
122,dim18-clusters4-instances2500-overlap1e-06-1e-05-aspectref1.5-aspectmaxmin1-radius5-imbalance1-rep11,cSmartML,0.0376217123662108,0.0809955512683383,1.0291671319103988,5.64,4.87,18.0,2500.0
123,dim18-clusters4-instances4000-overlap1e-06-1e-05-aspectref1.5-aspectmaxmin3-radius3-imbalance2-rep2,cSmartML,0.060799913403197056,0.3296973026886846,1.6050410805007682,22.155,11.285,18.0,4000.0
124,dim18-clusters4-instances500-overlap1e-06-1e-05-aspectref5-aspectmaxmin5-radius5-imbalance1-rep11,cSmartML,0.3649626474405818,0.5970212162146069,2.0335253017993375,4.775,8.780000000000001,18.0,500.0
125,dim18-clusters5-instances1500-overlap1e-06-1e-05-aspectref5-aspectmaxmin5-radius5-imbalance2-rep11,cSmartML,0.2596962360279832,0.07358014628309605,1.176672323783705,55.8,7.1,18.0,1500.0
126,dim18-clusters5-instances200-overlap1e-06-1e-05-aspectref1.5-aspectmaxmin3-radius5-imbalance1-rep4,cSmartML,0.06702078806028865,0.10708109595167825,0.7471872476118981,0.8099999999999999,9.32,18.0,200.0
127,dim18-clusters5-instances2500-overlap1e-06-1e-05-aspectref1.5-aspectmaxmin1-radius1-imbalance1-rep4,cSmartML,0.1638349324528971,0.385070123653277,2.3099596231410784,16.075,4.545,18.0,2500.0
128,dim18-clusters5-instances550-overlap1e-06-1e-05-aspectref1.5-aspectmaxmin1-radius5-imbalance1-rep11,cSmartML,0.23256882866867296,0.4704625072372271,1.50232747302644,2.42,6.91,18.0,550.0
129,dim2-clusters14-instances1500-overlap1e-06-1e-05-aspectref1.5-aspectmaxmin1-radius3-imbalance2-rep11,cSmartML,0.1741020123706992,0.4966963786407721,1.0773366063528567,6.09,6.79,2.0,1500.0
130,dim2-clusters14-instances2500-overlap1e-06-1e-05-aspectref5-aspectmaxmin5-radius3-imbalance1-rep11,cSmartML,0.39043890438275625,0.43913746725635755,0.8128070398681995,21.189999999999998,3.3899999999999997,2.0,2500.0
131,dim2-clusters14-instances3500-overlap1e-06-1e-05-aspectref1.5-aspectmaxmin3-radius1-imbalance2-rep1,cSmartML,0.41975773164577845,0.41849683352923217,1.2207356873608062,52.235,3.445,2.0,3500.0
132,dim2-clusters14-instances4000-overlap1e-06-1e-05-aspectref1.5-aspectmaxmin1-radius5-imbalance2-rep11,cSmartML,0.15303291735086566,0.4859102132011957,1.0744115529141838,35.43,5.84,2.0,4000.0
133,dim2-clusters15-instances200-overlap1e-06-1e-05-aspectref3-aspectmaxmin3-radius5-imbalance1-rep1,cSmartML,0.4665064275227339,0.5379832783327936,0.5579025021900457,1.94,2.55,2.0,200.0
134,dim2-clusters15-instances3500-overlap1e-06-1e-05-aspectref1.5-aspectmaxmin1-radius5-imbalance2-rep11,cSmartML,0.597225543712449,0.8750121079994715,2.6550270983090947,8.23,4.24,2.0,3500.0
135,dim2-clusters16-instances1750-overlap1e-06-1e-05-aspectref3-aspectmaxmin3-radius3-imbalance2-rep1,cSmartML,0.5118150635092626,0.5429906697542151,0.5488594136055024,9.73,5.175,2.0,1750.0
136,dim2-clusters16-instances600-overlap1e-06-1e-05-aspectref5-aspectmaxmin1-radius3-imbalance2-rep11,cSmartML,0.0148645957400921,0.1040624263537065,1.3554114663354009,1.3,10.99,2.0,600.0
137,dim2-clusters3-instances2000-overlap1e-06-1e-05-aspectref5-aspectmaxmin1-radius1-imbalance1-rep11,cSmartML,0.4824771562920517,0.4230576794652111,3.7384861515369856,15.42,1.86,2.0,2000.0
138,dim2-clusters3-instances4000-overlap1e-06-1e-05-aspectref5-aspectmaxmin5-radius5-imbalance1-rep11,cSmartML,0.123877344176866,0.7912799042731093,1.409788659216433,65.44,3.13,2.0,4000.0
139,dim2-clusters4-instances2750-overlap1e-06-1e-05-aspectref5-aspectmaxmin1-radius5-imbalance2-rep11,cSmartML,0.5579324226713211,0.6347076122910038,0.6850967696212491,26.515,5.114999999999999,2.0,2750.0
140,dim2-clusters4-instances550-overlap1e-06-1e-05-aspectref1.5-aspectmaxmin1-radius3-imbalance1-rep4,cSmartML,0.22571910816808485,0.5102292052086966,0.7321718202532048,2.49,9.225,2.0,550.0
141,dim2-clusters5-instances4500-overlap1e-06-1e-05-aspectref1.5-aspectmaxmin1-radius5-imbalance2-rep11,cSmartML,0.6710614068609599,0.830964254996295,0.46034720910063054,31.385,3.41,2.0,4500.0
142,dim2-clusters6-instances1750-overlap1e-06-1e-05-aspectref1.5-aspectmaxmin1-radius5-imbalance2-rep11,cSmartML,0.5945526427922234,0.7703562671815292,0.6534552339354123,11.795,7.245,2.0,1750.0
143,dim2-clusters6-instances3000-overlap1e-06-1e-05-aspectref5-aspectmaxmin5-radius1-imbalance2-rep11,cSmartML,0.5210107765749619,0.7573524166831906,0.7034050658684284,20.505000000000003,3.865,2.0,3000.0
144,dim3-clusters3-instances1750-overlap1e-06-1e-05-aspectref1.5-aspectmaxmin5-radius3-imbalance2-rep11,cSmartML,0.43934906228032655,0.496017164492191,0.5821466659143524,5.76,8.78,3.0,1750.0
145,dim3-clusters3-instances1750-overlap1e-06-1e-05-aspectref3-aspectmaxmin1-radius5-imbalance1-rep1,cSmartML,0.22276313769605924,0.5714446613332037,1.7579810198104293,7.475,9.125,3.0,1750.0
146,dim3-clusters3-instances200-overlap1e-06-1e-05-aspectref3-aspectmaxmin1-radius5-imbalance1-rep4,cSmartML,0.3606817326932664,0.4691681292783441,0.9979919854904573,0.7999999999999999,9.370000000000001,3.0,200.0
147,dim3-clusters3-instances2000-overlap1e-06-1e-05-aspectref1.5-aspectmaxmin5-radius3-imbalance1-rep11,cSmartML,0.44480861955653594,0.5148595247601375,0.6024596980092874,38.754999999999995,4.82,3.0,2000.0
148,dim3-clusters3-instances300-overlap1e-06-1e-05-aspectref5-aspectmaxmin5-radius5-imbalance1-rep11,cSmartML,0.3899936456041275,0.4754544934153593,0.8933847973432003,1.59,3.87,3.0,300.0
149,dim3-clusters3-instances3000-overlap1e-06-1e-05-aspectref5-aspectmaxmin1-radius3-imbalance2-rep11,cSmartML,0.3836290971033914,0.4813109960025218,0.8371259196756315,28.47,3.6900000000000004,3.0,3000.0
150,dim3-clusters4-instances300-overlap1e-06-1e-05-aspectref3-aspectmaxmin3-radius5-imbalance1-rep2,cSmartML,0.2968802498559813,0.5612865601347788,2.0564723584068045,6.4350000000000005,5.58,3.0,300.0
151,dim3-clusters4-instances350-overlap1e-06-1e-05-aspectref5-aspectmaxmin1-radius3-imbalance1-rep11,cSmartML,0.6356498226605627,1.0,0.5126329880972404,6.444999999999999,5.0,3.0,350.0
152,dim5-clusters2-instances2750-overlap1e-06-1e-05-aspectref5-aspectmaxmin5-radius3-imbalance1-rep11,cSmartML,0.09586334556841716,0.11350055590786065,1.2605594555344841,13.205,7.835000000000001,5.0,2750.0
153,dim5-clusters2-instances3000-overlap1e-06-1e-05-aspectref3-aspectmaxmin1-radius3-imbalance2-rep1,cSmartML,0.3295696566199332,0.3856887533922423,1.5986889709067758,3.13,4.92,5.0,3000.0
154,dim5-clusters2-instances3000-overlap1e-06-1e-05-aspectref5-aspectmaxmin5-radius3-imbalance2-rep11,cSmartML,-0.5985299685183755,-0.0587075612342076,1.4339229494466377,3.23,4.92,5.0,3000.0
155,dim5-clusters2-instances4000-overlap1e-06-1e-05-aspectref1.5-aspectmaxmin1-radius3-imbalance1-rep11,cSmartML,0.37736163299076,0.5086455612964504,0.6932977218668083,28.47,7.735,5.0,4000.0
156,dim5-clusters2-instances4500-overlap1e-06-1e-05-aspectref1.5-aspectmaxmin5-radius5-imbalance1-rep11,cSmartML,0.3561935258575064,0.8606428489852487,2.2165312390462466,53.175,5.720000000000001,5.0,4500.0
157,dim5-clusters3-instances1500-overlap1e-06-1e-05-aspectref1.5-aspectmaxmin1-radius1-imbalance2-rep3,cSmartML,0.2613067511484732,0.46149057768451457,0.8822349240501298,12.235,6.56,5.0,1500.0
158,dim5-clusters3-instances200-overlap1e-06-1e-05-aspectref5-aspectmaxmin1-radius3-imbalance1-rep11,cSmartML,0.25400753860615227,0.5001020199959192,0.49821711040876826,7.11,5.575,5.0,200.0
159,dim5-clusters3-instances350-overlap1e-06-1e-05-aspectref1.5-aspectmaxmin5-radius3-imbalance1-rep11,cSmartML,0.27398795775545226,0.554003430958174,0.9210273191286807,0.875,3.9850000000000003,5.0,350.0
160,dim5-clusters3-instances4000-overlap1e-06-1e-05-aspectref1.5-aspectmaxmin1-radius3-imbalance2-rep4,cSmartML,0.3729738751027282,0.5468447885429354,0.9947146086988461,28.66,9.455,5.0,4000.0
161,dim50-clusters21-instances500-overlap1e-06-1e-05-aspectref3-aspectmaxmin1-radius3-imbalance2-rep3,cSmartML,0.3264255096593287,0.0205078671281955,1.2271291763923768,1.75,9.18,50.0,500.0
162,dim51-clusters15-instances2000-overlap1e-06-1e-05-aspectref1.5-aspectmaxmin3-radius3-imbalance2-rep2,cSmartML,0.0444277534229681,0.2894843833209881,2.037264456103375,1.96,3.47,51.0,2000.0
163,dim51-clusters18-instances200-overlap1e-06-1e-05-aspectref3-aspectmaxmin3-radius5-imbalance1-rep3,cSmartML,0.22986786984884805,0.021933874629092198,0.9675478912561521,1.415,5.73,51.0,200.0
164,dim51-clusters20-instances400-overlap1e-06-1e-05-aspectref1.5-aspectmaxmin1-radius1-imbalance2-rep4,cSmartML,0.0718088509425483,0.3230864898520439,2.2219804186932883,4.51,10.22,51.0,400.0
165,dim52-clusters19-instances450-overlap1e-06-1e-05-aspectref1.5-aspectmaxmin1-radius5-imbalance2-rep3,cSmartML,-0.0032857119202899,0.5790554715732502,1.737157833898553,4.5,11.64,52.0,450.0
166,dim52-clusters2-instances200-overlap1e-06-1e-05-aspectref3-aspectmaxmin3-radius5-imbalance1-rep2,cSmartML,0.14375575982464947,0.5000507588189641,1.3097546347702793,1.25,7.459999999999999,52.0,200.0
167,dim52-clusters20-instances2250-overlap1e-06-1e-05-aspectref1.5-aspectmaxmin3-radius1-imbalance1-rep4,cSmartML,0.14139945853119845,0.06865360398167275,1.732677059192051,13.695,8.485,52.0,2250.0
168,dim53-clusters11-instances1500-overlap1e-06-1e-05-aspectref3-aspectmaxmin1-radius5-imbalance1-rep2,cSmartML,0.11797417490553931,0.1134016172686278,1.8221961863998,4.5,10.22,53.0,1500.0
169,dim53-clusters13-instances4500-overlap1e-06-1e-05-aspectref3-aspectmaxmin3-radius1-imbalance2-rep2,cSmartML,0.2429751296774898,0.2698342948925069,1.663505541808105,15.255,6.6899999999999995,53.0,4500.0
170,dim53-clusters15-instances2000-overlap1e-06-1e-05-aspectref1.5-aspectmaxmin1-radius3-imbalance1-rep3,cSmartML,0.2252226982696835,0.0995325389119364,1.9037173725782592,18.78,4.24,53.0,2000.0
171,dim53-clusters19-instances4500-overlap1e-06-1e-05-aspectref3-aspectmaxmin3-radius5-imbalance1-rep2,cSmartML,0.3760335535539513,0.0414188309771181,1.238259730509536,39.83,3.9,53.0,4500.0
172,dim53-clusters20-instances350-overlap1e-06-1e-05-aspectref1.5-aspectmaxmin1-radius3-imbalance2-rep1,cSmartML,0.2028262231105855,0.0656649969823864,1.5916752907985587,0.43500000000000005,6.1850000000000005,53.0,350.0
173,dim54-clusters11-instances1750-overlap1e-06-1e-05-aspectref1.5-aspectmaxmin3-radius1-imbalance1-rep3,cSmartML,0.2216892947956256,0.2553729093903385,1.7314897939592937,6.15,4.13,54.0,1750.0
174,dim54-clusters13-instances1750-overlap1e-06-1e-05-aspectref1.5-aspectmaxmin3-radius1-imbalance1-rep1,cSmartML,0.2513412405531399,0.0958260973610686,1.2645670211350957,12.14,8.39,54.0,1750.0
175,dim54-clusters18-instances2250-overlap1e-06-1e-05-aspectref3-aspectmaxmin1-radius5-imbalance1-rep4,cSmartML,0.0787595975769219,0.3839668531775902,1.6763612319225865,13.36,5.21,54.0,2250.0
176,dim54-clusters18-instances3000-overlap1e-06-1e-05-aspectref3-aspectmaxmin3-radius3-imbalance2-rep3,cSmartML,0.23453998782334895,0.4605872433115183,1.831555528606804,4.3950000000000005,3.915,54.0,3000.0
177,dim54-clusters18-instances3000-overlap1e-06-1e-05-aspectref3-aspectmaxmin3-radius5-imbalance1-rep4,cSmartML,0.1203781909579804,0.5244717261422726,1.38072749892997,8.35,4.89,54.0,3000.0
178,dim54-clusters8-instances200-overlap1e-06-1e-05-aspectref1.5-aspectmaxmin3-radius3-imbalance2-rep3,cSmartML,0.0076292205657808,0.5504394645657453,1.9543503744793365,2.39,9.27,54.0,200.0
179,dim70-clusters13-instances4500-overlap1e-06-1e-05-aspectref3-aspectmaxmin1-radius5-imbalance2-rep1,cSmartML,0.2654134200086273,0.0653206376980633,1.2819357621765048,45.885,10.74,70.0,4500.0
180,dim70-clusters15-instances400-overlap1e-06-1e-05-aspectref3-aspectmaxmin3-radius3-imbalance1-rep1,cSmartML,0.21910404263768596,0.209618364963483,1.9170253710666592,5.01,1.4049999999999998,70.0,400.0
181,dim70-clusters21-instances4000-overlap1e-06-1e-05-aspectref1.5-aspectmaxmin1-radius1-imbalance1-rep4,cSmartML,0.3071155226578778,0.0469697598556999,1.1305893316920326,40.03,9.74,70.0,4000.0
182,dim71-clusters11-instances2250-overlap1e-06-1e-05-aspectref3-aspectmaxmin3-radius1-imbalance1-rep1,cSmartML,0.1549185804562307,0.2137862544203648,1.8953081252001984,4.73,3.5,71.0,2250.0
183,dim71-clusters19-instances600-overlap1e-06-1e-05-aspectref3-aspectmaxmin3-radius1-imbalance1-rep1,cSmartML,0.2055762295423404,0.0568364212284092,1.517230648101983,1.175,7.3,71.0,600.0
184,dim71-clusters2-instances2000-overlap1e-06-1e-05-aspectref1.5-aspectmaxmin3-radius5-imbalance1-rep2,cSmartML,0.3657935261272746,0.5008227286684325,1.2554612630035942,22.76,5.77,71.0,2000.0
185,dim71-clusters5-instances2250-overlap1e-06-1e-05-aspectref1.5-aspectmaxmin1-radius1-imbalance2-rep1,cSmartML,0.151051428661281,0.6172268988397802,2.2330993718545837,26.95,5.45,71.0,2250.0
186,dim71-clusters7-instances2500-overlap1e-06-1e-05-aspectref1.5-aspectmaxmin3-radius1-imbalance1-rep2,cSmartML,0.1598260278385633,0.2385825610242994,1.8517811005177516,3.275,5.735,71.0,2500.0
187,dim99-clusters10-instances200-overlap1e-06-1e-05-aspectref3-aspectmaxmin3-radius3-imbalance2-rep3,cSmartML,-0.02106187491745495,0.08271048897783939,1.2669948320903497,1.25,9.335,99.0,200.0
188,dim99-clusters10-instances3500-overlap1e-06-1e-05-aspectref3-aspectmaxmin3-radius3-imbalance2-rep1,cSmartML,0.0462659473675405,0.9980497713912804,2.5447131445636524,9.39,7.08,99.0,3500.0
189,dim99-clusters15-instances450-overlap1e-06-1e-05-aspectref3-aspectmaxmin3-radius1-imbalance2-rep3,cSmartML,0.12846822995659116,0.11754158390370675,2.162723382725421,3.6049999999999995,9.775,99.0,450.0
190,dim99-clusters18-instances1750-overlap1e-06-1e-05-aspectref1.5-aspectmaxmin3-radius3-imbalance1-rep1,cSmartML,-0.0815440200225689,0.0546467894928211,2.354629367400274,132.14,3.38,99.0,1750.0
191,dim10-clusters2-instances1500-overlap1e-06-1e-05-aspectref1.5-aspectmaxmin1-radius5-imbalance1-rep11,AutoML4Clust,0.3091215145659427,0.5362758289320678,1.2318908036814455,0.1795,5.51,10.0,1500.0
192,dim10-clusters2-instances2000-overlap1e-06-1e-05-aspectref5-aspectmaxmin1-radius1-imbalance1-rep11,AutoML4Clust,0.4312110018866473,1.0,0.980603036867374,0.22649999999999998,5.51,10.0,2000.0
193,dim10-clusters2-instances3500-overlap1e-06-1e-05-aspectref1.5-aspectmaxmin3-radius1-imbalance2-rep1,AutoML4Clust,0.07346360051182485,0.005112456099769,1.6644860202656049,0.53,5.535,10.0,3500.0
194,dim10-clusters2-instances400-overlap1e-06-1e-05-aspectref1.5-aspectmaxmin1-radius1-imbalance1-rep4,AutoML4Clust,0.31140807473788346,0.533923288791073,1.283915157374223,0.152,5.49,10.0,400.0
195,dim10-clusters2-instances4500-overlap1e-06-1e-05-aspectref1.5-aspectmaxmin3-radius3-imbalance1-rep3,AutoML4Clust,0.32472789312051775,0.5040319885863658,1.116010256455798,0.39249999999999996,5.04,10.0,4500.0
196,dim10-clusters2-instances4500-overlap1e-06-1e-05-aspectref5-aspectmaxmin1-radius1-imbalance1-rep11,AutoML4Clust,0.25024923246535224,0.5025909586361617,1.3225456309640018,0.5725,5.475,10.0,4500.0
197,dim10-clusters3-instances350-overlap1e-06-1e-05-aspectref3-aspectmaxmin1-radius3-imbalance2-rep4,AutoML4Clust,0.42652448945309784,0.8510171744286049,0.9576666696977233,0.1405,5.53,10.0,350.0
198,dim10-clusters3-instances3500-overlap1e-06-1e-05-aspectref5-aspectmaxmin1-radius5-imbalance2-rep11,AutoML4Clust,0.35360542640142945,0.636797945017832,1.6835357700947744,0.434,5.53,10.0,3500.0
199,dim10-clusters4-instances400-overlap1e-06-1e-05-aspectref5-aspectmaxmin5-radius1-imbalance2-rep11,AutoML4Clust,0.3858540218507571,0.9265088072644265,1.0582341644857878,0.11499999999999999,5.470000000000001,10.0,400.0
200,dim10-clusters4-instances450-overlap1e-06-1e-05-aspectref3-aspectmaxmin1-radius3-imbalance1-rep2,AutoML4Clust,0.5023055889593162,1.0,0.8237052506340488,0.1235,5.51,10.0,450.0
201,dim11-clusters10-instances200-overlap1e-06-1e-05-aspectref5-aspectmaxmin1-radius3-imbalance1-rep11,AutoML4Clust,0.337885240373412,0.0846705311194811,1.1977329927458142,0.151,5.470000000000001,11.0,200.0
202,dim11-clusters10-instances2500-overlap1e-06-1e-05-aspectref5-aspectmaxmin1-radius1-imbalance2-rep11,AutoML4Clust,0.27631982422469487,0.6410981853018971,1.4376781588909209,0.27149999999999996,5.335,11.0,2500.0
203,dim11-clusters10-instances3500-overlap1e-06-1e-05-aspectref1.5-aspectmaxmin5-radius3-imbalance2-rep11,AutoML4Clust,0.3040526352780789,0.6604285340138647,1.367775419443738,0.4195,5.465,11.0,3500.0
204,dim11-clusters11-instances2000-overlap1e-06-1e-05-aspectref3-aspectmaxmin3-radius3-imbalance1-rep4,AutoML4Clust,0.3870190718132136,0.4690538526986598,1.0784361403373226,0.1775,5.505000000000001,11.0,2000.0
205,dim11-clusters11-instances2500-overlap1e-06-1e-05-aspectref1.5-aspectmaxmin3-radius3-imbalance2-rep2,AutoML4Clust,0.5064774100333448,0.9436898315027068,0.7725482840398168,0.365,5.265,11.0,2500.0
206,dim11-clusters12-instances200-overlap1e-06-1e-05-aspectref1.5-aspectmaxmin1-radius1-imbalance1-rep11,AutoML4Clust,0.46723526633632506,0.9062202847635976,0.861601321409769,0.1305,5.515000000000001,11.0,200.0
207,dim11-clusters12-instances2500-overlap1e-06-1e-05-aspectref5-aspectmaxmin5-radius3-imbalance1-rep11,AutoML4Clust,0.4572112221279418,0.9223858152356463,1.0039060912753173,0.4835,5.365,11.0,2500.0
208,dim11-clusters12-instances300-overlap1e-06-1e-05-aspectref1.5-aspectmaxmin1-radius1-imbalance1-rep11,AutoML4Clust,0.4107849012184685,0.916189584053908,1.2157627941766256,0.1065,5.140000000000001,11.0,300.0
209,dim11-clusters12-instances400-overlap1e-06-1e-05-aspectref3-aspectmaxmin3-radius3-imbalance2-rep1,AutoML4Clust,0.47642232022365427,0.9062806618513399,0.9062700838763417,0.10300000000000001,5.484999999999999,11.0,400.0
210,dim11-clusters13-instances2500-overlap1e-06-1e-05-aspectref5-aspectmaxmin1-radius3-imbalance1-rep11,AutoML4Clust,0.4022116956982873,0.7832868924516596,1.1110989401546858,0.23149999999999998,5.34,11.0,2500.0
211,dim11-clusters13-instances3500-overlap1e-06-1e-05-aspectref5-aspectmaxmin1-radius1-imbalance1-rep11,AutoML4Clust,0.3255552175161116,0.9197855985020873,1.3684693101686018,0.504,5.505000000000001,11.0,3500.0
212,dim18-clusters4-instances2000-overlap1e-06-1e-05-aspectref5-aspectmaxmin1-radius5-imbalance1-rep11,AutoML4Clust,0.2263952252645234,0.5563492218802508,2.2514268719294246,0.222,5.365,18.0,2000.0
213,dim18-clusters4-instances2250-overlap1e-06-1e-05-aspectref1.5-aspectmaxmin5-radius1-imbalance1-rep11,AutoML4Clust,0.2681832568589696,0.7921567408379484,1.9701664644045447,0.5115000000000001,5.38,18.0,2250.0
214,dim18-clusters4-instances2500-overlap1e-06-1e-05-aspectref1.5-aspectmaxmin1-radius5-imbalance1-rep11,AutoML4Clust,0.36892224217907577,0.5155392755637358,1.3421600599712966,0.509,5.119999999999999,18.0,2500.0
215,dim18-clusters4-instances4000-overlap1e-06-1e-05-aspectref1.5-aspectmaxmin3-radius3-imbalance2-rep2,AutoML4Clust,0.18921742634477112,0.42551428117094425,2.3427078739991023,1.018,5.46,18.0,4000.0
216,dim18-clusters4-instances4500-overlap1e-06-1e-05-aspectref1.5-aspectmaxmin1-radius3-imbalance2-rep2,AutoML4Clust,0.2267636422891339,0.5596327548323111,1.7958681217131072,0.631,5.5649999999999995,18.0,4500.0
217,dim18-clusters4-instances500-overlap1e-06-1e-05-aspectref5-aspectmaxmin5-radius5-imbalance1-rep11,AutoML4Clust,0.3827870716960886,0.6447415209149328,1.7894643379048651,0.1195,5.375,18.0,500.0
218,dim18-clusters5-instances1500-overlap1e-06-1e-05-aspectref5-aspectmaxmin5-radius5-imbalance2-rep11,AutoML4Clust,0.27993913234646817,0.26361592352584273,2.602774771987632,0.192,5.2,18.0,1500.0
219,dim18-clusters5-instances200-overlap1e-06-1e-05-aspectref1.5-aspectmaxmin3-radius5-imbalance1-rep4,AutoML4Clust,0.45797123809967,0.9669085562393256,1.3117071448614284,0.1105,5.25,18.0,200.0
220,dim18-clusters5-instances2500-overlap1e-06-1e-05-aspectref1.5-aspectmaxmin1-radius1-imbalance1-rep4,AutoML4Clust,0.044511872096778746,0.0567814275159976,2.355459975593714,0.357,5.485,18.0,2500.0
221,dim18-clusters5-instances550-overlap1e-06-1e-05-aspectref1.5-aspectmaxmin1-radius5-imbalance1-rep11,AutoML4Clust,0.35878191195992226,0.9215792935982938,1.8968673893857462,0.1215,5.140000000000001,18.0,550.0
222,dim2-clusters14-instances1500-overlap1e-06-1e-05-aspectref1.5-aspectmaxmin1-radius3-imbalance2-rep11,AutoML4Clust,0.6190998893186581,0.849645278181927,0.5557388254593882,0.1355,5.265,2.0,1500.0
223,dim2-clusters14-instances2500-overlap1e-06-1e-05-aspectref5-aspectmaxmin5-radius3-imbalance1-rep11,AutoML4Clust,0.5184295395639604,0.7595890519406386,0.6376100026416734,0.197,5.525,2.0,2500.0
224,dim2-clusters14-instances3500-overlap1e-06-1e-05-aspectref1.5-aspectmaxmin3-radius1-imbalance2-rep1,AutoML4Clust,0.6785006719237543,0.9141235675204114,0.5860557168766951,0.2625,5.52,2.0,3500.0
225,dim2-clusters14-instances4000-overlap1e-06-1e-05-aspectref1.5-aspectmaxmin1-radius5-imbalance2-rep11,AutoML4Clust,0.6191726927978494,0.887815729822307,0.7110933502226617,0.28500000000000003,5.205,2.0,4000.0
226,dim2-clusters15-instances200-overlap1e-06-1e-05-aspectref3-aspectmaxmin3-radius5-imbalance1-rep1,AutoML4Clust,0.7234040600964777,0.9393898872280666,0.39956784856429844,0.1085,5.525,2.0,200.0
227,dim2-clusters15-instances3500-overlap1e-06-1e-05-aspectref1.5-aspectmaxmin1-radius5-imbalance2-rep11,AutoML4Clust,0.5781679328308649,0.8837930952679073,0.5769018935476427,0.253,5.495,2.0,3500.0
228,dim2-clusters16-instances1750-overlap1e-06-1e-05-aspectref3-aspectmaxmin3-radius3-imbalance2-rep1,AutoML4Clust,0.6554641194590722,0.9110337731999545,0.4631271310017212,0.1605,5.485,2.0,1750.0
229,dim2-clusters16-instances600-overlap1e-06-1e-05-aspectref5-aspectmaxmin1-radius3-imbalance2-rep11,AutoML4Clust,0.6365427660027361,0.8894221458356861,0.5120622715908678,0.101,5.335,2.0,600.0
230,dim2-clusters3-instances2000-overlap1e-06-1e-05-aspectref5-aspectmaxmin1-radius1-imbalance1-rep11,AutoML4Clust,0.5895166919207855,0.5596687929927385,0.5675000730830158,0.1645,5.33,2.0,2000.0
231,dim2-clusters3-instances4000-overlap1e-06-1e-05-aspectref5-aspectmaxmin5-radius5-imbalance1-rep11,AutoML4Clust,0.5809013632980159,0.5898954012448723,0.716247562826239,0.29900000000000004,5.5600000000000005,2.0,4000.0
232,dim2-clusters4-instances2750-overlap1e-06-1e-05-aspectref5-aspectmaxmin1-radius5-imbalance2-rep11,AutoML4Clust,0.5947090804404345,0.7113013517546608,0.5866576515464732,0.218,5.385,2.0,2750.0
233,dim2-clusters4-instances3500-overlap1e-06-1e-05-aspectref5-aspectmaxmin5-radius1-imbalance1-rep11,AutoML4Clust,0.6405944603992041,0.8778115648912204,0.4962121223584748,0.20800000000000002,5.53,2.0,3500.0
234,dim2-clusters4-instances550-overlap1e-06-1e-05-aspectref1.5-aspectmaxmin1-radius3-imbalance1-rep4,AutoML4Clust,0.6588216697940901,0.9117690664078639,0.4036035898652843,0.1225,5.23,2.0,550.0
235,dim2-clusters5-instances4500-overlap1e-06-1e-05-aspectref1.5-aspectmaxmin1-radius5-imbalance2-rep11,AutoML4Clust,0.4264941743297022,0.6103593792654631,0.8872659623824584,0.44,5.525,2.0,4500.0
236,dim2-clusters6-instances1750-overlap1e-06-1e-05-aspectref1.5-aspectmaxmin1-radius5-imbalance2-rep11,AutoML4Clust,0.5538427538197863,0.828136475092464,0.6169122116247641,0.153,5.325,2.0,1750.0
237,dim2-clusters6-instances3000-overlap1e-06-1e-05-aspectref5-aspectmaxmin5-radius1-imbalance2-rep11,AutoML4Clust,0.6468740768760499,0.9249061237074288,0.47189113238874275,0.225,5.495,2.0,3000.0
238,dim3-clusters3-instances1750-overlap1e-06-1e-05-aspectref1.5-aspectmaxmin5-radius3-imbalance2-rep11,AutoML4Clust,0.5973145190698594,0.8094632331222802,0.5659798319059033,0.149,5.275,3.0,1750.0
239,dim3-clusters3-instances1750-overlap1e-06-1e-05-aspectref3-aspectmaxmin1-radius5-imbalance1-rep1,AutoML4Clust,0.6666253860677069,0.9355946732492297,0.6201534061683577,0.16,5.34,3.0,1750.0
240,dim3-clusters3-instances200-overlap1e-06-1e-05-aspectref3-aspectmaxmin1-radius5-imbalance1-rep4,AutoML4Clust,0.6590241656381814,0.8564439519306968,0.683797836539531,0.123,5.3149999999999995,3.0,200.0
241,dim3-clusters3-instances2000-overlap1e-06-1e-05-aspectref1.5-aspectmaxmin5-radius3-imbalance1-rep11,AutoML4Clust,0.4174934489758093,0.43047077158513025,0.9306743166074372,0.154,5.49,3.0,2000.0
242,dim3-clusters3-instances300-overlap1e-06-1e-05-aspectref5-aspectmaxmin5-radius5-imbalance1-rep11,AutoML4Clust,0.5712849386461484,0.7871785454133706,0.7700378152016673,0.0995,5.545,3.0,300.0
243,dim3-clusters3-instances3000-overlap1e-06-1e-05-aspectref5-aspectmaxmin1-radius3-imbalance2-rep11,AutoML4Clust,0.6353277470793824,1.0,0.5435292280914429,0.2615,5.495,3.0,3000.0
244,dim3-clusters4-instances300-overlap1e-06-1e-05-aspectref3-aspectmaxmin3-radius5-imbalance1-rep2,AutoML4Clust,0.5793690391135358,0.7067865519883196,0.6148246100333801,0.10200000000000001,5.470000000000001,3.0,300.0
245,dim3-clusters4-instances350-overlap1e-06-1e-05-aspectref5-aspectmaxmin1-radius3-imbalance1-rep11,AutoML4Clust,0.5920959765667141,0.9176643951471692,0.6318920632858143,0.1225,5.515000000000001,3.0,350.0
246,dim5-clusters2-instances2750-overlap1e-06-1e-05-aspectref5-aspectmaxmin5-radius3-imbalance1-rep11,AutoML4Clust,0.33636836975832524,0.4707410221779197,1.1730359319048327,0.20400000000000001,5.255,5.0,2750.0
247,dim5-clusters2-instances3000-overlap1e-06-1e-05-aspectref3-aspectmaxmin1-radius3-imbalance2-rep1,AutoML4Clust,0.1617294160493666,0.0561824184749357,1.3298218418570658,0.2375,5.529999999999999,5.0,3000.0
248,dim5-clusters2-instances3000-overlap1e-06-1e-05-aspectref5-aspectmaxmin5-radius3-imbalance2-rep11,AutoML4Clust,0.4207262041056615,0.49589269595263824,0.9757651147599302,0.216,5.53,5.0,3000.0
249,dim5-clusters2-instances4000-overlap1e-06-1e-05-aspectref1.5-aspectmaxmin1-radius3-imbalance1-rep11,AutoML4Clust,0.37957507687078185,0.49038757641902136,0.8246003240978351,0.33399999999999996,5.245,5.0,4000.0
250,dim5-clusters2-instances4500-overlap1e-06-1e-05-aspectref1.5-aspectmaxmin5-radius5-imbalance1-rep11,AutoML4Clust,0.37088608648319393,0.5059005902173963,0.8673643065168108,0.4095,5.484999999999999,5.0,4500.0
251,dim5-clusters3-instances1500-overlap1e-06-1e-05-aspectref1.5-aspectmaxmin1-radius1-imbalance2-rep3,AutoML4Clust,0.28560227983352676,0.3383533564813053,1.3565706660561498,0.14350000000000002,5.21,5.0,1500.0
252,dim5-clusters3-instances200-overlap1e-06-1e-05-aspectref5-aspectmaxmin1-radius3-imbalance1-rep11,AutoML4Clust,0.5095217133067881,0.8999866195250612,0.9393559380183508,0.1235,5.470000000000001,5.0,200.0
253,dim5-clusters3-instances350-overlap1e-06-1e-05-aspectref1.5-aspectmaxmin5-radius3-imbalance1-rep11,AutoML4Clust,0.6212694735922761,0.9914287149870395,0.5256124182202245,0.125,5.55,5.0,350.0
254,dim5-clusters3-instances4000-overlap1e-06-1e-05-aspectref1.5-aspectmaxmin1-radius3-imbalance2-rep4,AutoML4Clust,0.6140029824130818,1.0,0.5019868783286697,0.312,5.35,5.0,4000.0
255,dim50-clusters21-instances500-overlap1e-06-1e-05-aspectref3-aspectmaxmin1-radius3-imbalance2-rep3,AutoML4Clust,0.137274701030374,0.6805539719068013,2.084911539342327,0.167,5.555,50.0,500.0
256,dim51-clusters15-instances2000-overlap1e-06-1e-05-aspectref1.5-aspectmaxmin3-radius3-imbalance2-rep2,AutoML4Clust,0.2237158766562296,0.48142571075715757,2.4515598944559915,0.229,5.55,51.0,2000.0
257,dim51-clusters18-instances200-overlap1e-06-1e-05-aspectref3-aspectmaxmin3-radius5-imbalance1-rep3,AutoML4Clust,0.29645447680171466,0.0344170135042449,1.7916454345749009,0.149,5.505000000000001,51.0,200.0
258,dim51-clusters20-instances400-overlap1e-06-1e-05-aspectref1.5-aspectmaxmin1-radius1-imbalance2-rep4,AutoML4Clust,0.21437761484897094,0.6888188865858982,1.836088362435278,0.129,5.27,51.0,400.0
259,dim52-clusters19-instances450-overlap1e-06-1e-05-aspectref1.5-aspectmaxmin1-radius5-imbalance2-rep3,AutoML4Clust,0.1024943961807872,0.4746382250590154,1.8836778145491935,0.11399999999999999,5.295,52.0,450.0
260,dim52-clusters2-instances200-overlap1e-06-1e-05-aspectref3-aspectmaxmin3-radius5-imbalance1-rep2,AutoML4Clust,0.33204718589919585,0.36915537653848407,1.553638409470791,0.1385,5.405,52.0,200.0
261,dim52-clusters20-instances2250-overlap1e-06-1e-05-aspectref1.5-aspectmaxmin3-radius1-imbalance1-rep4,AutoML4Clust,0.2651289027563989,0.03751396936526545,1.2535445448429303,0.3045,5.255,52.0,2250.0
262,dim52-clusters20-instances450-overlap1e-06-1e-05-aspectref1.5-aspectmaxmin3-radius5-imbalance2-rep4,AutoML4Clust,0.27212879167438014,0.1383518951634566,1.558508961405092,0.1105,5.53,52.0,450.0
263,dim52-clusters7-instances300-overlap1e-06-1e-05-aspectref3-aspectmaxmin1-radius5-imbalance2-rep3,AutoML4Clust,0.13827726497382076,0.7280743935399865,2.4185930035630108,0.1235,5.529999999999999,52.0,300.0
264,dim53-clusters11-instances1500-overlap1e-06-1e-05-aspectref3-aspectmaxmin1-radius5-imbalance1-rep2,AutoML4Clust,0.1291447202505263,0.8652095205956193,2.911783497650843,0.2235,5.335,53.0,1500.0
265,dim53-clusters13-instances4500-overlap1e-06-1e-05-aspectref3-aspectmaxmin3-radius1-imbalance2-rep2,AutoML4Clust,0.16261851627672025,0.10253025950237885,2.3889623865852423,0.6875,5.515000000000001,53.0,4500.0
266,dim53-clusters15-instances2000-overlap1e-06-1e-05-aspectref1.5-aspectmaxmin1-radius3-imbalance1-rep3,AutoML4Clust,0.16868589152742364,0.8763977621895698,2.8851334127190826,0.2215,5.475,53.0,2000.0
267,dim53-clusters19-instances4500-overlap1e-06-1e-05-aspectref3-aspectmaxmin3-radius5-imbalance1-rep2,AutoML4Clust,0.16080277241984353,0.2723316548134829,2.6627346550860604,0.87,5.5,53.0,4500.0
268,dim53-clusters20-instances350-overlap1e-06-1e-05-aspectref1.5-aspectmaxmin1-radius3-imbalance2-rep1,AutoML4Clust,0.27711914743114535,0.056950752798762,1.5680570881090028,0.126,5.495,53.0,350.0
269,dim53-clusters4-instances3000-overlap1e-06-1e-05-aspectref1.5-aspectmaxmin1-radius5-imbalance1-rep3,AutoML4Clust,0.2685077970290787,0.6851997979621983,3.0184441722059634,0.5035000000000001,5.52,53.0,3000.0
270,dim54-clusters11-instances1750-overlap1e-06-1e-05-aspectref1.5-aspectmaxmin3-radius1-imbalance1-rep3,AutoML4Clust,0.25002266386565297,0.41896953682260335,1.5582643394120481,0.28600000000000003,5.54,54.0,1750.0
271,dim54-clusters13-instances1750-overlap1e-06-1e-05-aspectref1.5-aspectmaxmin3-radius1-imbalance1-rep1,AutoML4Clust,0.2262211824139207,0.9608936284262938,1.711711469168494,0.2015,5.38,54.0,1750.0
272,dim54-clusters18-instances2250-overlap1e-06-1e-05-aspectref3-aspectmaxmin1-radius5-imbalance1-rep4,AutoML4Clust,0.3273642813601657,0.0414891792361874,1.8397052562772238,0.385,5.34,54.0,2250.0
273,dim54-clusters18-instances3000-overlap1e-06-1e-05-aspectref3-aspectmaxmin3-radius3-imbalance2-rep3,AutoML4Clust,0.31308428159500634,0.06137999697740795,1.7229233113261502,0.355,5.55,54.0,3000.0
274,dim54-clusters18-instances3000-overlap1e-06-1e-05-aspectref3-aspectmaxmin3-radius5-imbalance1-rep4,AutoML4Clust,0.2081457354183014,0.08268117697095315,2.7909235950870355,0.29500000000000004,5.095000000000001,54.0,3000.0
275,dim54-clusters2-instances200-overlap1e-06-1e-05-aspectref1.5-aspectmaxmin3-radius3-imbalance2-rep2,AutoML4Clust,0.08434541089651995,0.253088912838887,2.953916118352569,0.1355,5.550000000000001,54.0,200.0
276,dim54-clusters8-instances200-overlap1e-06-1e-05-aspectref1.5-aspectmaxmin3-radius3-imbalance2-rep3,AutoML4Clust,0.2041679441197375,0.12236938017496704,1.7233326319742632,0.1355,5.515000000000001,54.0,200.0
277,dim70-clusters13-instances4500-overlap1e-06-1e-05-aspectref3-aspectmaxmin1-radius5-imbalance2-rep1,AutoML4Clust,0.26546731302942683,0.08106406786750925,1.8176808153122488,0.5735,5.24,70.0,4500.0
278,dim70-clusters15-instances400-overlap1e-06-1e-05-aspectref3-aspectmaxmin3-radius3-imbalance1-rep1,AutoML4Clust,0.24068165098258765,0.196024127858355,1.867676071087041,0.1245,4.86,70.0,400.0
279,dim70-clusters19-instances3500-overlap1e-06-1e-05-aspectref3-aspectmaxmin1-radius5-imbalance1-rep2,AutoML4Clust,0.01945824965833065,0.39531413714607433,2.857616644552759,0.9804999999999999,5.555,70.0,3500.0
280,dim70-clusters21-instances4000-overlap1e-06-1e-05-aspectref1.5-aspectmaxmin1-radius1-imbalance1-rep4,AutoML4Clust,0.1911382782056496,0.828011780414039,2.0147888097059488,0.45299999999999996,5.36,70.0,4000.0
281,dim71-clusters11-instances2250-overlap1e-06-1e-05-aspectref3-aspectmaxmin3-radius1-imbalance1-rep1,AutoML4Clust,0.14765943146443028,0.9334965508331037,2.6980136237654953,0.299,5.484999999999999,71.0,2250.0
282,dim71-clusters19-instances600-overlap1e-06-1e-05-aspectref3-aspectmaxmin3-radius1-imbalance1-rep1,AutoML4Clust,0.11829293775089,0.7549021625819259,2.4366458929667614,0.1265,5.3,71.0,600.0
283,dim71-clusters2-instances2000-overlap1e-06-1e-05-aspectref1.5-aspectmaxmin3-radius5-imbalance1-rep2,AutoML4Clust,0.3030118482967875,0.6364361297541705,5.350298640986786,0.4615,5.5,71.0,2000.0
284,dim71-clusters5-instances2250-overlap1e-06-1e-05-aspectref1.5-aspectmaxmin1-radius1-imbalance2-rep1,AutoML4Clust,0.15665027771395912,0.568023568579718,2.0099396755122942,0.33299999999999996,5.404999999999999,71.0,2250.0
285,dim71-clusters6-instances2500-overlap1e-06-1e-05-aspectref3-aspectmaxmin1-radius3-imbalance2-rep2,AutoML4Clust,0.02038555577578485,0.2516641288304196,3.674281892998774,0.35350000000000004,5.279999999999999,71.0,2500.0
286,dim71-clusters7-instances2500-overlap1e-06-1e-05-aspectref1.5-aspectmaxmin3-radius1-imbalance1-rep2,AutoML4Clust,0.1667093566005298,0.9024618436945664,2.867508458579797,0.2495,5.49,71.0,2500.0
287,dim99-clusters10-instances200-overlap1e-06-1e-05-aspectref3-aspectmaxmin3-radius3-imbalance2-rep3,AutoML4Clust,0.20972233338800556,0.08166640198011395,1.9248288032311,0.1445,5.3149999999999995,99.0,200.0
288,dim99-clusters10-instances3500-overlap1e-06-1e-05-aspectref3-aspectmaxmin3-radius3-imbalance2-rep1,AutoML4Clust,0.12672119430014675,0.434079594002154,3.3698717669736347,0.962,5.255,99.0,3500.0
289,dim99-clusters15-instances450-overlap1e-06-1e-05-aspectref3-aspectmaxmin3-radius1-imbalance2-rep3,AutoML4Clust,0.18489873043318428,0.37515357138067745,2.0294525420790093,0.122,5.255,99.0,450.0
290,dim99-clusters18-instances1750-overlap1e-06-1e-05-aspectref1.5-aspectmaxmin3-radius3-imbalance1-rep1,AutoML4Clust,0.08149358220741765,0.5338894888763908,3.398237301471819,0.3385,5.55,99.0,1750.0
291,dim10-clusters2-instances1500-overlap1e-06-1e-05-aspectref1.5-aspectmaxmin1-radius5-imbalance1-rep11,ML2DAC,0.5436626345688074,0.9840533624970526,0.7548765138637271,1.335,5.1,10.0,1500.0
292,dim10-clusters2-instances2000-overlap1e-06-1e-05-aspectref5-aspectmaxmin1-radius1-imbalance1-rep11,ML2DAC,0.4312110018866473,1.0,0.9806030368673736,2.1425,5.105,10.0,2000.0
293,dim10-clusters2-instances3500-overlap1e-06-1e-05-aspectref1.5-aspectmaxmin3-radius1-imbalance2-rep1,ML2DAC,0.5295360202938105,1.0,0.7417783637091969,0.9284999999999999,5.085,10.0,3500.0
294,dim10-clusters2-instances400-overlap1e-06-1e-05-aspectref1.5-aspectmaxmin1-radius1-imbalance1-rep4,ML2DAC,0.5372582240390193,1.0,0.7262835452686253,0.591,5.09,10.0,400.0
295,dim10-clusters2-instances4500-overlap1e-06-1e-05-aspectref1.5-aspectmaxmin3-radius3-imbalance1-rep3,ML2DAC,0.5759719347661706,0.9849426286734442,0.6658507106510547,1.5699999999999998,4.635,10.0,4500.0
296,dim10-clusters2-instances4500-overlap1e-06-1e-05-aspectref5-aspectmaxmin1-radius1-imbalance1-rep11,ML2DAC,0.4131233282289731,1.0,1.0301118965573182,1.1065,5.075,10.0,4500.0
297,dim10-clusters3-instances350-overlap1e-06-1e-05-aspectref3-aspectmaxmin1-radius3-imbalance2-rep4,ML2DAC,0.3894356543779157,0.7582318776857226,1.4180880000565836,0.5165,5.115,10.0,350.0
298,dim10-clusters3-instances3500-overlap1e-06-1e-05-aspectref5-aspectmaxmin1-radius5-imbalance2-rep11,ML2DAC,0.2524312971931615,0.8220554256044456,1.617501140256275,1.1629999999999998,5.135,10.0,3500.0
299,dim10-clusters4-instances400-overlap1e-06-1e-05-aspectref5-aspectmaxmin5-radius1-imbalance2-rep11,ML2DAC,0.4133169457894071,1.0,0.9831821965840514,0.45599999999999996,5.095,10.0,400.0
300,dim10-clusters4-instances450-overlap1e-06-1e-05-aspectref3-aspectmaxmin1-radius3-imbalance1-rep2,ML2DAC,0.5023055889593162,1.0,0.8237052506340489,0.4995,5.1,10.0,450.0
301,dim11-clusters10-instances200-overlap1e-06-1e-05-aspectref5-aspectmaxmin1-radius3-imbalance1-rep11,ML2DAC,0.0019686644704732,0.0009517238097504,0.0588237651424144,0.4645,5.0649999999999995,11.0,200.0
302,dim11-clusters10-instances2500-overlap1e-06-1e-05-aspectref5-aspectmaxmin1-radius1-imbalance2-rep11,ML2DAC,0.4446224458258377,1.0,0.8856121782657045,2.1385,5.08,11.0,2500.0
303,dim11-clusters10-instances3500-overlap1e-06-1e-05-aspectref1.5-aspectmaxmin5-radius3-imbalance2-rep11,ML2DAC,0.4933045357632376,0.945084481976528,0.775062779983831,0.7305,5.0649999999999995,11.0,3500.0
304,dim11-clusters11-instances2000-overlap1e-06-1e-05-aspectref3-aspectmaxmin3-radius3-imbalance1-rep4,ML2DAC,0.4525170437684996,0.9409188018938396,1.0295433133858096,1.462,5.074999999999999,11.0,2000.0
305,dim11-clusters11-instances2500-overlap1e-06-1e-05-aspectref1.5-aspectmaxmin3-radius3-imbalance2-rep2,ML2DAC,0.5118234878610669,0.997315114328332,0.7189242800205041,1.922,5.015000000000001,11.0,2500.0
306,dim11-clusters12-instances200-overlap1e-06-1e-05-aspectref1.5-aspectmaxmin1-radius1-imbalance1-rep11,ML2DAC,0.4805149052935601,0.9806513082544116,0.8928763948290445,0.487,5.1,11.0,200.0
307,dim11-clusters12-instances2500-overlap1e-06-1e-05-aspectref5-aspectmaxmin5-radius3-imbalance1-rep11,ML2DAC,0.4773809188209299,0.9763417184060657,0.9284913649382568,2.0564999999999998,4.98,11.0,2500.0
308,dim11-clusters12-instances300-overlap1e-06-1e-05-aspectref1.5-aspectmaxmin1-radius1-imbalance1-rep11,ML2DAC,0.4186030401831552,0.823616756263526,0.977043348937333,0.5205,4.545,11.0,300.0
309,dim11-clusters12-instances400-overlap1e-06-1e-05-aspectref3-aspectmaxmin3-radius3-imbalance2-rep1,ML2DAC,0.4784389046515573,0.8803948003249626,0.9723365735804156,0.562,5.074999999999999,11.0,400.0
310,dim11-clusters13-instances2500-overlap1e-06-1e-05-aspectref5-aspectmaxmin1-radius3-imbalance1-rep11,ML2DAC,0.4339542078795944,0.9893835921626308,1.0893121061949338,2.0515,5.0600000000000005,11.0,2500.0
311,dim11-clusters13-instances3500-overlap1e-06-1e-05-aspectref5-aspectmaxmin1-radius1-imbalance1-rep11,ML2DAC,0.360536261612459,0.9852301118222656,1.078524330842181,0.8334999999999999,3.965,11.0,3500.0
312,dim18-clusters4-instances2000-overlap1e-06-1e-05-aspectref5-aspectmaxmin1-radius5-imbalance1-rep11,ML2DAC,0.411168614478169,0.8936844734279895,1.9345143139898973,2.3810000000000002,4.605,18.0,2000.0
313,dim18-clusters4-instances2250-overlap1e-06-1e-05-aspectref1.5-aspectmaxmin5-radius1-imbalance1-rep11,ML2DAC,0.3442426987421604,0.9928931268090398,1.143797422931867,1.975,4.605,18.0,2250.0
314,dim18-clusters4-instances2500-overlap1e-06-1e-05-aspectref1.5-aspectmaxmin1-radius5-imbalance1-rep11,ML2DAC,0.36858226183035614,0.513780834128791,1.3437611388987731,2.9825,4.15,18.0,2500.0
315,dim18-clusters4-instances4000-overlap1e-06-1e-05-aspectref1.5-aspectmaxmin3-radius3-imbalance2-rep2,ML2DAC,0.3833235935929779,0.9977684562783348,0.9834696701907668,1.9795,5.105,18.0,4000.0
316,dim18-clusters4-instances4500-overlap1e-06-1e-05-aspectref1.5-aspectmaxmin1-radius3-imbalance2-rep2,ML2DAC,0.2716108838952686,0.423148764760661,3.2794935872894486,1.8290000000000002,5.0649999999999995,18.0,4500.0
317,dim18-clusters4-instances500-overlap1e-06-1e-05-aspectref5-aspectmaxmin5-radius5-imbalance1-rep11,ML2DAC,0.3752987733309225,0.8902665757422961,1.6462100195422795,0.6065,4.615,18.0,500.0
318,dim18-clusters5-instances1500-overlap1e-06-1e-05-aspectref5-aspectmaxmin5-radius5-imbalance2-rep11,ML2DAC,0.28339991454037755,0.2888499619718956,2.600049972682839,1.6704999999999999,4.66,18.0,1500.0
319,dim18-clusters5-instances200-overlap1e-06-1e-05-aspectref1.5-aspectmaxmin3-radius5-imbalance1-rep4,ML2DAC,0.4477903364550981,0.915127044739065,1.6119075662900049,0.4685,4.98,18.0,200.0
320,dim18-clusters5-instances2500-overlap1e-06-1e-05-aspectref1.5-aspectmaxmin1-radius1-imbalance1-rep4,ML2DAC,0.2206680958821071,0.3746246246246246,1.907319035185524,2.0365,5.0649999999999995,18.0,2500.0
321,dim18-clusters5-instances550-overlap1e-06-1e-05-aspectref1.5-aspectmaxmin1-radius5-imbalance1-rep11,ML2DAC,0.0223998016421251,0.1540037858634307,0.868654378170331,0.776,4.545,18.0,550.0
322,dim2-clusters14-instances1500-overlap1e-06-1e-05-aspectref1.5-aspectmaxmin1-radius3-imbalance2-rep11,ML2DAC,0.7118070927844704,0.9598882655165986,2.3020307932751907,0.7625,4.99,2.0,1500.0
323,dim2-clusters14-instances2500-overlap1e-06-1e-05-aspectref5-aspectmaxmin5-radius3-imbalance1-rep11,ML2DAC,0.343851053540831,0.1814905275031444,0.7937523192163742,0.6234999999999999,5.105,2.0,2500.0
324,dim2-clusters14-instances3500-overlap1e-06-1e-05-aspectref1.5-aspectmaxmin3-radius1-imbalance2-rep1,ML2DAC,0.7656694506116214,1.0,0.3117441382546407,1.1075,5.0649999999999995,2.0,3500.0
325,dim2-clusters14-instances4000-overlap1e-06-1e-05-aspectref1.5-aspectmaxmin1-radius5-imbalance2-rep11,ML2DAC,0.6841789639241339,0.938688987260716,3.123461311854794,1.251,4.18,2.0,4000.0
326,dim2-clusters15-instances200-overlap1e-06-1e-05-aspectref3-aspectmaxmin3-radius5-imbalance1-rep1,ML2DAC,0.745207429607305,0.9672939096639857,0.4551248198898097,0.569,5.095,2.0,200.0
327,dim2-clusters15-instances3500-overlap1e-06-1e-05-aspectref1.5-aspectmaxmin1-radius5-imbalance2-rep11,ML2DAC,0.6605463964906001,0.9132272634944354,2.635305326024924,1.026,5.075,2.0,3500.0
328,dim2-clusters16-instances1750-overlap1e-06-1e-05-aspectref3-aspectmaxmin3-radius3-imbalance2-rep1,ML2DAC,0.3633901805344428,0.1580066361080238,0.7609889114265612,0.6145,4.715,2.0,1750.0
329,dim2-clusters16-instances600-overlap1e-06-1e-05-aspectref5-aspectmaxmin1-radius3-imbalance2-rep11,ML2DAC,0.6315582693656983,0.892773081956328,1.9248274452997025,0.6695,5.0649999999999995,2.0,600.0
330,dim2-clusters3-instances2000-overlap1e-06-1e-05-aspectref5-aspectmaxmin1-radius1-imbalance1-rep11,ML2DAC,0.5535211263084671,-4.984991212481515e-07,8.598794577907878,0.77,5.07,2.0,2000.0
331,dim2-clusters3-instances4000-overlap1e-06-1e-05-aspectref5-aspectmaxmin5-radius5-imbalance1-rep11,ML2DAC,0.7284566089877544,8.264641261355723e-06,2.4076764090682827,1.272,5.135,2.0,4000.0
332,dim2-clusters4-instances2750-overlap1e-06-1e-05-aspectref5-aspectmaxmin1-radius5-imbalance2-rep11,ML2DAC,0.6302964251875683,0.8482472735591963,0.5001782482146244,0.7915,4.63,2.0,2750.0
333,dim2-clusters4-instances3500-overlap1e-06-1e-05-aspectref5-aspectmaxmin5-radius1-imbalance1-rep11,ML2DAC,0.6187787019798288,0.8557683190870595,0.5286473499716097,1.0995,5.085,2.0,3500.0
334,dim2-clusters4-instances550-overlap1e-06-1e-05-aspectref1.5-aspectmaxmin1-radius3-imbalance1-rep4,ML2DAC,0.38292369651889385,0.038201406856057746,0.5038690823122891,0.5255,4.99,2.0,550.0
335,dim2-clusters5-instances4500-overlap1e-06-1e-05-aspectref1.5-aspectmaxmin1-radius5-imbalance2-rep11,ML2DAC,0.6348276190988599,0.8195368525021709,2.821836408186252,1.292,5.09,2.0,4500.0
336,dim2-clusters6-instances1750-overlap1e-06-1e-05-aspectref1.5-aspectmaxmin1-radius5-imbalance2-rep11,ML2DAC,0.5772002096739415,0.7895554338501588,1.256893224555217,1.155,5.1,2.0,1750.0
337,dim2-clusters6-instances3000-overlap1e-06-1e-05-aspectref5-aspectmaxmin5-radius1-imbalance2-rep11,ML2DAC,0.628982896468846,0.8249849713480703,0.4581601899093012,1.0165,5.115,2.0,3000.0
338,dim3-clusters3-instances1750-overlap1e-06-1e-05-aspectref1.5-aspectmaxmin5-radius3-imbalance2-rep11,ML2DAC,0.6142972805114457,0.938457064572904,0.4611893727636342,0.5885,5.07,3.0,1750.0
339,dim3-clusters3-instances1750-overlap1e-06-1e-05-aspectref3-aspectmaxmin1-radius5-imbalance1-rep1,ML2DAC,0.6522991914336529,0.8671237154193413,0.7327543764787476,0.645,5.07,3.0,1750.0
340,dim3-clusters3-instances200-overlap1e-06-1e-05-aspectref3-aspectmaxmin1-radius5-imbalance1-rep4,ML2DAC,0.6791656256472126,1.0,0.5132727071534132,0.4245,5.045,3.0,200.0
341,dim3-clusters3-instances2000-overlap1e-06-1e-05-aspectref1.5-aspectmaxmin5-radius3-imbalance1-rep11,ML2DAC,0.7074627011610886,0.9791055496957256,0.4698309898173768,0.5705,5.074999999999999,3.0,2000.0
342,dim3-clusters3-instances300-overlap1e-06-1e-05-aspectref5-aspectmaxmin5-radius5-imbalance1-rep11,ML2DAC,0.5888599979491651,0.8229535467428628,0.7002417752723619,0.47350000000000003,5.08,3.0,300.0
343,dim3-clusters3-instances3000-overlap1e-06-1e-05-aspectref5-aspectmaxmin1-radius3-imbalance2-rep11,ML2DAC,0.5001171098663114,0.6282229026352949,0.767125520889083,0.64,5.0649999999999995,3.0,3000.0
344,dim3-clusters4-instances300-overlap1e-06-1e-05-aspectref3-aspectmaxmin3-radius5-imbalance1-rep2,ML2DAC,0.1468050927084891,0.02380704612434825,0.34768713020721864,0.502,5.08,3.0,300.0
345,dim3-clusters4-instances350-overlap1e-06-1e-05-aspectref5-aspectmaxmin1-radius3-imbalance1-rep11,ML2DAC,0.6110120625453518,0.9269004857643908,0.5389885747083621,0.46799999999999997,5.085,3.0,350.0
346,dim5-clusters2-instances2750-overlap1e-06-1e-05-aspectref5-aspectmaxmin5-radius3-imbalance1-rep11,ML2DAC,0.4897318129630196,0.6789672069498242,0.9875560094834236,0.9,4.975,5.0,2750.0
347,dim5-clusters2-instances3000-overlap1e-06-1e-05-aspectref3-aspectmaxmin1-radius3-imbalance2-rep1,ML2DAC,0.4765121689323214,0.9852085286505684,0.733032243037569,1.1185,5.09,5.0,3000.0
348,dim5-clusters2-instances3000-overlap1e-06-1e-05-aspectref5-aspectmaxmin5-radius3-imbalance2-rep11,ML2DAC,0.4477269300173569,-0.0427538528417062,8.094393513972953,1.0425,5.095,5.0,3000.0
349,dim5-clusters2-instances4000-overlap1e-06-1e-05-aspectref1.5-aspectmaxmin1-radius3-imbalance1-rep11,ML2DAC,0.6189553507635287,0.9525641449032148,0.5727881041749404,1.1680000000000001,4.98,5.0,4000.0
350,dim5-clusters2-instances4500-overlap1e-06-1e-05-aspectref1.5-aspectmaxmin5-radius5-imbalance1-rep11,ML2DAC,0.5845062666601373,0.9318533155741944,0.6721058547620091,0.916,5.154999999999999,5.0,4500.0
351,dim5-clusters3-instances1500-overlap1e-06-1e-05-aspectref1.5-aspectmaxmin1-radius1-imbalance2-rep3,ML2DAC,0.5546267818629813,0.8925900253836708,1.526027410028015,0.9315,4.675,5.0,1500.0
352,dim5-clusters3-instances200-overlap1e-06-1e-05-aspectref5-aspectmaxmin1-radius3-imbalance1-rep11,ML2DAC,0.4596484334761455,0.8133700547241003,3.342525453932093,0.5569999999999999,5.07,5.0,200.0
353,dim5-clusters3-instances350-overlap1e-06-1e-05-aspectref1.5-aspectmaxmin5-radius3-imbalance1-rep11,ML2DAC,0.5640322342138602,0.9057816381715602,0.8925391941343948,0.716,5.07,5.0,350.0
354,dim5-clusters3-instances4000-overlap1e-06-1e-05-aspectref1.5-aspectmaxmin1-radius3-imbalance2-rep4,ML2DAC,0.610754135366835,0.9899966279524228,0.5050011028638421,1.1555,5.0649999999999995,5.0,4000.0
355,dim50-clusters21-instances500-overlap1e-06-1e-05-aspectref3-aspectmaxmin1-radius3-imbalance2-rep3,ML2DAC,0.1665151448883534,0.9309271378434888,1.8665368727414955,0.9565,5.075,50.0,500.0
356,dim51-clusters15-instances2000-overlap1e-06-1e-05-aspectref1.5-aspectmaxmin3-radius3-imbalance2-rep2,ML2DAC,0.2212248885250751,0.9439586798140468,2.410456504597557,0.6915,5.0649999999999995,51.0,2000.0
357,dim51-clusters18-instances200-overlap1e-06-1e-05-aspectref3-aspectmaxmin3-radius5-imbalance1-rep3,ML2DAC,0.353963829943307,0.0191012066083512,1.409536310035471,0.735,5.095000000000001,51.0,200.0
358,dim51-clusters20-instances400-overlap1e-06-1e-05-aspectref1.5-aspectmaxmin1-radius1-imbalance2-rep4,ML2DAC,0.4139944278912253,0.0200318407588788,0.8631053555408664,0.805,5.005,51.0,400.0
359,dim52-clusters19-instances450-overlap1e-06-1e-05-aspectref1.5-aspectmaxmin1-radius5-imbalance2-rep3,ML2DAC,0.3323728673077634,0.0429496467270751,1.77629465618006,1.228,5.075,52.0,450.0
360,dim52-clusters2-instances200-overlap1e-06-1e-05-aspectref3-aspectmaxmin3-radius5-imbalance1-rep2,ML2DAC,0.3795044650867121,0.5047884015118337,0.7710346800794089,0.6475,6.165,52.0,200.0
361,dim52-clusters20-instances2250-overlap1e-06-1e-05-aspectref1.5-aspectmaxmin3-radius1-imbalance1-rep4,ML2DAC,0.2461257311889321,0.0346916404491815,1.7276966846590311,0.7344999999999999,5.02,52.0,2250.0
362,dim52-clusters20-instances450-overlap1e-06-1e-05-aspectref1.5-aspectmaxmin3-radius5-imbalance2-rep4,ML2DAC,0.2009294686567563,0.9398973839602328,1.6815397445626297,1.112,5.14,52.0,450.0
363,dim52-clusters7-instances300-overlap1e-06-1e-05-aspectref3-aspectmaxmin1-radius5-imbalance2-rep3,ML2DAC,0.1454759295202887,0.8715480132835042,2.193752921152176,1.113,5.19,52.0,300.0
364,dim53-clusters11-instances1500-overlap1e-06-1e-05-aspectref3-aspectmaxmin1-radius5-imbalance1-rep2,ML2DAC,0.2770204590358173,0.1482825766014618,1.8368479937075448,1.12,5.0649999999999995,53.0,1500.0
365,dim53-clusters13-instances4500-overlap1e-06-1e-05-aspectref3-aspectmaxmin3-radius1-imbalance2-rep2,ML2DAC,0.2033260107278337,0.7478582224656525,1.985401575412292,2.3440000000000003,5.15,53.0,4500.0
366,dim53-clusters15-instances2000-overlap1e-06-1e-05-aspectref1.5-aspectmaxmin1-radius3-imbalance1-rep3,ML2DAC,0.1875157007990002,0.9028406556849256,2.652121965154297,1.2905,5.074999999999999,53.0,2000.0
367,dim53-clusters19-instances4500-overlap1e-06-1e-05-aspectref3-aspectmaxmin3-radius5-imbalance1-rep2,ML2DAC,0.4590193646027851,0.0250866374597694,1.0235992918333796,1.5095,5.28,53.0,4500.0
368,dim53-clusters20-instances350-overlap1e-06-1e-05-aspectref1.5-aspectmaxmin1-radius3-imbalance2-rep1,ML2DAC,0.2252977459240437,0.9348767918647428,1.5519264920572082,1.0215,5.095,53.0,350.0
369,dim53-clusters4-instances3000-overlap1e-06-1e-05-aspectref1.5-aspectmaxmin1-radius5-imbalance1-rep3,ML2DAC,0.3186487436214364,0.8826542069793286,3.947273186355509,1.2275,5.105,53.0,3000.0
370,dim54-clusters11-instances1750-overlap1e-06-1e-05-aspectref1.5-aspectmaxmin3-radius1-imbalance1-rep3,ML2DAC,0.2689665507506384,0.081058215412734,1.3109012429580125,1.3479999999999999,5.06,54.0,1750.0
371,dim54-clusters13-instances1750-overlap1e-06-1e-05-aspectref1.5-aspectmaxmin3-radius1-imbalance1-rep1,ML2DAC,0.3045012202378103,0.0565745210854642,1.199103663903694,1.4020000000000001,4.63,54.0,1750.0
372,dim54-clusters18-instances2250-overlap1e-06-1e-05-aspectref3-aspectmaxmin1-radius5-imbalance1-rep4,ML2DAC,0.1919567015803658,0.9078613346529172,2.758992153880881,1.35,5.0600000000000005,54.0,2250.0
373,dim54-clusters18-instances3000-overlap1e-06-1e-05-aspectref3-aspectmaxmin3-radius3-imbalance2-rep3,ML2DAC,0.3268408860095836,0.0523917818302542,1.6393721186600605,0.8885000000000001,5.105,54.0,3000.0
374,dim54-clusters18-instances3000-overlap1e-06-1e-05-aspectref3-aspectmaxmin3-radius5-imbalance1-rep4,ML2DAC,0.4145202720205375,0.0144002595348246,0.926793110794598,0.9239999999999999,4.57,54.0,3000.0
375,dim54-clusters2-instances200-overlap1e-06-1e-05-aspectref1.5-aspectmaxmin3-radius3-imbalance2-rep2,ML2DAC,0.2018858211232277,0.2259237739133394,2.571869002428871,1.0699999999999998,5.125,54.0,200.0
376,dim54-clusters8-instances200-overlap1e-06-1e-05-aspectref1.5-aspectmaxmin3-radius3-imbalance2-rep3,ML2DAC,0.2462015657238582,0.8875491191243483,1.796831013991662,0.9325,5.095000000000001,54.0,200.0
377,dim70-clusters13-instances4500-overlap1e-06-1e-05-aspectref3-aspectmaxmin1-radius5-imbalance2-rep1,ML2DAC,0.1405393809182663,0.8032671322303708,3.746043102805901,2.0845,6.735,70.0,4500.0
378,dim70-clusters15-instances400-overlap1e-06-1e-05-aspectref3-aspectmaxmin3-radius3-imbalance1-rep1,ML2DAC,0.356830487292209,0.0538309537645506,1.20048672312797,1.0310000000000001,5.96,70.0,400.0
379,dim70-clusters19-instances3500-overlap1e-06-1e-05-aspectref3-aspectmaxmin1-radius5-imbalance1-rep2,ML2DAC,0.4369777883371376,0.03905268718371,1.4820374850333555,1.3525,5.085,70.0,3500.0
380,dim70-clusters21-instances4000-overlap1e-06-1e-05-aspectref1.5-aspectmaxmin1-radius1-imbalance1-rep4,ML2DAC,0.3812433782296784,0.0204517256488915,0.9516662433058262,2.1580000000000004,5.3,70.0,4000.0
381,dim71-clusters11-instances2250-overlap1e-06-1e-05-aspectref3-aspectmaxmin3-radius1-imbalance1-rep1,ML2DAC,0.1714823614631021,0.998045760568548,1.997989344241701,1.501,5.09,71.0,2250.0
382,dim71-clusters19-instances600-overlap1e-06-1e-05-aspectref3-aspectmaxmin3-radius1-imbalance1-rep1,ML2DAC,0.1505860845413648,0.949859636496878,2.292364797199598,0.8625,5.0600000000000005,71.0,600.0
383,dim71-clusters2-instances2000-overlap1e-06-1e-05-aspectref1.5-aspectmaxmin3-radius5-imbalance1-rep2,ML2DAC,0.3318864404974361,0.5037176171707952,2.537001376717458,1.425,5.1,71.0,2000.0
384,dim71-clusters5-instances2250-overlap1e-06-1e-05-aspectref1.5-aspectmaxmin1-radius1-imbalance2-rep1,ML2DAC,0.17284881150377,0.8522853587918137,1.9210120994139488,1.5425,4.71,71.0,2250.0
385,dim71-clusters6-instances2500-overlap1e-06-1e-05-aspectref3-aspectmaxmin1-radius3-imbalance2-rep2,ML2DAC,0.2751933384281507,0.2018199844289733,1.9801240991900544,1.589,5.035,71.0,2500.0
386,dim71-clusters7-instances2500-overlap1e-06-1e-05-aspectref1.5-aspectmaxmin3-radius1-imbalance1-rep2,ML2DAC,0.1911431147499756,1.0,1.857372070977725,1.7415,5.074999999999999,71.0,2500.0
387,dim99-clusters10-instances200-overlap1e-06-1e-05-aspectref3-aspectmaxmin3-radius3-imbalance2-rep3,ML2DAC,0.0347015367418442,0.9150443732755668,2.2202167686913503,0.9864999999999999,5.105,99.0,200.0
388,dim99-clusters10-instances3500-overlap1e-06-1e-05-aspectref3-aspectmaxmin3-radius3-imbalance2-rep1,ML2DAC,0.0616074723468224,0.7042881351823412,3.478857718577038,1.7315,5.04,99.0,3500.0
389,dim99-clusters15-instances450-overlap1e-06-1e-05-aspectref3-aspectmaxmin3-radius1-imbalance2-rep3,ML2DAC,0.1103137257513968,0.7661800416825699,2.6288694666925227,1.018,5.0649999999999995,99.0,450.0
390,dim99-clusters18-instances1750-overlap1e-06-1e-05-aspectref1.5-aspectmaxmin3-radius3-imbalance1-rep1,ML2DAC,0.0735472210210459,0.9120598595272358,2.937128062064011,1.125,5.075,99.0,1750.0
