numberOfInstances,logNumberOfInstances,numberOfMissingValues,missingValuesRatio,sparsity,numberOfFeatures,logNumberOfFeatures,datasetRatio,logDatasetRatio,sparsityOnNumericColumns,minSkewness,maxSkewness,medianSkewness,meanSkewness,firstQuartileSkewness,thirdQuartileSkewness,minKurtosis,maxKurtosis,medianKurtosis,meanKurtosis,firstQuartileKurtosis,thirdQuartileKurtosis,minCorrelation,maxCorrelation,medianCorrelation,meanCorrelation,firstQuartileCorrelation,thirdQuartileCorrelation,minCovariance,maxCovariance,medianCovariance,meanCovariance,firstQuartileCovariance,thirdQuartileCovariance,PCAFractionOfComponentsFor95PercentVariance,PCAKurtosisFirstPC,PCASkewnessFirstPC,minEntropy,maxEntropy,medianEntropy,meanEntropy,firstQuartileEntropy,thirdQuartileEntropy,minMutualInformation,maxMutualInformation,medianMutualInformation,meanMutualInformation,firstQuartileMutualInformation,thirdQuartileMutualInformation,dataset
8630.0,9.062999784077473,0,0.0,0.0037378985534332596,30.0,3.4011973816621555,0.0034762456546929316,-5.661802402415318,0.0,-0.9370357795397442,0.7363910238557732,-0.27635943138304747,-0.1387356979739297,-0.45450716674146513,0.21999458314311313,-1.4880862241599284,2.0475138949762144,-0.9558003078227335,-0.7871912429522196,-1.2593964900715253,-0.701893856728259,-0.8321958110719557,0.7727989612040527,0.03614840638960112,0.006010354471034103,-0.23640078477085705,0.24326888749189884,-25.840564492155767,43.9545072803749,1.2832950623665118,1.2344618346602418,-5.745033163609122,7.870941564163387,0.3,-1.0619879177755518,0.3149327591883227,,,,,,,,,,,,,type=varied-k=10-n=10000-d=30-noise=0.csv
86.0,4.454347296253507,0,0.0,0.18604651162790697,2.0,0.6931471805599453,0.023255813953488372,-3.7612001156935624,0.0,-0.04617317277958029,1.6470778368762047,0.8004523320483122,0.8004523320483122,0.37713957963436595,1.2237650844622585,-1.988680427100731,6.771506867178616,2.391413220038942,2.391413220038942,0.20136639646910548,4.581460043608779,-0.2728196271748956,0.0,-0.2728196271748956,-0.2728196271748956,-0.2728196271748956,-0.2728196271748956,-0.02724591486614924,0.21763540426908037,0.009290573914917579,0.052242659308191566,-0.02724591486614924,0.0887791480892584,1.0,-1.9667496841670977,0.05179500646064951,,,,,,,,,,,,,type=moons-k=2-n=1000-d=2-noise=0.0.csv
2870.0,7.962067308753666,0,0.0,0.0006832001093120175,50.0,3.912023005428146,0.017421602787456445,-4.050044303325521,0.0,-0.7048779724054237,0.5462378537182091,-0.03153231333370299,-0.05100453339692157,-0.19340806477896805,0.12254086354445944,-1.490801467624885,-0.31378159786563087,-1.0474208936386757,-1.0263344112666437,-1.2126939783169948,-0.8976501327079245,-0.45086976294847997,0.5362139956174939,0.00229512692829739,0.007741556965273456,-0.10690091936479687,0.12294685596915331,-16.47042916926515,51.536037193382676,0.20283781140648746,0.8991659734999452,-3.333649931856823,4.346026920012815,0.58,-0.45144802542353624,0.3176391621157723,,,,,,,,,,,,,type=varied-k=50-n=5000-d=50-noise=0.csv
542.0,6.295266001439646,0,0.0,0.0011903344839900012,30.0,3.4011973816621555,0.055350553505535055,-2.8940686197774905,0.0,-0.6437359261854209,0.7569145202189785,-0.08877232322819663,-0.06942460692650201,-0.1947809488693954,0.04541596072772246,-1.5048706125585196,0.015516036900317332,-0.9824000827346888,-0.9445920059838506,-1.1803430048428505,-0.747298600627916,-0.4846315268947,0.4686391722264848,-0.011278204265193582,-0.008644558817257704,-0.12215977237793452,0.10938399620409323,-16.488299214327817,47.37274599051386,-0.037501832344724845,0.7794382694547054,-3.577306390274114,3.81274788091739,0.7,-0.9109064425891931,0.07358286105192069,,,,,,,,,,,,,type=gaussian-k=50-n=1000-d=30-noise=0.csv
2453.0,7.805067044258489,0,0.0,0.0,2.0,0.6931471805599453,0.0008153281695882593,-7.111919863698544,0.0,-0.005147072311556959,0.011699164247372534,0.0032760459679077873,0.0032760459679077873,-0.0009355131718245856,0.00748760510764016,-1.4621049783571,-1.4572635579323994,-1.4596842681447497,-1.4596842681447497,-1.4608946232509248,-1.4584739130385747,0.0015939715283099078,0.0015939715283099078,0.0015939715283099078,0.0015939715283099078,0.0015939715283099078,0.0015939715283099078,0.0002024239959009692,0.12911822913155072,0.06255306247645774,0.0636066945200918,0.0002024239959009692,0.12595733300064857,1.0,-1.4584123801196913,0.01039234254511306,,,,,,,,,,,,,type=circles-k=2-n=5000-d=2-noise=0.05.csv
1034.0,6.9411900550683745,0,0.0,0.19052224371373308,2.0,0.6931471805599453,0.0019342359767891683,-6.248042874508429,0.0,0.0983633637180329,0.5015993823672201,0.2999813730426265,0.2999813730426265,0.1991723683803297,0.4007903777049233,-1.5350854758507702,-0.6786605676120914,-1.1068730217314307,-1.1068730217314307,-1.3209792487911005,-0.892766794671761,-0.31147596036722663,0.0,-0.3114759603672266,-0.3114759603672266,-0.31147596036722663,-0.3114759603672266,-0.050998506751958696,0.16669485978448473,0.05491141078093156,0.05637979364859729,-0.050998506751958696,0.16228971118148755,1.0,-0.7516740717735173,0.335975711741305,,,,,,,,,,,,,type=moons-k=2-n=5000-d=2-noise=0.01.csv
6215.0,8.734721003944811,0,0.0,0.0010380712635922457,30.0,3.4011973816621555,0.004827031375703942,-5.333523622282656,0.0,-0.5211166085151769,0.7658749999399911,-0.10348930357914204,-0.04897934314842736,-0.22782788446325453,0.08893418931204601,-1.4299198044242418,-0.005600008164796666,-1.040258543109239,-0.9818517078772562,-1.1597092404966713,-0.8435493911734686,-0.4428637333095358,0.4655287571141265,-0.006710905258078766,-0.00730980115245175,-0.11407901870756344,0.10417149947707427,-15.02731402640636,46.266980543756056,0.04823569443790215,0.850032605942214,-3.2697948561344594,3.8024052253405833,0.7333333333333333,-0.775758942511326,0.209094600635397,,,,,,,,,,,,,type=varied-k=50-n=10000-d=30-noise=0.csv
4566.0,8.42639282708974,0,0.0,0.0035324205558616988,30.0,3.4011973816621555,0.006570302233902759,-5.025195445427586,0.0,-1.0037080538653151,0.6461418780412712,-0.23977479913080538,-0.15304063724208528,-0.4719675071359237,0.1920890080755019,-1.4783163130733867,1.3249848834301767,-0.8598078576551376,-0.8101171376467219,-1.2443689757109249,-0.65826865115849,-0.8313219752438427,0.7581001472369199,0.026400481248978827,0.004095884397747755,-0.22537466662845734,0.24466618698727846,-25.19876172081145,43.94453814269674,1.0366768799890131,1.1620153632136447,-6.021001653990238,7.691813598082941,0.3,-0.9376554718158472,0.2903523875936413,,,,,,,,,,,,,type=varied-k=10-n=5000-d=30-noise=0.csv
6308.0,8.74957394808293,0,0.0,0.0010351001529337162,50.0,3.912023005428146,0.007926442612555484,-4.837550942654783,0.0,-0.8932171035103729,0.5074526330049309,-0.08874876839446322,-0.08592413190118174,-0.28645834612393145,0.10737286296068663,-1.5207491635170622,0.1968667180627124,-1.0232131470327586,-0.9959685453006233,-1.2639309462132524,-0.8368158985700989,-0.5320727238010624,0.6214893531752598,-0.0005639865675188904,0.005489417541399913,-0.14136076063347072,0.152020552470998,-20.470790721461267,49.90784165448377,0.21408214210925808,0.8396336054674648,-4.324017953264781,5.11097095350837,0.42,-1.1695575366748856,0.05175526646171906,,,,,,,,,,,,,type=gaussian-k=30-n=10000-d=50-noise=0.csv
3895.0,8.267448958304849,0,0.0,0.01150659353483487,10.0,2.3025850929940455,0.0025673940949935813,-5.964863865310803,0.0,-1.7427694194849956,1.1083992184653795,-0.14572511949956898,-0.3638019741510244,-0.5591664142358077,-0.03644239613957062,-1.3909054502145874,2.8775307758483404,-0.6203834914132171,-0.030083954525913746,-0.8970416358223945,0.35723210158795937,-0.4661564245655819,0.5972124807883156,-0.002610791480770368,0.048876438945887696,-0.10882077824120821,0.21253687682139574,-16.16860638816098,46.834707809730894,1.0987251704706362,3.307581498274179,-2.2301750660627837,6.122931596206923,0.7,-0.965300837183598,0.23627463385951072,,,,,,,,,,,,,type=gaussian-k=10-n=5000-d=10-noise=0.csv
2386.0,7.777373602657861,0,0.0,0.0008217872228522591,50.0,3.912023005428146,0.020955574182732608,-3.8653505972297153,0.0,-0.8754503816339246,0.43727312512986666,-0.05633578013910507,-0.06371470002293628,-0.2559873311166014,0.1816741620495447,-1.4231979070779661,0.30809770099235845,-1.057418048354606,-1.0144161483166658,-1.1747231060172678,-0.8870855457934386,-0.4723948117185097,0.5638564715913579,0.006455896088901649,0.009534561475586243,-0.11552193304739157,0.1274893315547859,-16.35242174045514,47.36514591515964,0.41637535190176883,0.910857396138181,-3.4896128919591467,4.414220648618869,0.56,-0.3285924969717131,-0.008055053511387088,,,,,,,,,,,,,type=gaussian-k=50-n=5000-d=50-noise=0.csv
8933.0,9.09750756370184,0,0.0,0.003600278777855216,30.0,3.4011973816621555,0.0033583342662039627,-5.696310182039683,0.0,-1.1255281292480597,0.6114914368704332,-0.22747798040541178,-0.17599803324806312,-0.5359921891194228,0.20322953880094627,-1.496229004970944,1.0436065097199663,-0.8221476712776421,-0.7969227397388859,-1.1725651329291265,-0.6206622512129325,-0.8260836147309333,0.7493085817468994,0.016920691097358824,0.0014243765940119147,-0.21847883289503256,0.22922969785558017,-22.604179544773963,43.829478359864986,0.8905053563247772,1.0849331420377852,-5.862610270971423,7.094462101993138,0.3,-1.0741215617209516,0.04961099742765228,,,,,,,,,,,,,type=gaussian-k=10-n=10000-d=30-noise=0.csv
472.0,6.156978985585555,0,0.0,0.18008474576271186,2.0,0.6931471805599453,0.00423728813559322,-5.46383180502561,0.0,-0.42765380975327805,-0.18982574889780002,-0.30873977932553903,-0.30873977932553903,-0.36819679453940857,-0.24928276411166952,-1.3165166702402342,-0.3237374253404828,-0.8201270477903585,-0.8201270477903585,-1.0683218590152963,-0.5719322365654207,-0.43563167682465354,0.0,-0.43563167682465354,-0.43563167682465354,-0.43563167682465354,-0.43563167682465354,-0.09645730289577091,0.2599932708375682,0.046055613879606876,0.06391179892525276,-0.09645730289577091,0.20642471570063053,1.0,-0.944018958863238,0.059562128710925144,,,,,,,,,,,,,type=moons-k=2-n=1000-d=2-noise=0.05.csv
7858.0,8.969287400118406,0,0.0,0.01086327772507462,10.0,2.3025850929940455,0.0012725884448969204,-6.666702307124359,0.0,-1.9085570834800092,1.036323765564705,-0.06520230850216854,-0.33342678733449393,-0.41092679852487324,-0.03858572789468271,-1.3513069021877135,3.5137749083996948,-0.6510358686614541,0.04592940298661965,-0.9940983362790838,0.16686326251921801,-0.3913125585167022,0.6213647440714652,0.019564102980159273,0.056861972311178295,-0.10401216782579736,0.2616546763631522,-13.983211592397703,47.6101647120361,1.0846601988492264,3.6233337191807227,-1.9072965655659597,6.632728536830933,0.7,-1.0248763768598557,0.1267555052160847,,,,,,,,,,,,,type=gaussian-k=10-n=10000-d=10-noise=0.csv
3028.0,8.01565761455734,0,0.0,0.0010546725188562663,30.0,3.4011973816621555,0.009907529722589167,-4.614460232895184,0.0,-0.6343238898780778,0.7009487037987685,-0.11214358890159752,-0.07115580735960952,-0.31644968421368547,0.1467298232134451,-1.3917101844875415,-0.20811171235163606,-1.0855964135394955,-0.9929049687806137,-1.1233679382635555,-0.893126046225891,-0.44330265298381993,0.3452657315507931,-0.0030144530298441986,-0.0026152028155247416,-0.1244414768748175,0.11424266863603318,-15.933814921354243,44.113134561505994,0.32205623173254405,0.9658915226029932,-3.7132051781894764,4.187237470031007,0.7333333333333333,-0.8877156909703396,0.08649878859839569,,,,,,,,,,,,,type=varied-k=50-n=5000-d=30-noise=0.csv
869.0,6.767343125265392,0,0.0,0.0036749693752552064,30.0,3.4011973816621555,0.03452243958573072,-3.3661457436032367,0.0,-1.121342336689767,0.6346348952629125,-0.2423293162144945,-0.15431180464192465,-0.45110106312777526,0.19089773598292753,-1.5020683442817597,1.0613402438092825,-0.8639236841723363,-0.7821474506549357,-1.2494834199436786,-0.5454702928954654,-0.8174948201302255,0.7657033410545316,0.020541140517842435,0.00020899863771334633,-0.22621472460377567,0.22186823761327595,-24.344753121783874,42.161592853919956,1.0790682657548207,1.0534872656655296,-5.787839583974076,7.25431463790317,0.3,-1.1181267267291761,-0.2048543009467413,,,,,,,,,,,,,type=gaussian-k=10-n=1000-d=30-noise=0.csv
6427.0,8.768263145371286,0,0.0,0.004710242301653535,10.0,2.3025850929940455,0.0015559358954411078,-6.46567805237724,0.0,-0.9712944403832866,0.6590985825424965,-0.22607964748367404,-0.23449070973272362,-0.5083978173341763,-0.09044124620004872,-1.1891151510163944,0.4864126390816699,-0.7593188387893395,-0.6111335468914671,-1.00988757404138,-0.32461708140720213,-0.48117476671617937,0.3469589837419686,0.005236437759115871,-0.006393231744789666,-0.11516758411396362,0.11527576531419582,-12.601077219310037,40.87765143417511,1.1487533929384899,2.4096710185917702,-2.4748581152945106,5.11116333650233,0.9,-0.6313955086364227,0.6732458463834147,,,,,,,,,,,,,type=gaussian-k=30-n=10000-d=10-noise=0.csv
4168.0,8.335191583433202,0,0.0,0.0023145534605396863,50.0,3.912023005428146,0.01199616122840691,-4.423168578005057,0.0,-1.3470371811607118,0.7536112809381934,-0.09991789834864441,-0.10378695469495124,-0.3975175814836876,0.35082408462946735,-1.507823535455849,1.7627165301789987,-0.8971001746262548,-0.7210553533409191,-1.2143685270263056,-0.4970248316671556,-0.8215319006551141,0.9386275512664278,0.004646450918540377,-0.0019921951798508803,-0.24513613484361996,0.2361803108500529,-32.03267078235418,51.959381169295746,0.46414562854102137,0.4997953305138528,-6.341763038301325,6.911610677522383,0.16,0.3116677822370151,0.12407021496542961,,,,,,,,,,,,,type=gaussian-k=10-n=5000-d=50-noise=0.csv
672.0,6.51025834052315,0,0.0,0.0016321044546850998,30.0,3.4011973816621555,0.044642857142857144,-3.109060958860994,0.0,-0.9720651829749868,0.7492515397512307,-0.06100854783090512,-0.08182215541839054,-0.3247662534685323,0.17198361996421696,-1.3246147718184338,0.3163688371076647,-1.035871362225302,-0.8549418041174058,-1.1481019424097498,-0.6499943613372716,-0.549094044784555,0.507469773940964,-0.013276246509644244,-0.006056686046029573,-0.1477224456953352,0.14673371757449943,-17.72254116109641,42.37732727142791,-0.1648532430385507,0.8374689738242516,-4.479058646383081,4.825935184790179,0.6,-0.5634400969868611,-0.1422879933212482,,,,,,,,,,,,,type=varied-k=30-n=1000-d=30-noise=0.csv
500.0,6.214608098422191,0,0.0,0.0006666666666666666,2.0,0.6931471805599453,0.004,-5.521460917862246,0.001,3.517007107451656e-17,4.145044090925166e-17,3.831025599188411e-17,3.831025599188411e-17,3.6740163533200336e-17,3.988034845056789e-17,-1.5000000000000004,-1.5000000000000002,-1.5000000000000004,-1.5000000000000004,-1.5000000000000004,-1.5000000000000002,1.4210854715202007e-17,1.4210854715202007e-17,1.4210854715202007e-17,1.4210854715202007e-17,1.4210854715202007e-17,1.4210854715202007e-17,1.7799166727457418e-18,0.125250501002004,0.06262525050100197,0.06262525050100198,1.7799166727457418e-18,0.12525050100200397,1.0,-1.5000000000000004,-4.019436694230464e-17,,,,,,,,,,,,,type=circles-k=2-n=1000-d=2-noise=0.0.csv
865.0,6.762729506931879,0,0.0,0.010509721492380452,10.0,2.3025850929940455,0.011560693641618497,-4.460144413937834,0.0,-1.539206042052163,0.8872869711312034,-0.12635907845772967,-0.3096255848089993,-0.5306744864711312,0.055155479987652835,-1.3900271756494245,2.077960967930143,-0.6817894306005807,-0.32136799892042334,-0.9031217467589164,-0.26989101768447354,-0.471998995139623,0.6483530515011361,-0.010910407043889762,0.04886253091096966,-0.12582429644142512,0.2531068133681908,-14.6033503548974,44.76053235271745,0.5686921537570597,3.5259381147421327,-2.5494681491827142,8.166738026609254,0.7,-0.8486775352860754,0.015177216049016017,,,,,,,,,,,,,type=varied-k=10-n=1000-d=10-noise=0.csv
2201.0,7.696667081526462,0,0.0,0.16810540663334847,2.0,0.6931471805599453,0.0009086778736937755,-7.003519900966516,0.0,-0.07142367957862455,-0.007982748508740874,-0.03970321404368271,-0.03970321404368271,-0.05556344681115363,-0.023842981276211796,-1.3380926048222141,-0.9842489076174048,-1.1611707562198095,-1.1611707562198095,-1.249631680521012,-1.072709831918607,-0.6285310244274063,0.0,-0.6285310244274063,-0.6285310244274063,-0.6285310244274063,-0.6285310244274062,-0.17644065416344337,0.3017543777068561,0.04235475415543123,0.052505807963568796,-0.17644065416344337,0.2713012162824434,1.0,-0.9515151551294183,0.03542746251508861,,,,,,,,,,,,,type=moons-k=2-n=5000-d=2-noise=0.05.csv
4272.0,8.35983738064003,0,0.0,0.003760420442189199,30.0,3.4011973816621555,0.007022471910112359,-4.958639998977875,0.0,-1.0680441233620317,0.6932108668062513,-0.25331031026850886,-0.14423627466002606,-0.46652083677006406,0.20551415831702308,-1.474562550748423,0.9490923186247326,-0.8371137455731701,-0.7868324162036409,-1.2497672849156503,-0.6111717195305486,-0.8295529051205671,0.7670587909329131,0.02664027291966828,0.0016720554429931753,-0.24159586481383602,0.23311399651038778,-26.2145401114653,43.921701003483115,0.9342088127184278,1.079299597324629,-5.818762866688643,7.233403055565347,0.3,-0.8693898922384178,0.5267607401127273,,,,,,,,,,,,,type=gaussian-k=10-n=5000-d=30-noise=0.csv
3461.0,8.149312843635345,0,0.0,0.0009461166726153044,50.0,3.912023005428146,0.01444669170759896,-4.237289838207198,0.0,-0.8137349197462538,0.6312541819208125,-0.03402362722623689,-0.05181942412783332,-0.2576383933303221,0.13063371517941977,-1.4859159412566865,-0.12316650163400134,-1.1570067950100662,-1.0464547563700657,-1.2801697882477208,-0.8269183870044868,-0.5881424216569293,0.5843815943833797,0.0091799199175596,0.00789297907326017,-0.1308496155680926,0.14504409207670946,-20.33589306986181,49.358108857747794,0.47984092162520264,0.9360679027712051,-4.158254477981106,5.125828796964061,0.44,-1.1309939175350152,0.2092094422099476,,,,,,,,,,,,,type=varied-k=30-n=5000-d=50-noise=0.csv
644.0,6.467698726104353,0,0.0,0.004799548277809147,10.0,2.3025850929940455,0.015527950310559006,-4.165113633110308,0.0,-0.9677861775891972,0.5532694072065759,-0.16472073950920807,-0.21768595177253255,-0.5077707099857298,-0.014943949622470145,-1.1874907537605357,0.29464651553506327,-0.7399886779124063,-0.5927407761897537,-0.9587419137136577,-0.18903761945372344,-0.5164507437303506,0.34200726585100966,-0.013740868234654502,-0.012843883938244134,-0.1538373497771284,0.11495966881335683,-13.658220870110101,40.07875620914955,0.6609053390009385,2.306956928141905,-3.4148068593799294,5.346789894236233,0.9,-0.700506423308445,0.32564386525300537,,,,,,,,,,,,,type=gaussian-k=30-n=1000-d=10-noise=0.csv
4965.0,8.510168576479273,0,0.0,0.0,2.0,0.6931471805599453,0.0004028197381671702,-7.817021395919327,0.0,0.0022960134438925464,0.006965726024516176,0.0046308697342043615,0.0046308697342043615,0.0034634415890484535,0.005798297879360269,-1.4510343268095527,-1.4458194721713777,-1.4484268994904652,-1.4484268994904652,-1.449730613150009,-1.4471231858309215,-0.00013890087773938618,0.0,-0.00013890087773938618,-0.00013890087773938618,-0.00013890087773938618,-0.00013890087773938618,-1.7657647454118666e-05,0.12745071153758547,0.06339032228630605,0.06355342461568586,-1.7657647454118666e-05,0.12696140454944604,1.0,-1.4512115014733908,-0.0024049947281338194,,,,,,,,,,,,,type=circles-k=2-n=10000-d=2-noise=0.05.csv
636.0,6.455198563340122,0,0.0,0.0016230472712517752,30.0,3.4011973816621555,0.04716981132075472,-3.0540011816779664,0.0,-0.673658620861576,0.6835204620752938,-0.04033857969438135,-0.0546886083097747,-0.2927042870375385,0.15229815441946218,-1.3434596478983307,-0.018512711910038337,-1.026835092086631,-0.9253024016458474,-1.175469933239612,-0.7916545294660009,-0.502902567946807,0.493006896811479,-0.014050618905833602,-0.005308710992190989,-0.1379038282493188,0.1318091087801403,-17.25985665288272,41.24480934650298,0.010571702767643455,0.8841332770805156,-4.088857086398697,4.638622555276009,0.6333333333333333,-0.6714930750307113,0.24961670548238557,,,,,,,,,,,,,type=gaussian-k=30-n=1000-d=30-noise=0.csv
609.0,6.411818267709897,0,0.0,0.001030297176341801,50.0,3.912023005428146,0.08210180623973727,-2.4997952622817508,0.0,-0.8902171836765694,0.5026423060992381,-0.09806899741199575,-0.07853503761868458,-0.27353905425337605,0.096178910931477,-1.4313363597526088,0.10281900652594489,-1.0379942795283312,-0.983741124129289,-1.2637667051350352,-0.7791802363476423,-0.6458743582305883,0.6791404196671177,0.007539703808366204,0.00891822875588965,-0.13713147764648081,0.15339946390766368,-26.358697380938224,50.00774950357247,0.39137831874087425,0.9760927436129012,-4.248265256497742,5.118506810017053,0.4,-0.9462541330639764,-0.03406239815270478,,,,,,,,,,,,,type=gaussian-k=30-n=1000-d=50-noise=0.csv
3051.0,8.02322468471667,0,0.0,0.15415710695946686,2.0,0.6931471805599453,0.0006555227794165847,-7.3300775041567245,0.0,0.13756706404122612,0.1529854198310871,0.14527624193615662,0.14527624193615662,0.14142165298869136,0.14913083088362186,-1.3681299381928107,-0.4512059397117465,-0.9096679389522786,-0.9096679389522786,-1.1388989385725448,-0.6804369393320125,-0.5360619300177583,0.0,-0.5360619300177583,-0.5360619300177583,-0.5360619300177583,-0.5360619300177583,-0.15822087572489016,0.3430323064630215,0.04786877117035836,0.07013724326971202,-0.15822087572489016,0.27622689016496055,1.0,-0.8957159367129521,0.054444590514360014,,,,,,,,,,,,,type=moons-k=2-n=5000-d=2-noise=0.1.csv
5643.0,8.63817111796914,0,0.0,0.00177210703526493,30.0,3.4011973816621555,0.00531632110579479,-5.236973736306984,0.0,-0.6166008895703692,0.6465040069387293,-0.04599328731444412,-0.06984889942580412,-0.3730925226524609,0.2543950780478938,-1.3744461853123187,0.1767476950189839,-0.9466032979400889,-0.8648524169525138,-1.09353050363901,-0.719821615699247,-0.5071622934972658,0.6001468114766395,-0.00910478641008804,-0.009783503872233762,-0.1646214109482975,0.13342067790214351,-19.110745163338198,40.46410115297176,0.0032365316656859915,0.7373050153283017,-4.88618125920808,4.5082611532394985,0.6,-0.9149652965870407,0.14998948437248563,,,,,,,,,,,,,type=gaussian-k=30-n=10000-d=30-noise=0.csv
5000.0,8.517193191416236,0,0.0,6.666666666666667e-05,2.0,0.6931471805599453,0.0004,-7.824046010856292,0.0001,-1.587677494221034e-16,4.019436694230464e-17,-5.928669123989938e-17,-5.928669123989938e-17,-1.0902722033100139e-16,-9.546162148797372e-18,-1.5,-1.4999999999999998,-1.5,-1.5,-1.5,-1.4999999999999998,1.2079226507921702e-17,1.2079226507921702e-17,1.2079226507921702e-17,1.2079226507921702e-17,1.2079226507921702e-17,1.2079226507921702e-17,1.5102053545611252e-18,0.1250250050010002,0.0625125025005001,0.0625125025005001,1.5102053545611252e-18,0.1250250050010002,1.0,-1.4999999999999998,-1.587677494221034e-16,,,,,,,,,,,,,type=circles-k=2-n=10000-d=2-noise=0.0.csv
614.0,6.419994928147142,0,0.0,0.18566775244299674,2.0,0.6931471805599453,0.003257328990228013,-5.726847747587197,0.0,-0.3521347267973868,-0.17970069775831254,-0.26591771227784966,-0.26591771227784966,-0.3090262195376182,-0.2228092050180811,-1.336863034805263,-0.49777506913986747,-0.9173190519725652,-0.9173190519725652,-1.127091043388914,-0.7075470605562164,-0.5212849887016735,0.0,-0.5212849887016735,-0.5212849887016735,-0.5212849887016735,-0.5212849887016735,-0.15396519793254865,0.3444742272074958,0.0496390489676288,0.0724467818025512,-0.15396519793254865,0.27605102870272863,1.0,-0.9580134403876901,-0.010279902967900163,,,,,,,,,,,,,type=moons-k=2-n=1000-d=2-noise=0.1.csv
9055.0,9.111072370317514,0,0.0,0.002165416138846483,50.0,3.912023005428146,0.005521811154058531,-5.199049364889367,0.0,-1.3194214422880521,0.7062233887677081,-0.07926622075121109,-0.08266846215296673,-0.37857120682585005,0.3138411924026888,-1.497111259929526,1.8510264079400027,-1.0795217549265792,-0.7761675749013507,-1.2080897213959076,-0.5095235203776997,-0.8336249796976106,0.9338849021545491,-0.002695767951399514,-0.0037628870439256686,-0.24375460121921844,0.24107970252068353,-34.35827645260161,56.946639203966825,0.20688699679730577,0.48057701655203516,-6.730110730437161,7.188360574373523,0.18,-0.4093207181026228,0.47332722107392966,,,,,,,,,,,,,type=varied-k=10-n=10000-d=50-noise=0.csv
652.0,6.480044561926653,0,0.0,0.002788622420524261,10.0,2.3025850929940455,0.015337423312883436,-4.177459468932607,0.0,-0.8996067658510768,0.33622050713427754,-0.08788953337615463,-0.148813424896509,-0.2969101825169024,-0.02694486034537297,-1.3662458785097595,-0.35096914970401505,-0.9416633244162846,-0.8519759374702728,-1.0791472369909472,-0.6043636756878599,-0.41244860939718825,0.22735208667656,-0.028943489999559948,-0.010868308933048812,-0.11854296785682568,0.13358057249424526,-14.180002721462126,41.8642966072883,-0.215119242598883,2.4903788940995444,-3.1880939499089505,4.517203410665454,0.9,-0.8938280313321796,-0.27830314902119796,,,,,,,,,,,,,type=gaussian-k=50-n=1000-d=10-noise=0.csv
6580.0,8.791790024319363,0,0.0,0.0005959830740806961,50.0,3.912023005428146,0.007598784194528876,-4.879767018891217,0.0,-0.8967513042084725,0.47999822442463536,-0.06580682109616821,-0.04500257773870506,-0.19751673468036013,0.10574554285401772,-1.3536734417873644,-0.00203934544052764,-1.1075203202670187,-1.0640445999787593,-1.2481934549573488,-0.9512083329982508,-0.4006920592459716,0.49569741330056916,0.006674464343364436,0.007162127209896729,-0.10447738451248827,0.11410019986942382,-14.197454011617895,46.05236711719054,0.36707252406180213,0.9008133769577679,-3.2342121768460297,3.941832220686132,0.6,-0.5328536576107576,0.2728870755528353,,,,,,,,,,,,,type=varied-k=50-n=10000-d=50-noise=0.csv
6822.0,8.82790796297859,0,0.0,0.0009457069632403703,30.0,3.4011973816621555,0.0043975373790677225,-5.426710581316436,0.0,-0.5181310362526581,0.754662679473598,-0.06928150882306433,-0.04600440780276683,-0.25309398180639187,0.12851660234064605,-1.3953136354930593,-0.00832589098661174,-1.042052454014764,-0.9903115852364706,-1.1316274165591462,-0.8831198435478799,-0.41852784786471664,0.4455603325004377,-0.007817005077738392,-0.010815587020394398,-0.11791571481176578,0.10324993852899005,-14.592624339054337,43.56534175627399,0.005577792363290351,0.7395081194915484,-3.647370838910309,3.747889763720284,0.7333333333333333,-0.7619230726958701,-0.016767373420528964,,,,,,,,,,,,,type=gaussian-k=50-n=10000-d=30-noise=0.csv
3309.0,8.104401307921611,0,0.0,0.004588038132915739,10.0,2.3025850929940455,0.0030220610456331218,-5.801816214927566,0.0,-1.012714777018116,0.5504601577986412,-0.22017749330948863,-0.25014659731999367,-0.49042002598694445,-0.07471744750080536,-1.125149757380809,0.0526310129157741,-0.802101870247429,-0.6669949105237165,-1.0159807561074565,-0.36516679838362864,-0.40355529690179714,0.3024020106413597,0.04799573106852027,0.011140819328626348,-0.11890116508101772,0.1321121060325766,-10.786534289988193,39.55170381909148,1.6432261347921253,2.816038912027489,-2.7313390367883406,4.448849440748138,0.9,-0.8795673002014475,0.23672914444627877,,,,,,,,,,,,,type=varied-k=30-n=5000-d=10-noise=0.csv
1597.0,7.3758821482150125,0,0.0,0.1857649759966604,2.0,0.6931471805599453,0.0012523481527864746,-6.682734967655067,0.0,-0.2060538718446203,0.0974608193415477,-0.054296526251536296,-0.054296526251536296,-0.13017519904807828,0.021582146545005704,-1.9005155599847103,-0.8398307501544702,-1.3701731550695904,-1.3701731550695904,-1.6353443575271502,-1.1050019526120303,0.37815893188089017,0.37815893188089017,0.37815893188089017,0.37815893188089017,0.37815893188089017,0.37815893188089017,0.02546824132908665,0.18658525886802288,0.026068287709418672,0.06604751890398672,0.025918276114335666,0.06619753049906972,1.0,-1.9311075850780919,0.21965018849597523,,,,,,,,,,,,,type=moons-k=2-n=10000-d=2-noise=0.0.csv
6856.0,8.832879460277615,0,0.0,0.001571498475552377,30.0,3.4011973816621555,0.004375729288214702,-5.43168207861546,0.0,-0.7946243385501804,0.6749136190701425,-0.09169844658970835,-0.11194165736232733,-0.2719636359397928,0.10052645595196019,-1.4261051283398438,0.10825148784115557,-1.0647828178262044,-0.8966293628514725,-1.1895939446215165,-0.6726636248902456,-0.5515129459069751,0.5162608188317638,0.0017232198941084008,-0.0033029975616210576,-0.14936462136655687,0.14072550530188432,-16.756476594896174,41.91442103406894,0.18785852541780668,0.9471614299331095,-4.452056596087745,4.7657331116595945,0.6,-0.590145564613624,0.2845490293513544,,,,,,,,,,,,,type=varied-k=30-n=10000-d=30-noise=0.csv
2798.0,7.936660155225426,0,0.0,0.001072194424588992,30.0,3.4011973816621555,0.010721944245889922,-4.535462773563271,0.0,-0.4984188496359394,0.8354018701100512,-0.12235862853319915,-0.058166496987889484,-0.2135339629809356,0.05017163746567457,-1.4425361735442377,0.12207754603700982,-1.025392694334694,-0.9578149456235124,-1.1693189377476885,-0.8337243602149973,-0.5403717273903784,0.4889148367821851,-0.004584476635575599,-0.007083979065936772,-0.11215560045745446,0.10924182738452473,-18.67171152746288,45.24138661842926,0.06079613292424521,0.8084062353548581,-3.281341226344761,3.827833886006679,0.7,-0.3683848755827652,0.26830514696294033,,,,,,,,,,,,,type=gaussian-k=50-n=5000-d=30-noise=0.csv
798.0,6.682108597449808,0,0.0,0.11654135338345864,2.0,0.6931471805599453,0.002506265664160401,-5.988961416889864,0.0,-0.8627534520732404,-0.41705965418460705,-0.6399065531289237,-0.6399065531289237,-0.7513300026010821,-0.5284831036567654,-1.7732744660360025,-0.951318122069365,-1.3622962940526837,-1.3622962940526837,-1.567785380044343,-1.1568072080610243,-0.472685455205114,0.0,-0.472685455205114,-0.472685455205114,-0.472685455205114,-0.472685455205114,-0.07773340565196293,0.20986874219046342,0.025564042827490946,0.045815855548370595,-0.07773340565196293,0.14911330402782447,1.0,-1.5249094922496862,-0.0767442605700085,,,,,,,,,,,,,type=moons-k=2-n=5000-d=2-noise=0.0.csv
6958.0,8.847647355711887,0,0.0,0.004363845410123076,10.0,2.3025850929940455,0.0014371945961483186,-6.545062262717841,0.0,-0.8842821348898672,0.5261419547034979,-0.20233058233683154,-0.2051153003435479,-0.4660929289532558,-0.023727296516917892,-1.2235031950295994,0.22198741037436776,-0.8124739616274792,-0.6802612120774784,-1.0541531561937663,-0.33611871358350565,-0.38697649746472257,0.4177808436890014,0.015102739381255195,0.007557717272471704,-0.11664854077903704,0.11529163189542488,-11.77141664655069,41.734411890497306,0.6927576224303986,2.839829038239375,-2.6627777541918483,4.875665351990614,0.9,-0.7975416288459671,0.236976793655653,,,,,,,,,,,,,type=varied-k=30-n=10000-d=10-noise=0.csv
795.0,6.678342114654332,0,0.0,0.002466395363176717,50.0,3.912023005428146,0.06289308176100629,-2.7663191092261856,0.0,-1.4688386702125422,1.0231758597313083,-0.054103975075147415,-0.061725902102772005,-0.46395627277940227,0.34485260539629903,-1.5305361355018077,2.911372804740802,-1.0122851660226204,-0.6877427239562968,-1.200109668791654,-0.41053611450216987,-0.8386361761692543,0.9337992148833495,0.005783627110243688,-0.0020776839108730357,-0.24749675296330376,0.24576690207307095,-33.47901782753279,51.11193995193769,0.4052933523710042,0.501724603775353,-6.42621735001729,6.735363638090724,0.16,-0.9724480411465279,-0.10694614968640911,,,,,,,,,,,,,type=varied-k=10-n=1000-d=50-noise=0.csv
6811.0,8.826294231241318,0,0.0,0.0026694785173716315,10.0,2.3025850929940455,0.0014682131845543973,-6.5237091382472725,0.0,-0.7667768111284341,0.33887835242343883,-0.07319803138208092,-0.11454635009707329,-0.27628916776522316,-0.015144856095419403,-1.3162628995489736,-0.3373201074331189,-0.9838946538587356,-0.8796043152459158,-1.0271013425063056,-0.6981179027911942,-0.3686559779350751,0.2469610009435553,-0.01983116497322893,-0.009898029755185864,-0.11153599171505169,0.1097893839059468,-13.087912021274065,40.785873751425456,-0.2962768182668618,2.583173305197365,-2.9977503740883913,5.100163892751195,0.9,-0.9182647875328951,0.283991238714923,,,,,,,,,,,,,type=varied-k=50-n=10000-d=10-noise=0.csv
598.0,6.393590753950631,0,0.0,0.0030404378230465185,10.0,2.3025850929940455,0.016722408026755852,-4.091005660956586,0.0,-0.722332900427885,0.33276792500568747,-0.15800975651514318,-0.15208457543065745,-0.3577402811460724,0.0204522498051253,-1.1268800664447904,-0.37859491244056054,-0.8367190385258414,-0.8187236330014167,-1.0488583628142365,-0.6294280055041737,-0.44312622149836356,0.3020680673425167,-0.032218456522127494,-0.007709932714043194,-0.09730589444295634,0.11180987762193866,-14.767238872331736,40.02985077392964,0.13099872902246246,2.5076346541415693,-2.748280409181377,4.088576820531338,0.9,-0.5764491050196976,0.29544917606376775,,,,,,,,,,,,,type=varied-k=50-n=1000-d=10-noise=0.csv
763.0,6.637258031284457,0,0.0,0.004227793514564749,30.0,3.4011973816621555,0.039318479685452164,-3.2360606496223014,0.0,-0.9080471154357526,0.78039102076833,-0.28053356950958447,-0.15967058886658939,-0.5019019387131841,0.1814711415435617,-1.5312916162657726,2.5125318418483156,-0.8768538010274809,-0.7399973815721628,-1.2731200327909467,-0.5864337241246413,-0.8216346417332164,0.7602372104302957,0.013617948597848109,0.004064173871548924,-0.22917173852677553,0.2596688052123072,-26.770078831372622,45.226951268020564,0.6399813172815001,1.1908491224700803,-5.766634115951238,7.5922669041233535,0.26666666666666666,-1.3286179791907125,0.15347209943620604,,,,,,,,,,,,,type=varied-k=10-n=1000-d=30-noise=0.csv
788.0,6.669498089857879,0,0.0,0.011075219197046609,10.0,2.3025850929940455,0.012690355329949238,-4.366912996863833,0.0,-1.8010882723304302,0.983771895312068,-0.09472517783864241,-0.3352799060710211,-0.5591914249833871,0.10812629949684542,-1.3929227291540371,4.1038659038699326,-0.6859893385179068,0.01576002441226094,-1.0623477117138391,-0.09695047720983829,-0.42241164054562685,0.6137678795975813,0.000884022588084854,0.025245289231524186,-0.16224606515239332,0.21095747798175468,-15.19395186560367,46.187866719435654,0.562834445068162,3.1138789320048663,-2.325084120443856,7.320962452768309,0.7,-0.8117175747549994,0.16746933001867187,,,,,,,,,,,,,type=gaussian-k=10-n=1000-d=10-noise=0.csv
3309.0,8.104401307921611,0,0.0,0.0016280135310346173,30.0,3.4011973816621555,0.009066183136899365,-4.703203926259457,0.0,-0.8272777919971983,0.6944571723249915,-0.0656243394580457,-0.09306496319365405,-0.29896688295766494,0.1473899322731711,-1.4837906094697089,0.18844537832481523,-1.0504668890682458,-0.8970248142624927,-1.1759200163025814,-0.7019314208526194,-0.5317988507709354,0.47451655179188384,-0.003537150231316287,-0.0006264155400712257,-0.1505782609661228,0.1569865462276783,-17.59183431039411,43.153655910466966,0.129991252452844,1.0156086896163639,-4.130017297793653,5.370325067837569,0.6333333333333333,-0.7726116458144592,0.2769757370059912,,,,,,,,,,,,,type=varied-k=30-n=5000-d=30-noise=0.csv
7073.0,8.86403999703599,0,0.0,0.0009259182253418828,50.0,3.912023005428146,0.007069136151562279,-4.952016991607843,0.0,-0.8819305132916372,0.6901378621510154,-0.055484178607911626,-0.04584587988117427,-0.2182860803363039,0.17740375977207393,-1.466207998600141,-0.033448478640242474,-1.1091637691281135,-1.0134506647110475,-1.2832968981470771,-0.789481439683011,-0.5600889438490683,0.5533352445022038,0.008550716962678508,0.008728029119088723,-0.13422381350892554,0.14817242177430343,-20.6833879477948,47.93189495487593,0.4041334869645745,0.9506850844203424,-4.106912619113435,5.178311598674193,0.44,-0.9877713952645277,0.1548487118616424,,,,,,,,,,,,,type=varied-k=30-n=10000-d=50-noise=0.csv
8932.0,9.097395612960048,0,0.0,0.0021930402254945864,50.0,3.912023005428146,0.005597850425436633,-5.185372607531902,0.0,-1.3669221960120757,0.6927599950504397,-0.05314461145456145,-0.10313248955301653,-0.37331424298950394,0.3545599486865186,-1.5384109180394272,1.703417373230855,-0.8801809326817032,-0.7532734737494354,-1.2003937823006317,-0.6126892569220612,-0.8320568459039898,0.9302774931152175,0.0011773833998793676,-0.0023712351056966005,-0.24350219717527477,0.2391873781622336,-31.840329489066907,53.38340404715341,0.4297655104912592,0.4909537977607646,-6.46594222559882,7.208424419038914,0.16,0.018239268800152697,0.1636833698870969,,,,,,,,,,,,,type=gaussian-k=10-n=10000-d=50-noise=0.csv
2500.0,7.824046010856292,0,0.0,0.00013333333333333334,2.0,0.6931471805599453,0.0008,-7.1308988302963465,0.0002,-1.6881634115767955e-16,3.8184648595189406e-17,-6.531584628124507e-17,-6.531584628124507e-17,-1.1706609371946232e-16,-1.3565598843027835e-17,-1.5,-1.4999999999999998,-1.5,-1.5,-1.5,-1.4999999999999998,1.8118839761882556e-17,1.811883976188256e-17,1.8118839761882556e-17,1.8118839761882556e-17,1.8118839761882556e-17,1.811883976188256e-17,2.2657612747452176e-18,0.12505002000800322,0.0625250100040016,0.0625250100040016,2.2657612747452176e-18,0.1250500200080032,1.0,-1.4999999999999998,-1.527385943807577e-16,,,,,,,,,,,,,type=circles-k=2-n=5000-d=2-noise=0.0.csv
2667.0,7.888709524182014,0,0.0,0.02249718785151856,2.0,0.6931471805599453,0.0007499062617172854,-7.195562343622068,0.0,-0.09081652881266127,-0.009575087297935441,-0.05019580805529835,-0.05019580805529835,-0.0705061684339798,-0.029885447676616897,-1.146319187534911,-1.0937579448789516,-1.1200385662069312,-1.1200385662069312,-1.1331788768709212,-1.1068982555429414,-0.02692163372593993,0.0,-0.02692163372593993,-0.02692163372593993,-0.02692163372593993,-0.02692163372593993,-0.004041685466673323,0.15690370398833292,0.06980140806692671,0.07311620866387825,-0.004041685466673323,0.1469593021974783,1.0,-1.1282866545183527,0.06706264747007532,,,,,,,,,,,,,type=circles-k=2-n=5000-d=2-noise=0.1.csv
3109.0,8.042056410058754,0,0.0,0.0029240621070791544,10.0,2.3025850929940455,0.0032164683177870698,-5.739471317064708,0.0,-0.9026748894797229,0.33413044790199253,-0.11907922783546793,-0.15430643327831198,-0.32903209585501914,-0.014358846458380642,-1.3591308722254842,-0.3128516350544106,-0.940573768840099,-0.8112151171656382,-0.980640884085769,-0.4746237371088483,-0.36365386740689126,0.2503207996317531,-0.02393269464894122,-0.005837233272810052,-0.07851655670182656,0.12486268107313894,-12.6687856396801,42.30050683269088,0.004579571416235412,2.5158596343989412,-1.905847213478037,3.8222728315450123,0.9,-1.1043048379287699,0.29854781844035005,,,,,,,,,,,,,type=varied-k=50-n=5000-d=10-noise=0.csv
629.0,6.44413125670044,0,0.0,0.0006234608310732878,50.0,3.912023005428146,0.0794912559618442,-2.5321082512722946,0.0,-0.6835423072652976,0.5438505552314323,-0.0510817097372329,-0.05212530435961651,-0.19789974477721434,0.09149000381933033,-1.4070892895726275,-0.45070526634994,-1.1088980561551236,-1.0535016598019251,-1.1966912202832867,-0.9395328207565681,-0.42259443424349213,0.4902534789395074,-8.226583989462733e-05,0.005906889483956036,-0.10258196795786931,0.11316062664013063,-15.174150853622876,46.91368513668346,0.21162520296632947,0.8683709678098624,-3.2767818353671285,3.8122343155915006,0.6,-0.8846591998976003,0.2226507303181554,,,,,,,,,,,,,type=varied-k=50-n=1000-d=50-noise=0.csv
2500.0,7.824046010856292,0,0.0,0.0,2.0,0.6931471805599453,0.0008,-7.1308988302963465,0.0,0.0005325384986359392,0.0014969016428626424,0.0010147200707492907,0.0010147200707492907,0.000773629284692615,0.0012558108568059667,-1.4998211233835144,-1.496467354720877,-1.4981442390521957,-1.4981442390521957,-1.498982681217855,-1.4973057968865364,0.00044706145976519267,0.0004470614597651927,0.0004470614597651927,0.0004470614597651927,0.00044706145976519267,0.0004470614597651927,5.598103214690174e-05,0.12525396580113224,0.06262100362281178,0.06263798851972568,5.598103214690174e-05,0.12520301111039056,1.0,-1.4973635065665238,-0.0017438904960283368,,,,,,,,,,,,,type=circles-k=2-n=5000-d=2-noise=0.01.csv
540.0,6.2915691395583195,0,0.0,0.027777777777777776,2.0,0.6931471805599453,0.003703703703703704,-5.598421958998374,0.0,-0.13497809466483002,-0.011004724727478403,-0.07299140969615421,-0.07299140969615421,-0.10398475218049211,-0.04199806721181631,-1.2785059482730086,-1.0733770843606278,-1.175941516316818,-1.175941516316818,-1.2272237322949133,-1.124659300338723,0.028569334760442804,0.028569334760442804,0.028569334760442804,0.028569334760442804,0.028569334760442804,0.028569334760442804,0.004278071703525812,0.16494001671556893,0.07011256722125746,0.07736080571540241,0.004278071703525812,0.14319530123313406,1.0,-1.056838935895801,0.13338037603519812,,,,,,,,,,,,,type=circles-k=2-n=1000-d=2-noise=0.1.csv
2844.0,7.952966790923131,0,0.0,0.0010617467802873611,50.0,3.912023005428146,0.017580872011251757,-4.040943785494985,0.0,-0.8089981594361138,0.6709457361007329,-0.05296950314782416,-0.07075201213308584,-0.28574853665705935,0.13083795594771694,-1.5165830084829337,0.007231532002587304,-1.0934479004707478,-0.9851981543824302,-1.2187070831862805,-0.7850335123973855,-0.5562708240663018,0.5349750038226048,0.011613980758684372,0.007075838341958059,-0.14041915232278362,0.14952438249263356,-23.08806208591847,51.34661887262428,0.4953795364335839,0.915048743507298,-4.2503042053665965,5.00456688841167,0.42,-1.1962114646979227,0.006954666817765344,,,,,,,,,,,,,type=gaussian-k=30-n=5000-d=50-noise=0.csv
209.0,5.342334251964811,0,0.0,0.17703349282296652,2.0,0.6931471805599453,0.009569377990430622,-4.6491870714048655,0.0,-0.1932709964367889,-0.09394276908961474,-0.14360688276320183,-0.14360688276320183,-0.16843893959999537,-0.11877482592640828,-1.828318551167942,0.7215213444266353,-0.5533986033706534,-0.5533986033706534,-1.1908585772692977,0.0840613705279909,-0.19157391554932968,0.0,-0.19157391554932968,-0.19157391554932968,-0.19157391554932968,-0.19157391554932968,-0.02810987669201356,0.19519562235911211,0.041095003676351965,0.06231893825495062,-0.02810987669201356,0.13152381862331614,1.0,-1.344669335100231,0.05704856763999482,,,,,,,,,,,,,type=moons-k=2-n=1000-d=2-noise=0.01.csv
2321.0,7.749753406274436,0,0.0,0.14936090765474652,2.0,0.6931471805599453,0.0008616975441619991,-7.056606225714492,0.0,-0.30366278619447723,0.06097879295810826,-0.12134199661818448,-0.12134199661818448,-0.21250239140633087,-0.03018160183003811,-1.651951574611015,-0.8903300352325152,-1.2711408049217652,-1.2711408049217652,-1.46154618976639,-1.0807354200771402,-0.5636418504447469,0.0,-0.5636418504447469,-0.5636418504447469,-0.5636418504447469,-0.5636418504447469,-0.12304563839147424,0.2328678272855517,0.040803298440986256,0.04785719644401249,-0.12304563839147424,0.21170613327647297,1.0,-0.9725788541799201,0.1757373538608829,,,,,,,,,,,,,type=moons-k=2-n=10000-d=2-noise=0.01.csv
713.0,6.569481420414296,0,0.0,0.0004675081813931744,50.0,3.912023005428146,0.07012622720897616,-2.65745841498615,0.0,-0.721569966985179,0.42962343654218,-0.019507895178284756,-0.039072147674196506,-0.1531376939283819,0.07723526985270884,-1.397074697628073,-0.41465811034096234,-1.099736487160492,-1.0679525538299794,-1.2225244893366298,-0.9860220430906242,-0.39365020844838133,0.5103737219901939,0.002584705262108597,0.008541741232891026,-0.09442511157943034,0.11222013002817617,-13.533711872300781,46.695757140394186,0.21475569489850704,0.9500817720108873,-2.971791390910469,3.93332757644091,0.62,-0.7585338111379256,0.18247770070428726,,,,,,,,,,,,,type=gaussian-k=50-n=1000-d=50-noise=0.csv
3656.0,8.20412493257404,0,0.0,0.012432862542271732,10.0,2.3025850929940455,0.002735229759299781,-5.9015398395799945,0.0,-1.588193028004993,1.0809927679802143,-0.19194618314308548,-0.3599832044228002,-0.75547005284029,-0.0025749169254481105,-1.3442444640436826,2.4536647954495168,-0.5651038646122699,-0.13654532839208486,-0.8583808641922526,0.21578791106897144,-0.4779475750739222,0.6000277630145852,0.04967796560151059,0.034449499344559,-0.13706525655536758,0.18220007538754335,-15.871075353453945,44.548583677848406,1.5955275267872913,2.9873615668235307,-2.3161751419998295,5.591027387877178,0.7,-0.8617524074649747,0.4166417586620339,,,,,,,,,,,,,type=varied-k=10-n=5000-d=10-noise=0.csv
663.0,6.4967749901858625,0,0.0,0.004662004662004662,10.0,2.3025850929940455,0.015082956259426848,-4.194189897191817,0.0,-1.0782771098316561,0.5913644281458769,-0.22272621296993594,-0.229830400208557,-0.40189879414324287,-0.0443126603478172,-1.231892367881285,0.5018575954859021,-0.7123529143667613,-0.5938744770533513,-1.1008713570381627,-0.30214188230313876,-0.40825540682651285,0.42534144860335504,0.03746114488256479,0.011455986875314789,-0.13047208931873677,0.13661308749962678,-13.584911531845846,43.695561860692614,1.1840400482144915,2.8182261500868826,-2.4594979639165326,4.816582007651009,0.9,-1.0320536811412035,0.20173375911642827,,,,,,,,,,,,,type=varied-k=30-n=1000-d=10-noise=0.csv
8333.0,9.027978814382207,0,0.0,0.010909527290182516,10.0,2.3025850929940455,0.0012000480019200767,-6.725393721388161,0.0,-1.535299573114665,1.0146819157064118,-0.1690436005918299,-0.3233836515976994,-0.5668224907553595,0.03373761661801253,-1.3256423137371487,1.9284038571878863,-0.6274334834452742,-0.2583619271155795,-0.8778929211761303,0.03218439736082812,-0.42524623975005166,0.624108319378172,0.022644744018918868,0.055001024995219736,-0.1282107898970441,0.22922333882207163,-14.612762095325518,44.13426727691539,1.252530586498858,3.5687776353114327,-2.4803031224343663,6.86804953532415,0.7,-0.8088121024414971,-0.03714290469159314,,,,,,,,,,,,,type=varied-k=10-n=10000-d=10-noise=0.csv
3192.0,8.068402958569699,0,0.0,0.002648667122351333,10.0,2.3025850929940455,0.003132832080200501,-5.765817865575654,0.0,-0.8332551427112093,0.39362953418586966,-0.1050018334841333,-0.12894708824865908,-0.31583030052922484,0.05650048616766335,-1.267079948488388,-0.36631054669166074,-0.9409184046538088,-0.8311182692342042,-1.0351910816807097,-0.617534824537575,-0.4562525349327993,0.25547985999550626,-0.02287420348528363,-0.013968020725206818,-0.09713402326014564,0.1330827101831909,-16.040643250245417,41.866061477278194,-0.14876727648851168,2.391720469428324,-2.5955140224836377,4.5231617659620875,0.9,-0.9453562883158235,0.26617259973503193,,,,,,,,,,,,,type=gaussian-k=50-n=5000-d=10-noise=0.csv
6435.0,8.769507120030227,0,0.0,0.15876715876715877,2.0,0.6931471805599453,0.0003108003108003108,-8.076359939470281,0.0,0.0478026033429537,0.0629651811831339,0.0553838922630438,0.0553838922630438,0.05159324780299875,0.05917453672308885,-1.3464844425906166,-0.48609480898589474,-0.9162896257882557,-0.9162896257882557,-1.131387034189436,-0.7011922173870753,-0.5420158197621979,0.0,-0.5420158197621978,-0.5420158197621978,-0.5420158197621979,-0.5420158197621978,-0.17123321518045784,0.42225326797853363,0.03256477943074995,0.07903740291489393,-0.17123321518045784,0.2828353975261017,1.0,-0.9105779347431948,0.018165828884381226,,,,,,,,,,,,,type=moons-k=2-n=10000-d=2-noise=0.1.csv
6298.0,8.74798740166097,0,0.0,0.002886919368342042,10.0,2.3025850929940455,0.0015878056525881232,-6.4454023086669245,0.0,-0.8343815274818994,0.35175346331986873,-0.10575641620110536,-0.128801925421784,-0.28280484813775036,0.0336140973078059,-1.3252237550170605,-0.28939133911253645,-0.9378031008390018,-0.8373316816780146,-1.0275273687496247,-0.6325215952314179,-0.353839645033824,0.21632058292159417,-0.02012962750202046,-0.008661927836118695,-0.10349536778040033,0.12379864399056982,-11.892894807101982,41.16408189246731,-0.47414775819461863,2.4955960308039944,-2.9946985443745517,4.066428238311585,0.9,-1.0310599318358646,0.29041327747061835,,,,,,,,,,,,,type=gaussian-k=50-n=10000-d=10-noise=0.csv
4225.0,8.348774539791274,0,0.0,0.002320454809142592,50.0,3.912023005428146,0.011834319526627219,-4.436751534363128,0.0,-1.2804280133645634,0.6973113421042528,-0.11353557658454806,-0.10881330182588954,-0.4444321233710206,0.27413383720967555,-1.5085041150497354,1.418595825736726,-1.0287379090619688,-0.7414383154010984,-1.2562379577101037,-0.4008192485440547,-0.8247220349660116,0.9417213094214691,-0.0025778258310953997,-0.0032115372358410272,-0.2559750446180592,0.23573853488461793,-33.33964040190104,56.48087846750704,0.22043810151274085,0.4804246504058432,-6.728365808708195,7.05074335717202,0.18,0.06588333073488917,0.142178578460556,,,,,,,,,,,,,type=varied-k=10-n=5000-d=50-noise=0.csv
3199.0,8.070593539949519,0,0.0,0.00460371138708119,10.0,2.3025850929940455,0.0031259768677711786,-5.768008446955472,0.0,-0.9060402893879198,0.497545781113299,-0.14598230113340568,-0.20422133556942385,-0.5147026429581757,0.01498669962107689,-1.1698447221777892,0.7146470790481216,-0.7408948434797769,-0.600485923318906,-0.9543375876438057,-0.35548903029889567,-0.48846623843793413,0.3895058305160715,-0.02806574342367653,-0.0030952957742686896,-0.13688990311812754,0.1572223605221175,-13.603694648101278,39.71612978265047,0.04792437581793971,2.564175499209911,-2.9472397077665575,5.091145312782555,0.9,-0.4877692432167491,0.603550678686988,,,,,,,,,,,,,type=gaussian-k=30-n=5000-d=10-noise=0.csv
4808.0,8.478036476215044,0,0.0,0.17609539656128675,2.0,0.6931471805599453,0.00041597337770382697,-7.784889295655098,0.0,-0.06841791488117396,0.3214040993453125,0.12649309223206928,0.12649309223206928,0.029037588675447645,0.2239485957886909,-1.3637364006507302,-0.32705876782595844,-0.8453975842383443,-0.8453975842383443,-1.1045669924445374,-0.5862281760321514,-0.5256954445427543,0.0,-0.5256954445427543,-0.5256954445427543,-0.5256954445427543,-0.5256954445427543,-0.13986538614300212,0.2831509231832405,0.05506560288680301,0.0633541857034611,-0.13986538614300212,0.25828517473326623,1.0,-0.7571100976177547,0.15745837557071113,,,,,,,,,,,,,type=moons-k=2-n=10000-d=2-noise=0.05.csv
2750.0,7.919356190660617,0,0.0,0.0016187683284457478,30.0,3.4011973816621555,0.01090909090909091,-4.518158808998462,0.0,-0.866440022198453,0.662931364423105,-0.11813943998131912,-0.07738143932139623,-0.2564005031830116,0.18102057618229933,-1.4689412175350518,0.2445215755379082,-1.026531891189911,-0.841846346689214,-1.165102012844153,-0.6039021112483104,-0.5803124492686379,0.5950288265395912,-0.019656631311317754,-0.009737417596958209,-0.14996244814405404,0.14388610096464202,-18.089823483700634,43.40921898769534,-0.25600358940622303,0.7362616319407387,-4.419024470082683,4.862386077143902,0.6,-1.0093788076624453,0.25309353807262785,,,,,,,,,,,,,type=gaussian-k=30-n=5000-d=30-noise=0.csv
912.0,6.815639990074331,0,0.0,0.0021284829721362228,50.0,3.912023005428146,0.05482456140350877,-2.9036169846461855,0.0,-1.275861210813349,0.6202303650554355,-0.059861351498560124,-0.10122743450743531,-0.4038245950059353,0.31008510120465055,-1.5318991394610562,1.5716940158755826,-1.0706630126214813,-0.810303928484024,-1.205830101133339,-0.5210181232842388,-0.8522724282529763,0.933511426807905,0.006536633691407055,-0.004319279978118383,-0.24931604641235586,0.23710249840156136,-33.95698455051439,58.7129517931452,0.4052781637904393,0.46839557006130417,-6.736941141419116,7.380322633330486,0.18,-0.6576676531163028,0.46964502713478906,,,,,,,,,,,,,type=gaussian-k=10-n=1000-d=50-noise=0.csv
5518.0,8.61577075477723,0,0.0,0.03298296484233418,2.0,0.6931471805599453,0.0003624501631025734,-7.922623574217286,0.0,0.03481626547242529,0.0792332274941528,0.05702474648328905,0.05702474648328905,0.04592050597785717,0.06812898698872093,-1.1320799959779082,-1.1204749899446065,-1.1262774929612573,-1.1262774929612573,-1.1291787444695829,-1.1233762414529318,-0.002897895146020321,0.0,-0.002897895146020321,-0.002897895146020321,-0.002897895146020321,-0.002897895146020321,-0.0004554073051783236,0.1589181731388979,0.07747409843652353,0.07835274067669165,-0.0004554073051783236,0.1562822464183935,1.0,-1.1303449118214168,0.07937237516400941,,,,,,,,,,,,,type=circles-k=2-n=10000-d=2-noise=0.1.csv
5622.0,8.634442751466477,0,0.0,0.0006975397772057951,50.0,3.912023005428146,0.008893632159373888,-4.722419746038331,0.0,-0.611372105622261,0.5110529243731909,-0.026190924036914767,-0.04551912679177843,-0.21278394626967093,0.1324501617067339,-1.4962349552412757,-0.40416177124704866,-1.0601850896970344,-1.0316276936271778,-1.1767864243056285,-0.9037720421020458,-0.4196041636709126,0.554723965147823,-0.004192280720634187,0.008076379306925414,-0.10692479719161976,0.1257115732741407,-14.011075767583302,49.716152638437926,0.018873760417323464,0.9095243938896372,-3.2834596572604706,4.235965021342404,0.58,-0.6822829557836294,-0.15008634707000643,,,,,,,,,,,,,type=gaussian-k=50-n=10000-d=50-noise=0.csv
497.0,6.208590026096629,0,0.0,0.0,2.0,0.6931471805599453,0.004024144869215292,-5.5154428455366835,0.0,-0.022160951783891117,0.007244382512620793,-0.007458284635635162,-0.007458284635635162,-0.01480961820976314,-0.00010695106150718486,-1.4738309032525636,-1.4709219391980668,-1.4723764212253152,-1.4723764212253152,-1.4731036622389393,-1.471649180211691,0.004233694572558741,0.004233694572558741,0.004233694572558741,0.004233694572558741,0.004233694572558741,0.004233694572558741,0.0005343283458075467,0.12720871273270515,0.06287526448037356,0.06337339250981495,0.0005343283458075467,0.12571432864438098,1.0,-1.4638378382815134,-0.0059076178058352575,,,,,,,,,,,,,type=circles-k=2-n=1000-d=2-noise=0.05.csv
711.0,6.566672429803241,0,0.0,0.0009376465072667605,50.0,3.912023005428146,0.07032348804500703,-2.6546494243750947,0.0,-0.9212822346503714,0.6691358854136492,-0.10379671584794031,-0.05874166023078286,-0.23093891293599816,0.13647604757022225,-1.4230712489802237,0.18107524772134864,-1.0339910297274237,-0.9915609844805252,-1.279995300884434,-0.8668289701938389,-0.5911082592788586,0.6705991601575872,0.0010488516842245856,0.005071701066547828,-0.13967642774266556,0.15087002610802525,-21.11823522142278,48.916234045852505,0.29475237297489204,0.8518987044623416,-4.5363117094571574,5.4094895826382,0.4,-0.9967384044360785,-0.06343321750780433,,,,,,,,,,,,,type=varied-k=30-n=1000-d=50-noise=0.csv
613.0,6.418364935936212,0,0.0,0.0010524654001999685,30.0,3.4011973816621555,0.048939641109298535,-3.0171675542740557,0.0,-0.599158212072285,0.7705559027042665,-0.09014347476876836,-0.060851296723921165,-0.2746047615110629,0.13160843731533434,-1.4408442583692112,0.04855391604909576,-1.0487119298578533,-0.9633490195027196,-1.1156768680837448,-0.8587067127797158,-0.44776393983697527,0.4627027920923436,-0.016718914499284438,-0.009530108395053007,-0.12013579610846858,0.10526798148705761,-15.540160146001732,46.23455004413966,-0.25485932327450966,0.7549430219926269,-3.469191439412594,3.9542533901751007,0.7333333333333333,-0.6945840393386931,-0.08231476048261369,,,,,,,,,,,,,type=varied-k=50-n=1000-d=30-noise=0.csv
4998.0,8.516793111394897,0,0.0,0.0,2.0,0.6931471805599453,0.00040016006402561027,-7.823645930834952,0.0,0.0002150388943742866,0.001816041332276518,0.0010155401133254023,0.0010155401133254023,0.0006152895038498444,0.00141579072280096,-1.4983248284607633,-1.4966842997172523,-1.4975045640890077,-1.4975045640890077,-1.4979146962748855,-1.49709443190313,-0.0001863722716180143,0.0,-0.0001863722716180143,-0.0001863722716180143,-0.0001863722716180143,-0.0001863722716180143,-2.3320808346950513e-05,0.1251946430698859,0.06252128143715559,0.06255347128396253,-2.3320808346950513e-05,0.12509807352946506,1.0,-1.496974013046386,0.0019204628493362395,,,,,,,,,,,,,type=circles-k=2-n=10000-d=2-noise=0.01.csv
500.0,6.214608098422191,0,0.0,0.0,2.0,0.6931471805599453,0.004,-5.521460917862246,0.0,-0.004571297882694561,0.00012617393908507735,-0.0022225619718047418,-0.0022225619718047418,-0.003396929927249651,-0.0010481940163598322,-1.5022119782023555,-1.5018900725015645,-1.50205102535196,-1.50205102535196,-1.5021315017771577,-1.5019705489267623,0.0008790537598699333,0.0008790537598699333,0.0008790537598699333,0.0008790537598699333,0.0008790537598699333,0.0008790537598699333,0.00011001581247241425,0.12517703828794527,0.06261903301132325,0.06263128003076604,0.00011001581247241425,0.1251402972296169,1.0,-1.493513380172363,-0.0011202434483345263,,,,,,,,,,,,,type=circles-k=2-n=1000-d=2-noise=0.01.csv
