x0,x1,x2,x3,x4,x5,x6,x7,x8,x9,y
0.2666140877369676,-1.2252133906990075,0.1403882052104153,0.3266881055599098,-0.5336062547795941,-3.031650182089219,-1.280738478491665,1.9965359108434642,2.844732440013786,1.3523716626320355,0
2.3042153792616955,0.7270276837184277,0.7994231624244892,1.7772340112509795,-0.2786496761820323,-4.109679742145305,-2.208461435398103,2.267180179582281,1.587875099982717,1.4331584568622602,0
0.11190276143975497,0.7988894238838338,-0.35001309606758496,1.2057336669163237,-0.8234083603287669,-3.721579258791164,-2.060336324556733,0.9666075783489513,2.159300528790575,0.2380002875690561,0
1.1849540322628545,0.6479591764909447,-0.6706450081025495,1.117992491383992,-1.2266447041456912,-4.357686006291725,-1.5943999118339234,1.9718292941213407,0.293667623886962,1.2640168182407885,0
0.9146060973729869,-0.2590391819991288,0.9584684977529316,1.3159905917736099,-1.4432753055868703,-2.233075874857433,-1.3411090260253575,1.1879875105193969,1.5588266360556857,0.6665957348415776,0
1.968445695645756,-0.6214384959803791,0.898398818673958,0.30450675275437755,-1.4515090325806133,-3.4872347227639193,-1.8472737811148163,0.8853877051836753,1.312966617978582,-0.013836098808751363,0
2.6348159752536864,-0.8735390277201187,0.6884034107133661,0.9670817697622425,-1.2377075566074613,-1.792088492767978,-2.487238824877443,1.472104718922695,1.5782035509211603,1.208765642508242,0
2.70033908963599,-1.051105333172026,0.5798897106279324,1.4933587406133357,-1.0738007470357667,-4.670238171386348,-2.215191052768627,1.362390581338517,1.4227810551537978,1.280263997565476,0
1.2891826102367838,-0.5049475285509718,-0.6614437834182765,2.3612303617591186,-1.3828884051631158,-5.151100944558433,-1.8009039834668505,1.9618763540704642,0.2380458268232284,0.15326499404000693,0
1.6361511064449892,-0.7198034147654,-0.6947372524162119,0.8813380384037877,-0.8088052410140001,-3.4956892101731296,-1.1814744802812145,1.6519187790443413,1.9946669594250772,0.8219104656522537,0
1.8821519754580467,-1.2185020551214314,-0.655557534702806,0.6680356954172232,-0.10517289713164102,-2.7295819897070746,-1.6864020669852238,1.3520147050314975,2.356163635372601,1.700429711374368,0
1.3384207179435879,-1.0497614021800223,0.7669860910359267,0.23347867317026472,-1.5197373165681785,-3.052003484173939,-1.9080814723869597,1.867219008986037,2.0447845865538876,0.24727434138115778,0
1.5010251439758466,-0.5416539403087226,0.46230108388790725,1.0081628306952812,-1.4470788297823418,-3.964451224392702,-1.7485543488139224,1.312495065138477,1.959806001434057,1.7032450897692586,0
1.1603548874352885,-0.3839376335712853,0.6623391942252381,1.76844894793628,-1.4445763189049834,-3.7368720423256203,-3.077223312350337,2.119540078525893,1.4169573887152407,-0.04205706923513941,0
1.680305598776627,-0.3797545695299628,0.2656148293088287,1.145210080913702,-2.0722327188805085,-3.7651533587801125,-1.578801199581076,2.5764988205322172,1.400284084650929,-0.16830153481365506,0
0.25594773435103235,-1.6980312854323345,0.2800080323492208,2.313706098020906,-1.2062783326987523,-4.356839582656993,-1.3982169279238101,1.5987978562186318,1.7882551613483728,1.1334851266059793,0
2.7130965575141817,-0.07189984348820827,1.5549712633919885,1.159457281841629,-0.49488929055723463,-3.60792696554487,-2.226292794841745,0.8360223150676683,1.0363452927565233,1.494532018249366,0
0.9991165174981976,0.24311440093683878,0.11338863195576346,1.072321270218714,-0.9005863652522633,-3.095096187654555,-1.2809576016927369,1.977235001549045,1.1576968211793064,0.41275105729958983,0
1.8271580863263526,-0.050975631902998864,0.3282220488547146,1.3138347181359222,-0.9408688237088831,-2.98982015173361,-1.8392768013202088,1.108609120648756,1.5340731103879361,2.49571201697552,0
1.1012495437653884,0.28280919827214424,0.7900953291072284,0.7929489604844437,0.06576847743031089,-3.048396414806898,-2.1327782111600557,1.6588201323056588,0.8838652368616727,0.45388491267034453,0
1.7814615090930563,-0.6186196944866855,0.8232898565164053,0.7962065845818962,-1.489493363620773,-3.3351569804644865,-1.7361208494661202,1.306715056239594,1.5167948993522757,1.2538740461354436,0
1.2532091409663166,0.8731631545545726,0.6525105555616059,1.7814630985170472,-0.902344144226606,-3.734719539992976,-1.8330522940389076,1.7548624119064162,1.530333926425882,1.514933348186031,0
0.7305145016032852,-0.29197324727595153,-0.5163916081335136,1.053817523804414,-1.5237055326556255,-4.838076572296331,-1.855362274235532,1.7841798715907207,1.0945606127862515,1.0916477482484537,0
-0.7245239036423226,-0.9451688092660224,0.23639958144320053,0.9111017732914564,0.3058926915048432,-4.662154454084365,-0.7441603931584715,2.3548996650824563,1.5824271368005212,1.5924479122836033,0
2.2718643996945005,-0.300019805367421,0.21893029972523298,1.9512772496759148,0.1992808668548114,-4.855332048367639,-2.2124286775724795,0.6098673281753759,1.730935534495782,1.209025350348555,0
0.5574223192829518,0.26062378313505785,-0.08467392761596537,1.4323975355015919,-1.033030561710062,-3.512362188957552,-1.3685298813636027,1.8282431016243335,0.6454920579500327,0.5215753796006553,0
1.0825251951773203,-0.4494242221156886,0.49095609462493456,0.9005121804114009,-1.864729874006247,-4.101222871290394,-1.664989275213589,1.5815806554159901,1.1316284227743694,0.4172918593491529,0
0.46427970982270783,-1.5989967680772792,-0.4035740539420228,1.3598610344140936,-0.15643092607393583,-3.066145610616065,-0.7209389280661644,1.7894276940554457,1.6665546993215063,1.680631893956885,0
0.26777757507066835,0.14251175705857833,0.0021960805596967226,0.6516292345020649,-0.3009724724221321,-3.7430457107738104,-1.157928788702381,1.1127325392493816,1.7299069584831752,1.875354354625526,0
0.4966809782531376,-0.9808194328345247,0.6519971617084375,1.4933937164727809,-1.3156814851082468,-3.8220323103769323,-1.1063462044354568,2.245006426448924,1.1299880387738468,-0.1970895735475392,0
1.7954943898632043,1.3669765692320885,1.3321600562649412,0.5396015618329051,-0.44223448721428593,-2.61901006357566,-2.7643536704343434,1.488590597842288,1.7637882972760681,0.2674971340307881,0
1.0436140299258718,-1.7837601537306196,0.38147240298258234,0.14724355494106178,-1.1409116182733163,-3.422348746088972,-0.867306250358259,1.7881897463974035,2.3068925991674174,-0.022869723108941198,0
3.442460545262149,-0.4101188311368831,0.1026741638038465,0.4491771383190246,-0.28386873125153544,-2.607043488182912,-2.54190771819077,1.5114919038496324,1.723549154176814,1.270256403535686,0
2.5480487677187544,0.1317203581731653,0.055648039836336344,-0.05681924010157635,-0.4756413320906494,-2.73275474295771,-2.0496381993887542,1.5032948417194583,1.0182649768663843,1.4879820420998757,0
-0.18676066998073293,-0.5801013050566461,-0.2384419863616068,1.3965787864517207,-1.7069088168884643,-4.10241559894551,-1.602323179415468,2.2818437293470915,2.2662783984848804,0.15408288262274616,0
2.473551909480262,-0.051897628160575526,-0.44741892289429047,0.5860743834046415,-0.5586568114723286,-3.6041327616217163,-1.9130961746138666,1.8787628369363176,1.1829587075723649,1.0673723243068929,0
1.5063726854692685,-0.2932056551712522,0.5676072926615239,0.8538606223265448,-0.889022495025704,-4.099743519224438,-0.9258821058042205,2.0431979226711996,0.9110512491113216,0.8076211268787505,0
2.529787440097924,-0.8468004546331641,0.5999006418764901,1.5106069322147213,-0.5902862280661554,-2.947704581604985,-1.649818131295183,1.530419395189085,2.9473114451057256,1.698763135998116,0
0.5086948802536986,0.6012696769598562,0.10045927926025425,0.7429370541423377,-1.0233306604367898,-4.340481680449479,-1.5664714685717913,1.6207323891151244,2.2121815305000085,0.8673683238434705,0
2.3412799590444466,-1.970501822871608,0.6478000465712421,1.738480665567375,-0.9225956564785842,-4.083736273830269,-2.932911628349108,1.8714514105944948,3.361243217529027,1.5917372575468751,0
-0.25446118823757846,-0.9052699877298116,0.15581254691181762,2.390193041749147,-2.1040017944362854,-2.8224141051472564,-2.5239496601188103,1.9048987635299537,1.075386928560434,-0.2417755271254146,0
0.19467583186591975,0.14265920381200525,0.3229755128945487,0.23665168464527753,-1.4797098163320104,-3.5495240605347904,-1.5790801762755002,1.3562534323492719,2.8026641580942404,1.3409565936653207,0
0.9285772347434458,-0.5385923980240799,0.5202533265414769,1.6969399606707416,-0.6885491529984455,-3.27740068823575,-0.7608444891569184,0.8334545620314477,0.5536806404054064,0.9989718286432223,0
0.9156681064591395,-0.58718193868028,0.22856805877623995,0.42508588866533825,-0.6716802854199575,-3.339255207219143,-1.3441491283902942,1.760578940007476,1.87975580652185,0.5011291806071254,0
1.0448791387537228,0.1275821244130202,0.3566247960972063,0.6150438624827453,-0.6345236095732649,-3.6656572761421393,-2.1352109502447565,1.125904058710277,1.321818906944706,1.7179682936087,0
2.149197280145618,-0.1732190911600035,0.8029926259976896,1.7314197514706497,-1.5832306332033874,-1.9740448138446984,-3.310370657634894,1.1942392521512533,1.7385304538599404,1.2396794729229181,0
2.628180844732521,-0.2761313434477216,0.25208591132178765,1.134789609503144,-0.7847568575284543,-3.0052194441768,-2.1632695060472087,1.8433167067544343,3.091730032001851,0.8976933797171697,0
0.684046314783989,-0.9432715624388339,0.5905717208534148,1.965570437252074,-0.9717294034364572,-3.1261640057396494,-1.8922087750320673,1.5521414427687052,2.424846422010651,0.6531606550677442,0
2.31160416785316,-0.0031202955491588247,0.7720213910344335,1.145440424951922,-0.3149629370304504,-4.1276327125134715,-1.7784896890448867,1.2751220384425728,1.2776951394258487,0.9548370235460095,0
0.8158763126479787,-1.135002766085383,0.9594580397229977,1.2077731485004337,-0.9471273193412644,-4.062113262402079,-2.000562449194488,1.6580789917998833,1.3486421015632575,0.07585239892926054,0
2.7821961989942756,0.018124370218576713,1.466151663791136,1.5413024318416497,-1.2623029602650602,-4.509425862465873,-2.020645289619976,1.250789618346427,0.9891840905978311,2.2955372026862815,0
0.5061342613843335,-0.8150955871639758,0.0938062316988873,1.1231567509536302,-0.3725363083123824,-3.427539924882658,-1.3816860822631034,1.4474256099999847,2.0065669289017904,1.5847883037198396,0
0.6271772777371576,0.1721330404690362,-0.5436483549275215,0.18062088608241367,-1.727804971142199,-3.0913979386405717,-2.11057611633205,1.628210169663599,1.1649535837366214,1.2379087264854776,0
-0.11605108469654746,-0.5279654989017152,0.3074921258259945,1.7837146540216282,-0.602162433199482,-3.8060311369641933,-1.46405255490197,1.9221557115411236,3.151797982616314,0.9665253764980286,0
1.6306804567472573,0.2756329652269195,0.984428383860769,1.473652799845842,-1.039611233702665,-3.333399208690778,-2.4140997050723714,1.512209542118967,1.5637429216827983,1.3423290687671234,0
-0.3133447081927574,-0.4687597294198088,0.7811782585659433,1.384983291352564,-1.7253967364750729,-3.289373551929683,-0.5412856260052479,2.3675764272994115,3.055334669472259,1.0176870850619084,0
1.0628294817818125,-0.137916210651434,0.26612854645875395,0.6820916521688518,-1.0950716326963588,-2.9974337349153917,-2.0807203617014416,1.2365380865019668,1.7400288216971604,-0.22105431380953255,0
0.6448376413407289,0.5229716413329917,0.14760389488987044,0.9566182503324243,-1.3239029594541987,-4.05126459621058,-2.0580817619631375,0.6413258569315567,1.2332522590945287,1.1416345006991235,0
1.4510767238613824,-0.6536576916888776,-0.39530515471566213,1.4432355774306092,-1.2660924404294713,-3.498478534916758,-1.6595320713800805,1.5533192798090214,2.4976880988780525,0.8566668883421619,0
1.20344895922538,-1.0696179701377113,0.2043087562764342,0.2415517052588083,-1.029867718737816,-3.6444595724628797,-1.2668838238636362,1.0486974942232354,1.8731245383035606,0.901690390978496,0
1.8834795868808611,-0.8894833662104917,0.3250943846859683,1.1971865529429495,-0.48517586545839697,-5.09924732368246,-1.8891105351745678,2.52848426932864,1.5616115517369313,1.4739135646459511,0
-0.48579140476066307,-0.6646981162929044,0.14168101776931644,0.9573769466613297,-1.131757911956946,-4.207347858767924,-0.8945077412254778,2.5416985949899753,2.6992267015571665,1.0099537749697307,0
1.3072531747829839,-1.09222829519288,0.46535626918168926,0.8253880320340377,-0.06421174176296518,-4.26074071873587,-1.4645397090739602,1.5135119028523818,1.435640964913833,0.17871638518059352,0
1.3947512308142416,-0.3383206580328307,0.7628028073682598,2.094963283488065,-0.8826867879189901,-2.7968071878247596,-2.7461349178736385,2.018716469130403,0.5840888260685704,1.5927098449090134,0
1.250193953139993,-0.9118223595294201,-0.9175201412694907,0.1356734054965183,-0.8763133642893617,-3.5943791305193593,-1.1363952075914128,1.4637979825013652,1.5762893984308688,0.9725892533857197,0
-0.6849211143726004,-0.16939151923926976,-0.25060523196640144,1.4140726482631616,-0.7737223918293117,-3.3306805390519894,-1.2772866426861667,0.8686557349972442,1.556264534763137,1.5648783714363699,0
0.6980979760696814,-1.0738594013910898,-0.10564206099247303,0.6317016720977534,-1.2600026983939292,-2.9549054151104337,-1.782897933812903,1.8274765767277696,3.489913871623047,0.5207515970296379,0
0.3220461724062774,-0.8053259047327337,0.029282531962682545,1.088501217973747,-0.7340233475776154,-4.79099294189603,-1.825028896457459,1.7228781201963388,2.199573008003285,0.6988646363254636,0
0.2562235599775088,0.4744614627583107,-0.27844818950700084,0.19590590536768182,-0.6769774120652952,-3.2471653430560132,-1.9668066862764824,1.535294998696918,2.090197380008674,0.2209481589154747,0
0.12976600918109527,-0.4509650167825889,-0.4876801091550597,-1.6019115509844848,-0.2960441851059684,-2.9123814089733497,-1.4754809322203926,0.4599302549717814,2.925337426796294,-0.8152678753398018,0
1.2833155033392663,-0.8977478812010121,-0.4522287857270492,-0.05958855162338561,-0.19399755636330862,-2.046401026871443,-1.5406850795651013,1.6409632910848504,2.05373013227186,1.3043740388240659,0
0.5820039731191811,-1.051335530752589,-0.07500139654185661,1.3180832753641665,-1.322547883622974,-3.69009460873131,-1.4025847811238645,1.9979974205267543,2.4142288778966305,1.3270676187598254,0
2.0323322144324427,0.24712590573167226,0.6991239408115729,1.3079732682664846,-0.42370301913664843,-3.715694639244946,-1.7916238699147873,1.3405176191958015,1.5253784988298873,2.138631465986511,0
1.77035977066459,-0.1368657801616346,1.9007665492196646,1.869112209206869,-1.010087404413312,-4.296114561889952,-2.099390359211782,1.3572733909005543,0.4076594742064734,0.22697201960161817,0
2.454337005695181,-0.7080259128554037,-0.685605503088478,1.6111125756408409,-1.0427810150438777,-3.833714584422844,-2.4463179363748893,1.1763531389662463,1.556668280195035,1.774305472659473,0
1.5098987892631819,-0.11137486182583328,0.47577467280238017,1.480739930827603,-0.6763753357786573,-4.21824465289827,-2.4179242127841487,2.0064653187290964,1.214284881325927,0.3231026585185842,0
1.8697776718898595,0.006124778138806741,-0.12814345382915543,0.5448917546454506,-1.3278630322294112,-3.1348401185511365,-2.2710566826218908,1.6876268534194052,1.6679494420987562,0.421048316419028,0
1.7720328473305145,-0.16437527777336108,0.13492124302942712,2.170930818678714,-1.2747691090664657,-4.281785083618983,-2.8101450740624583,1.5622943055747798,0.9455267492157148,0.5224970247235026,0
-1.08920735005606,0.6788517989487338,3.664889928727968,-0.8441391390142723,0.3284620053779377,-2.82541016247,-1.1280347120030696,-1.7245591251596217,-3.6998949623415185,-1.7532753385985482,1
-3.9934271793640015,1.450510277652568,-0.0033753342105660167,-2.3427445208848834,0.3028699624469372,-1.2386389742505757,2.5393621823235386,-2.762459324397578,-4.419367155763507,0.4100175282248283,1
-2.643576657279594,1.0191419357446698,2.745738724998062,0.5173689676866087,-0.28835930636236135,-1.599006818314462,-2.7002782569424095,-1.964048175221875,-3.646668319646979,-2.1646617333244467,1
-2.8038785440856926,-0.02759201038268111,2.050699709877628,-1.4248710949171512,-1.8092337855977303,-2.0681690241475366,-1.0312903496352985,-1.6588381796790133,-5.174383554569051,-1.7116270114052456,1
-4.438888963550078,1.0538174288254565,1.9023630093442683,1.04020627638749,-1.7569472543534954,0.6043398312860382,-1.3227016651077332,-1.9647931021073644,-4.189160280766937,-0.9902435972887751,1
-3.9160834038501227,1.5656598990326756,-1.0482947083921712,-4.8862170823148725,1.1096843344728726,-1.4381470966013596,4.0537676442104615,-2.0448231276519864,-5.6492396942542555,1.680945266305618,1
-4.0671019840034335,1.5566009404969754,0.8392374791218357,0.7440864100234605,-0.9436262086147268,-1.614484039176004,1.4667884010716123,-0.9334393013144207,-3.598791507185125,-1.8023283354760262,1
-3.9774711225650314,0.33929428938627887,0.4907459141587923,-2.7065491029708513,-1.0450355669636588,-2.098767265683888,3.066975182954181,-1.6539187733842393,-5.202108898356214,-0.17944125766762997,1
-1.556042841134952,2.0628182215670994,-0.26361363737075383,0.5567543052325419,1.0165948805784697,-1.4897962736763604,0.18383796506112915,-3.1711849338776057,-4.555669135090308,1.1089648166324961,1
-3.6494954159059114,-0.34637695878745445,2.4874416303333167,-1.4408763252614694,0.04692241268009112,-1.211436108680024,-1.454712575253186,-1.2048698748913127,-3.5904583486271857,-2.19456892421972,1
-4.129030555693413,0.352784437986355,0.7121396917848671,-1.3070956723820073,-1.0840777437594593,-2.5164821265930892,0.895447079829287,-1.7149831348004394,-4.776479199956087,0.8181686902533202,1
-3.981532366622584,2.2540731782477565,2.641728701932154,-0.8749134597924731,0.46483187574467044,-0.5411932631059568,0.2681177699518148,-1.3971408954968907,-5.691685893606554,-1.1454140486427455,1
-1.5219046250563464,0.5160401615661157,1.0515466354176313,-1.87655396708803,0.4269526952096465,-2.29821101194737,-1.6284593378071177,-2.0488236359263343,-3.3328759860715502,-0.5346152592261512,1
-2.9208790183926516,0.9263243484072724,0.1546497648042342,-1.107342167797327,-0.3883467486162977,-1.9867255520164198,-0.30871594104131117,-1.6420835690940643,-5.602973379789626,0.8893610901702719,1
-0.6080799126309575,0.14440127163554217,1.7522825249768965,-1.54074126801221,-0.8740631122799233,-2.258870150740486,-1.0705006197590343,-1.6483650965189114,-5.396929942920739,-0.2826355169723783,1
-2.65341806974555,-0.07704678009675603,0.7911141911102176,-2.828644885878184,-1.9220273367560003,-2.2386438085740177,-1.0712055316997326,-1.9295895026865164,-2.6457831456983776,-2.9773704956231284,1
-0.46397029050415917,0.29869632471837054,2.7305908404208212,-1.3795532336977898,-0.4202967181567207,-2.255713879373568,-1.1985198315261516,-1.8761240174376264,-2.0671212732629436,-2.0018213477605937,1
-2.352802556615802,1.7841058101874667,-0.15590313766467379,-2.169631025778199,0.03522028515643788,-0.4082415563067101,-0.3585027697201538,-2.6411267525818296,-4.844509633020463,-1.5259382267769768,1
-3.4868860781413447,1.162567787707502,2.175252257555019,-0.9937840778455383,0.9564043703277686,-1.8938770535138079,-3.228555024832898,-2.221397853956425,-3.3557818175381753,-2.5221898913712417,1
-2.041399227583018,1.7800091082830214,1.3070809548306872,-0.5315501026571059,-0.47333471368442714,-0.28338092245903157,0.22783214542618702,-3.214023545502208,-3.358385415665417,-1.1595457376496103,1
-3.1433370267819463,0.6213807015145165,0.4539113078382301,-2.6373183192144842,-0.28183925640777896,-0.5098006474013088,-1.51921584156799,-1.7600957579744774,-2.779336975105065,-0.9970371602231602,1
-4.040904425175,1.6688737155169682,1.4332571773341296,-2.9909821365090554,-2.3386362366937283,-1.4847522265709245,1.7817941182595267,-2.0419299188032927,-4.416006094051153,-0.6510773646318969,1
-1.046367259745816,-0.893715506431808,2.8547346591701945,-2.0323522931479054,0.14575861490915276,-3.330261686813536,-0.2684812182898965,-2.7441743843141087,-3.3207855514271367,-0.6473346249055216,1
-3.3407182743233443,-0.3041629450728257,1.1343202063590392,-1.0213380646531078,-0.20016532319211963,-0.5462302951408455,-0.28706437197208723,-0.10817662135493955,-4.552295603920731,-0.0076466785529551995,1
-2.1545240729285204,2.206041373047687,0.6753771949009314,-3.317998171045832,0.5722687527351605,1.2153149971579573,3.893236653714481,-2.1302015670445487,-4.858528138100936,0.09567443777825235,1
-4.352057099289197,0.8320956855266847,1.7706254836384336,-2.3500038082468064,-0.7412305183782238,-1.8006925581432958,1.0976170329253048,-2.087834827172974,-4.539759663546622,-1.6237573683189992,1
-3.2318995683477323,0.27615989539535607,3.1373841001251632,-0.9827321131544801,-1.155778885897028,-3.2734721505572892,-0.8266709741253762,-2.540916463687443,-4.323380754739835,-2.2725236947361096,1
-3.0665957390001948,-0.11072322529751277,1.9047025698462439,-0.5951712135686176,1.8085806824046462,-0.6651639685018127,-0.4075282458396235,-2.5897569184507074,-3.059197770222442,0.8578585697775577,1
-3.169975627043524,1.5774826686578796,1.5629782227834204,-2.543280013032545,-0.5825834824111433,-2.7073193630468855,-0.9795290087504827,-0.49931429718519604,-4.341697687288975,-0.7670437532971595,1
-1.03642936343484,0.41917471486280555,0.8969911695217918,0.8494782247157,0.05005347790002923,-2.16483003370583,-0.18404592675077025,-2.598830654814094,-4.377931729404367,-1.6024011512151148,1
-3.282941087420694,2.7322909151647745,0.6245381358037585,-3.0521516320692674,0.1821597777470656,-2.6841719518852942,-0.5807099391276901,-3.1815335459257783,-4.474731384328516,-1.3424033857802649,1
-1.1264098766999866,0.6754476816234073,0.34933169653001683,-2.659929377200606,0.4337076781528294,-1.2858804229782907,1.1337956673646443,-0.243254229724033,-3.543757726601338,-0.7078750251868281,1
-1.397616699387246,-0.08368954244232663,2.079808986804499,-2.468331115548427,0.3477122059381754,-1.0591403668350599,1.417042813338979,-1.9349373807502923,-2.4668526780984914,-1.7345228783958073,1
-2.5273306411821017,0.8276016551782539,0.8837408708243701,-1.4331985670239917,-0.1590695728576245,-0.2774237959344532,0.12436788603460563,-2.6400053588873904,-4.333349025042281,-1.1187114200172792,1
0.36056367016774393,2.558771083600492,1.8054025039855386,-0.02103381842758356,-0.15838640397803477,-2.4106216757945544,-1.6546035727073647,-1.8810463648006879,-3.5137610520222444,-1.3585183003805528,1
-1.7091253770387946,1.0463012014649269,0.9435658741905693,-1.3205316507982021,0.3836049672721643,-0.7298419857720773,-0.3706078970241767,-2.8576036652065184,-3.621919360404523,0.8951706124524171,1
-2.6502641262049216,-0.9833634877796681,2.5097720620073627,-1.3789210187159242,-0.4862689406929199,0.4736082200088547,-1.8312443421467557,-1.7399348734381714,-3.7629617540985967,-1.0337481031267348,1
-2.4085947809289876,1.083466164652977,2.7943517985898616,-0.0773104467027641,-1.2809312747346415,-4.30050412142303,0.844288512094436,-1.7688756345851484,-3.655789377215679,-1.5304993118058183,1
-4.230175486444487,1.0147389823017139,2.061036611071541,-0.6802397583225336,-0.017581871905793856,-1.0636932509183852,0.5379821849374745,-0.2475818831845411,-4.331287367342324,0.5156337107577164,1
-2.1928285234677625,0.96983925520317,1.8423865531689425,-2.4025843480653784,-0.7773341115491013,-3.529006021805956,0.4660375520801312,-2.4452321059241613,-3.5697723426041676,-0.55147666794281,1
-3.642019514033147,0.9092428404016577,0.5050342980923275,-1.9080036523402237,0.7269358318233815,-1.4220701131642963,0.09709876466752897,-1.221716760710771,-2.5249792639881887,-1.2448397423446984,1
-1.4876477346486903,0.6835788341582061,2.288967217810625,0.006428618843525857,0.8891906503134356,-1.0142448727406932,0.9879825442211704,-2.0326818537360234,-3.296228495951997,-1.0227350202674894,1
-3.919591661980334,1.8737138215186593,1.9651468274332151,-1.039014306030932,-0.18609755797357955,-3.390942284227,0.534325381692142,-3.2858263146077267,-4.929816099810181,0.41998104166427785,1
-2.35245517904102,-0.413225869090032,2.2567858080834493,-0.6390729448624412,-0.42855645767581063,-1.725293543623813,-1.494837071473237,-2.891483152903423,-1.503612153179934,-0.9407302018940645,1
-4.463871757140753,0.6534175813323173,3.063006477411219,-1.5432198796412655,-0.5616099945370793,-1.5652466832438023,-1.9732681861178476,-1.7837733041179478,-2.335684286831534,-3.314620842327057,1
-4.070305209265742,1.661186377747605,0.23666795885499914,-2.479358769236737,0.6863772786763288,-1.3321477985191024,-1.7376178610576907,-2.3131747676744965,-4.416698761466995,-1.0169577468694435,1
-4.294060751308179,0.7056331396313085,2.139285051705463,-2.635989288791305,0.4286731475678556,-1.6080570226999014,-1.6843843750791705,-4.41402759653427,-5.896121458234251,1.0871923567521677,1
-2.1286356064743486,0.2296464004948357,0.6927858911572904,-0.0442687383487681,0.05647718850959543,-2.0134694445999846,0.27369841478522366,-0.8795243556157637,-3.767960678274657,-0.4777484633891044,1
-2.6789276787878755,-0.2420235387003956,1.1469671800807757,-0.1523038160568051,-1.6320455117909973,-2.1228797087553075,-0.6354411841368341,-1.2753127189658715,-2.4888263868435923,-1.7843264064197695,1
-1.7159822944660736,-0.890425723805273,0.7673205753433603,-0.08456118418905145,-1.0839426202509175,-0.15318465809768256,2.4674829322363037,-0.8321155882136873,-1.4418811235609894,0.724846004215446,1
-2.254498055391376,-0.5461065432177675,0.5432026721093467,-1.9255042436699716,-1.2313137045346823,-1.6646923167264158,0.4613778184359208,-0.7542567468109289,-4.527117139764482,-0.31364607126564953,1
-3.043845142623884,0.12123078683806632,2.52313469992642,0.4024817611874616,-0.3898383257513788,-1.2746858235029677,-0.14142391179012803,-2.221976615139229,-4.766218191651202,-0.0936497031974507,1
-2.1817253948162505,0.08715479142359794,1.8860991137541285,-1.6188381135475467,-2.038300961906379,-0.87032542278209,-2.398670104306166,-1.8732131753450716,-2.533372865602991,-3.797650457116764,1
-2.1966397973337197,2.4385129228428903,1.4941115361285744,-0.47216247079748075,0.7305601569904657,-2.775266899849176,-1.0511110574846316,-1.8406166530741954,-3.6242696512480883,-1.6062285418520923,1
-1.3788527729721458,-1.2629725973288028,1.7730337817137067,-2.4120950931844707,-0.28244010049682755,-2.377846786952623,-2.2537024643851655,-1.6443888813033272,-4.458815922719395,-2.352934935965129,1
-3.5802339684023297,0.46881185406845766,1.182249694392555,-2.9168399312968685,-0.4613217401921921,-2.076252245938808,1.2104160307061511,-1.612823567847152,-5.626570024485719,0.5586845417062399,1
-4.1716716120198445,0.028487979406629838,2.2087912466522415,-0.6464505060961718,-0.9066982375743651,-2.0485364855753487,-0.884732016319458,-1.4434213620302256,-2.9683826115364216,-1.292162878159823,1
-4.966658792187159,0.15046028502485964,1.7083357358291653,-2.534122651505479,-0.581628228048223,-2.1970697298125588,-2.5086387722022687,-1.3298677807617705,-5.092075357907684,-0.9959175209620617,1
-1.7901470901382202,2.223684766790204,0.762480192968913,-3.2965730878195973,-0.008574898930675645,0.3628026149367951,1.2507686770833317,-0.3422426926401556,-3.566124619045066,-0.9371362841154978,1
-1.1700608004798134,0.8395916875752145,-0.18049128474098475,-2.5769507032271664,-0.32600099687855005,-0.6263794358037851,0.2385562238911788,-1.020007734321608,-5.686610008441035,0.29991287215864204,1
-3.7118842050327903,1.9428001783493523,0.24372338868181886,-2.6379478603179223,0.22451394658518176,-2.4173711898558743,0.9898508917449852,-1.5761073270750914,-3.3441187219265833,-0.02001123982166031,1
-2.446429233067399,0.8473233764301524,2.215070316750439,-1.3159708688422305,0.24431762659066247,-1.5020420143770588,-0.34128958497267875,-3.1857842428104934,-3.9490636001979307,0.24455890557569904,1
-2.1307969697868088,-0.5963983019402935,2.1751485108421926,-3.1287911070830985,-0.25392168115750935,-3.0944075146092613,-1.6689636339474778,-3.5734125815136792,-2.027823190930214,-3.704799810709411,1
-1.2210559672892636,0.7291733782622031,1.9558199205845255,-1.7067666451456478,-2.2169590616941566,-3.240387586211155,0.6250330914237888,-1.6281812962257292,-3.4962521621975524,-2.629625153905773,1
-0.9382458304965362,2.0877723650346915,-0.19831948563151403,-0.5209625739115602,-0.47507143733326557,-2.2920242027261213,1.8009600470185674,-0.9728716189932392,-5.609083889500828,0.29973643698942076,1
-3.96101008434807,0.028304706539377555,1.7461633481065295,-1.3214715918762403,-0.3157142712577886,-1.4109328855406216,-1.142291847686166,-3.1751437550847506,-3.746780234571818,-0.9317820925997846,1
-3.403014200422329,0.3102147365542271,0.43519862620561056,-3.110639153547366,-1.9962378539051802,-1.5714926565662581,-1.3863936326880628,-1.8634230282111004,-3.201803837983668,-0.3449380874991364,1
-2.443860792066177,0.4180472532234143,1.3691786791912899,-2.4553272458895883,-1.027219942175595,-1.667266539632012,0.6135623536612302,-1.1699049698236712,-4.089040892414458,-1.3584832434016523,1
-2.543519479295127,-0.12700018721244133,3.8835162292335905,-2.137667034326068,-2.363044484416636,-1.1336324012945493,1.7119537474313125,-0.8293913163445688,-4.3611886166790725,-1.305099337619646,1
-2.9970279047424557,0.9162514362427385,-0.06194665966854318,-1.1224584314913826,1.1406629534271908,-0.9809868204627044,-1.251366809434449,-3.7400840475827444,-5.172662490673317,-0.9139431900042995,1
-1.1829031395350635,1.3814688927111347,0.9587929261400896,-4.703115565479209,1.0617634168777856,-1.0351264412715036,0.12690230625953808,-0.9969462838963308,-5.049404306456029,0.7004453800002807,1
-2.6199362968083517,0.42410086707005057,0.7504334584803042,-1.3953157982473,-0.3143752044115504,-0.6914384653929482,2.624563487309035,-1.3807887333502777,-2.5093851446986717,0.08896756000191441,1
-3.126091712042982,-0.3761404584655731,2.907711767147349,-1.8617930458212806,0.18101780250335275,-2.158506804705551,-2.7968969738110263,-3.58512903441709,-3.934733250151979,-1.477606536917654,1
-3.5915604379500623,0.9235759116537023,2.266071245476931,-0.2399477995705539,0.061823207013404324,-1.865003364739508,3.8011359476350615,-3.867309504318733,-4.000415283042851,-0.052664023406046034,1
-4.286078323998623,1.3938178106905568,2.720453668085759,-1.3088877704044544,1.1798473830607756,-1.854415616329689,-2.157370478514941,-1.912994900002228,-3.2066678324452482,-2.69894300481411,1
-0.649799477710848,1.338611548315067,0.37005767585985816,0.5981850748475093,1.1320611007870234,-2.030742091043216,0.6740232504220395,-1.9511588386928946,-3.4042424357417405,0.11841855603844187,1
-4.0508037695935375,0.5735080994990112,0.9751960354285379,-1.278562364892342,-1.5233791350278807,-2.488060656203819,-1.2842266342874378,-3.095464227934648,-4.841561923996611,-1.0691095238541146,1
-1.6783560146345167,1.681106317488317,1.4914447623373737,-2.4216117042788845,0.8430923676517571,-2.0159893929212847,-0.09578260186702005,-3.0573963359278515,-4.282972530954376,-0.08880980716385622,1
-0.5707699837691318,0.8399261923220842,2.197758044763532,-3.1497641124473414,1.8102421485617635,-2.6472153819266837,1.2474120501447703,-2.9796981387178345,-3.741207269005403,-1.5116531351021383,1
-3.444091576560899,1.3826298514546411,-0.11707180688517638,-3.241449766656725,0.29767681313044514,-1.9779148280550891,-0.18943633435801882,-0.8511658003389726,-4.093343121765068,0.38787557901746916,1
-0.17118369603841588,0.03443579004167452,2.8098989894273037,-1.4347763545226306,-0.8675787010945512,-4.005719798453308,0.3089339019379912,-0.7014291751422281,-4.154789804828587,0.6258533738616184,1
-1.4928146504493527,3.012483866127529,-0.13589749429032816,0.10841047889586952,-0.6865204581934716,-1.6830094749612619,-0.23749146198308801,-1.6680159821580725,-4.506503743153521,-0.3864333202964185,1
-2.823101902165222,1.8144431866341653,1.157583901639232,-1.4104695170664887,0.12499825010745824,-2.398611225007424,-0.40238778701386657,-2.8546695214317865,-5.601582254880969,-0.8576941215338486,1
-2.470292273934707,0.9628373945393625,0.9666668275582302,-2.1913487259956876,-0.09030041469188516,-0.25330336379039053,-0.15099474729270118,-2.2368012458576807,-5.737177832359331,0.3049601529542513,1
-1.5325739163540932,1.6403618460049472,1.0118775926783259,-1.833383484346578,-1.6373706028963686,-1.1403204005486427,1.7153499560288832,-4.1525368080103195,-4.542845443280138,-0.2856038163802499,1
-3.224640409839978,-0.3431567525132121,1.8543420552675995,-1.8830792259015359,-0.4846090235312392,-0.6724108385644957,1.0386637328408184,-2.7505928099757586,-2.5582246694650115,0.4394961154110283,1
-2.5301627677434646,1.2893862412386952,0.6103693973733392,-1.5679476640317376,0.5653376683053343,-0.2191006431267355,1.8410296443630783,-1.8181193661503738,-3.931436419926019,0.0038557425606939866,1
-4.33603112832301,0.7664891701764053,-1.0385969005699105,-3.670577601817482,-0.39845990808267256,-0.31882105556279416,1.8933653245897948,-2.1666331774211898,-5.915890547563399,2.79788028102096,1
-3.4778869097858163,0.0864678406725422,-0.08054961927253967,-2.966758683777938,-0.18018060483367995,-2.316002282753152,0.18679646050209286,-1.9503444651587072,-2.8367119077997813,0.9023372804007094,1
-1.0054303247981768,0.3369963573665283,0.5386739308885824,-2.975540273317336,1.5647944922310533,-1.4420519351835916,0.586283516144943,-2.7094790244457716,-4.999759447103926,2.026195868807167,1
-1.9281152890091735,1.899742803829676,0.9629770585585684,-2.46017332576612,0.4353738517849898,-2.4545193213389274,0.4236933753517359,-2.1566721503680117,-4.734907687353946,-1.8851788667267657,1
-2.9646834642431146,-0.4620217085072519,2.617996968165637,-2.8317130811811344,-0.37782773972652806,-1.1590928753442276,-0.4780365101718487,-0.7626562007069901,-2.497202166719715,-0.9142670877872155,1
-2.1462628016145286,1.0801713317946449,2.9345257548976402,-0.893541340986574,-0.4077209740514878,-0.7836483170640342,0.6159517896221314,-1.191035409122492,-3.1437993788059915,-1.365482258735886,1
-3.308947629269218,-0.6553981999533253,1.7372594072410341,-1.3283368624616572,-0.1520696984067506,-1.9604853166750764,-0.4502083693934433,-2.4682454345047526,-2.7431703915846652,0.3574691793562613,1
-0.1088421343960988,-0.2759918081230207,2.3966191649204873,-0.7007331942766668,-0.9651210631540897,-2.8743106819750484,-0.7040652038907127,-1.1049270528253987,-3.4376267363553623,-2.645065702766049,1
-1.9165904138408554,2.2014100343487013,0.9951789172847527,-0.7205086705486148,-0.4350487160096246,-2.516098108006086,0.2261186015075634,-2.620765015407004,-4.5221732781198645,0.07990119663488704,1
-3.6956062031787837,1.1197871768569807,2.3575573089453012,-1.769112839798098,-2.508854816333625,-2.7069940749007424,0.02212622441514875,-0.9955561583654046,-3.9941048465492606,-2.8179533531720202,1
-3.97879775833797,-0.46777918926296824,2.595833448106403,-2.4785395133530566,-1.358052213719676,-0.5881151738849641,-0.7142627420184458,-2.0676122789316427,-2.8561044387056693,-1.4220983471508284,1
-0.8101384698576333,1.658759052290649,0.7338317361147183,-1.6670935574492536,-2.289054365108771,-1.086164997810676,-0.7670930208027388,-0.686322929213498,-4.8415812716663575,-1.4920708781319512,1
-1.4296288764571223,-0.144039890434693,-0.27813144147050806,-2.100645186545951,-2.689754018452401,-1.212426067985106,-0.1175357829405654,-1.514119707522012,-2.827001135392371,-2.4909700380918216,1
-4.394660740138055,1.5192006353212888,1.4782852562956668,-2.0438299792963117,0.1955165582014161,-1.5312735519956158,-0.3466875207057455,-2.6980762559453195,-6.184586999207476,0.642158583327198,1
-3.3183350261085027,1.023817088940773,-0.863865555064667,-2.1670139284379863,0.43740212334165274,-1.3034192991787548,-0.45872545320311414,-2.138942500391766,-5.546741585830121,-0.04264794124625315,1
-3.25559640805329,0.4880326358255095,1.2055044974905575,-2.813289409764126,-0.8862397261196105,-1.1338636199089516,0.25986614217838827,-2.039181036544847,-4.986881530305597,-0.1836919217473293,1
-0.6064278899234594,1.8530098274674285,0.7728552935601358,-1.6617045440352862,0.335569042414706,-2.4176205872013297,-0.1930632595306866,-2.3999295512699685,-4.168493640266244,0.33255757686306187,1
-2.7563852847587564,0.27679233443708057,0.9998912989084442,-1.1054273285607001,-0.42486124547974374,-2.294074834880591,1.2019023183033357,-3.0683666620402033,-3.119881421097806,0.2885492973209349,1
0.5420245957868159,1.8557213379530944,2.9505579321960367,-0.34511660435445424,0.48978035067445735,-1.4119079291440255,0.0452463064985795,-0.642391655146147,-1.9939713237647358,-1.7428456346817924,1
-4.6941986968138885,-0.5569431032479121,0.4110990024014557,-2.526787574453131,-2.325748866685589,-2.0728557683179223,-0.5659084394550967,-0.8140983264193116,-5.131005992122558,-2.2788995228209132,1
-1.1305301944954607,-0.9529862825814496,2.4040894727548356,-2.351574190885589,-0.6275622385239203,-1.9219042105657476,-0.34843268902969066,-3.3408210699840173,-3.194694929502231,-1.6850409595672238,1
-2.588152744557507,-0.709245686944545,2.160676193972243,-1.2256465826666747,-1.4555037884304802,-0.9567147513377767,-0.154932572406204,-2.1039126508400217,-2.8674836413100566,-0.23999885570364582,1
-2.601667174822312,1.1365878164400778,1.3542423082945505,-2.0847458708845847,-1.7654338080857697,-2.0340609369787224,0.6232378876267889,-1.573017984893502,-4.346218484318436,-2.5399568738336553,1
-4.751713045673404,0.8168883842168542,2.5916227404502727,-1.2417818740533768,0.5814914028354857,-1.607484141532228,-1.5137669657672868,-1.742275474496128,-3.8411274820840324,-0.5046067878040386,1
-1.9552842057448352,-0.7806288825070905,0.9714266528420914,-2.519139371754613,-2.252786607046168,-2.8734122345668673,-0.4822148193899975,-1.8177627819188873,-2.2046807006414006,-1.2565022871686287,1
-4.272418599617773,0.6550226180980779,0.9794337529528276,-1.3097985535367183,0.6040306225733655,-0.4429371273790652,0.6447815793594325,-2.595804265766807,-5.437372974673689,2.357486215710545,1
-3.363611823130939,-0.5056723183144164,1.4863053859713706,-1.0051827208851911,-2.2077476986848557,-1.812364405744996,2.184012390515173,-0.5127564558754116,-2.9108937812099605,0.10141232037263315,1
-2.5293254121804445,-0.8185858675648879,2.3520290152645393,-0.9864768641095119,-1.427876148717325,-1.9663634311547273,0.47984165027088604,-2.574115468465915,-2.633348707453564,-0.6081242373517628,1
-2.1250445868920123,-0.9488305494395574,1.0874430994423467,-2.3464906951581805,-2.6650272819777143,0.14914315190190885,-1.1078754423844603,0.14910534995632196,-2.1338578691131618,-0.9899914515426051,1
-0.6576396697087152,1.5058923883171311,2.6461074829613285,0.3506268749667827,-1.1158170492738786,-2.701640176147049,-0.6002289449325036,-0.9698716845937536,-6.244036072682018,0.3804492109738856,1
2.506866985164713,-0.1298880855440156,-1.8824217685098648,-1.9417445099364405,1.2895825092164814,5.312099844702358,2.984250304939753,-0.3016522723267305,5.951996336632702,-0.9047928245865786,2
2.773357775836388,-1.011274961022762,-1.2080372526335221,2.630090804008509,2.3966509566902507,7.377569199411209,4.603187950376354,0.30774324845759693,0.9059536852405354,1.320771281984982,2
5.818562730937709,0.13237812776206048,-3.018809455309838,0.30732471499470393,-2.275484559838753,4.90298372654642,0.9293774832614603,1.1292759424925731,3.065587814451448,-1.4541746633382262,2
1.8596808259782167,-2.0768977824940045,-1.9660733249042064,-0.280490517857019,0.8590846592209793,5.049016101867932,1.286018199870969,-1.0002778822395835,2.4419877236998313,-0.5770580070567682,2
0.35495951895229183,-0.684258328723777,-1.2715039763494855,0.06756585358856759,0.9499276800618321,7.504607056855222,2.1517168884007516,0.566450015331227,3.27716516936183,0.33846182804384173,2
6.194721902524037,0.3567651155868555,-1.3940514790735183,-0.3300798094814695,-0.9476995026024069,5.643139040540077,0.05679351770855812,0.223822831544684,1.569359280654838,0.2542698026121859,2
0.5449917512444526,1.7023949985595723,-2.4125082337145303,3.4832223197117695,2.2340679713216356,6.815516816332464,3.0866300144515346,2.0417494588093184,0.26284873762588834,-1.8882273008092545,2
2.857370022604311,2.4470316348134173,-0.2649363884255209,3.2763754237535645,4.543331887150368,4.011704068910385,1.3690023322843756,1.0153172571462017,6.425071204633776,0.3087723250375398,2
0.9941392272226093,-0.12390934545368586,0.8072923195242632,0.08362735998021198,1.1906863723059598,5.535326966675956,4.669027995560224,4.799833712163705,2.2123531427501337,-0.867431899889499,2
2.569524589218762,-3.158221478220587,-1.6882300112946875,-1.11792831011263,1.8611047439704325,4.149568609063,0.9892923085514066,0.8875353287127943,0.5640468468850499,1.002356426611521,2
1.2110167679642345,0.7451897595481685,-1.7810172825773334,2.2789728264997424,0.4820486277825682,6.243013544545446,0.7173979022243258,1.1561460760445386,2.6782465436956002,0.0853485717780372,2
0.7272432233851155,-0.11090532619384359,-4.795388807807581,0.7415626899018777,-1.481909758997793,1.9869562266614547,3.2871251482190678,1.3836607283353628,1.8741626658311183,-1.1686003370113558,2
2.1609298771841656,-0.9508308050862377,-2.8634299842537114,0.8689953858746122,3.724894516593959,3.440307466853218,5.11209571521238,-1.7104914306501282,2.677498095630023,0.9869300837087285,2
3.3475725857632277,2.0195982040423486,-1.200647952192174,-2.2214808853072148,3.7620923345446937,4.799376608766547,2.4336511059773573,-1.7719830690919354,1.5035686919973692,-2.349927252345201,2
1.3435129398398462,-0.9967207684559134,-2.74004468564619,-0.2589143731484968,2.0931959114705667,2.9813895889260382,0.19671199217755975,1.664098714220444,4.111020800132512,2.928378553564827,2
1.463744203094179,0.8741950869244814,-0.4034132433518889,1.5525714017605334,3.2004754113643425,5.762098873134824,4.9137010242461665,3.831380696786872,0.5825773617212842,-1.9140175693728207,2
2.0315228592220653,0.7859079444282717,-3.4927621825817488,1.371175159461127,2.797231600414186,5.790219598449473,-1.055651253222714,2.5657508607562045,0.7971506266062909,-2.2995908981757687,2
-0.20207450073435806,-2.825059022965033,0.9614047437007149,-1.246331357788556,3.5030154127247566,4.154956986918737,0.49121724472930306,0.8318865721345565,3.8369458833074894,2.2719320123067694,2
-0.8795705136995979,-3.6588049196961387,-3.143800147809755,-3.5833330199782822,-0.7305918972929213,5.416956852838075,1.1466244240020824,-1.4382234485578431,2.3093885563912906,-1.190264278928381,2
0.6160268887544794,2.568542534441708,0.030685907728946304,-1.8107090444122842,1.6241808204866222,6.248454170369808,0.19412182852848692,2.0444993924492265,1.2975513709298974,-3.372561037936574,2
1.8873794653854565,-2.6477169317332576,-2.8921787302909756,-0.4490338574478319,-0.5432658661859584,3.5390745575943745,1.2334799114515875,-0.26420750219248573,1.944469386808656,-0.3807189068429053,2
1.4980580788030706,-2.000907510833063,-3.3059121316199898,0.802795654825727,2.144299497241541,5.603227523060008,0.6299083835946488,-0.8583363096184375,3.040494056262638,-0.41733779041127883,2
1.6602550867933792,-0.7151784951236029,0.2282563835921303,0.24514559057540597,1.745436396085318,5.13656962615424,2.8468473763093374,1.7599060892843348,4.107292338540008,1.1852168080848093,2
3.5350647903894794,-2.375634874608375,-1.8259683771443331,-2.7425630482090484,2.458171245427284,6.695616535911319,0.5573090673924204,0.03174594133450781,3.426629283343554,0.19901058057602847,2
0.034271012988838834,-0.8970036116180624,-2.2558480778131464,-1.9370043081198491,3.2198263302393784,3.6327800698530632,1.4587425410316706,-1.5318256002582555,4.4004840081420245,-1.949733346233678,2
-2.0937610717525805,-3.127046847264512,-3.5840237965298236,-0.570319911818107,0.9792012791793265,5.021145780172704,0.054542106640437016,0.10431790793188972,2.710077183432576,-0.675682770886764,2
4.47878678996835,-0.5119549675476048,-0.2045034885495145,-1.891011231164546,6.509916208602908,7.424975572391484,-0.42650332904977306,-1.6450052837679157,3.346511935735966,-0.9934439871355552,2
-1.494891565164264,-0.3677785533015477,0.2806040122675526,0.3853601720517089,2.3286073805271927,4.1243975613471315,3.9664262259957463,2.8666367055928883,0.41253099754749556,-6.081523377032282,2
2.2110113445815047,3.606223464092127,-0.31060283881320383,0.45319813398974323,3.988937565862378,6.174708920790591,1.9686013482698077,1.8174109482446617,6.173742260858051,0.3392375732477967,2
2.0762983698412354,1.7016121642798558,-0.1914642635977568,1.0370911711786652,-0.7350392417493259,8.200797992573289,0.6265334667595557,-1.460677794115173,2.9651297305391466,-1.9366820090706256,2
2.843423013303074,0.7902361160279057,-3.7274099513018015,2.1010855461832243,1.3206622655714118,4.700485945665889,1.2102784851264987,-2.1851110285408675,2.882453865390073,-0.2571806291155122,2
2.968670376438725,-1.1290032080161427,-2.4269883664055216,-2.750863731434173,1.3387781938682024,5.8950675688236345,-2.0031650169141253,-1.2478820290206254,3.188815039852715,-0.7408158255379289,2
1.4035599411072395,0.9661485026559398,2.5578645409491374,1.5026870901394387,3.553514837770559,6.282651124943155,2.131519852354786,2.421560025865055,0.040465567386656076,-4.676068476264772,2
0.07368936605812815,-0.08632008712027125,-0.5196148158040526,2.5496526765822116,3.5934121299832547,6.240847366531248,3.2835890720748733,4.193711560900688,1.5043696142017091,-1.909185849957573,2
2.5347143773706975,0.014700003742113305,-1.559361533751254,1.5405715108938,0.23721808962531843,8.893363727888408,7.229812281632777,1.6258180143425538,6.166731083553323,3.6374809703213935,2
1.4633329972503228,1.7590966062721791,1.249435457231664,1.0100164246567946,4.764817387900123,3.7917268619780335,1.4472143161239357,2.3275535545173947,2.556853192954307,-1.0958725687949835,2
0.9163765318193928,-1.0553240626360545,-2.1340722196444846,-2.650744464207809,0.6441976626132919,3.5953211090993666,0.08067068927571719,-2.8587789794249963,4.725188627555314,1.7216863030459326,2
0.4565439465793366,-2.974994624913097,-3.680230625595023,-1.9827608377543737,1.3832689560226945,3.19824700168187,2.608266638834688,-3.7620700035401327,5.6959536798029005,4.440120212131366,2
-2.9425882644534767,0.6486099737178681,-3.8456160068486636,-0.7524946998607422,-1.1529046819278714,5.178594173257316,-1.6529445144595067,-2.117506257787019,3.35797893363803,-1.1232226156171459,2
4.409193717528375,-1.4882800055654593,-4.185365153827424,2.091181333969637,0.6819517871349454,5.325058686100128,-1.489230254612199,3.2005903824636777,-0.306348626634259,-0.24517136739009232,2
1.8479484983452026,0.7128546364093773,-0.10692124225677735,3.551202608893879,1.8452690000764917,5.838095489940702,2.245354137907264,1.1813715531839466,-6.497629865830614,-6.39767998675418,2
0.6115270511939044,2.4060289416167446,3.520209424532408,0.6162153208698474,3.6786758424955734,8.113024797457722,2.9638259988404405,1.0006984556311735,2.3987357744949636,-3.238765359485603,2
3.0829146605298012,1.2772433873797406,-3.5537506219860227,4.292494322175818,0.4860044719382438,3.532853230568322,2.3292358831265814,-1.613007875069166,-0.6086145574477761,1.5216383954309158,2
-0.5374618638348141,-0.4818383408600501,0.6480712545507525,-0.1353704287261947,1.886230915426426,4.456185119750896,0.7725814022820365,2.0489594916338456,1.3905104042917702,-6.606849887882317,2
3.2249591099572195,-0.42435016440574536,0.3068784499431869,1.4753814882885308,1.6870800044057777,6.441792762924333,-0.5189350764788916,1.5035343908997465,-2.7259300467326324,-1.4488472724570163,2
1.6235466445595188,0.912890336955829,-1.9444418309685643,-2.108844259138082,-2.1869940255431244,2.9097783593171123,1.5674291731302954,-2.4784282879548734,1.1532001875814915,-0.6351475438672982,2
3.509265664927435,-1.3356776668292434,-2.313274012653328,-0.7000487915604112,-0.9567089979515755,6.0152323143012065,1.1520030540131787,-2.2175595137740785,3.2864329183844636,0.932980973100255,2
4.797182245318666,1.7301589678601375,-0.540166277520219,1.8648731439012645,2.041324831823718,6.1621499137179265,2.1008040755758675,-3.1216730676184428,2.8330158895767483,-1.386265600768581,2
0.3520544874438527,-0.040915151574458714,-2.380534432532403,2.00655483242407,4.376369414711883,4.803175602829521,2.4377366617000966,1.6184065703296808,-0.4779956627216051,-0.9673413045418405,2
-0.2006972009867125,-0.006547745952047351,-1.105898760553953,0.1988328574723041,-0.0298815783395896,4.8495255493140865,3.3590973263187136,3.1261278525045118,-1.7351319426741032,-3.2168738980913085,2
4.320048931169339,0.749134444118017,0.7271160070685674,-0.6005971564485946,2.2411166843879546,7.7915817485806915,3.7937297664781173,0.3396409738829411,3.957682941428758,-2.027674984725054,2
4.212896438791907,-1.0526617557037847,-0.5009891652420817,0.9458538399490266,0.7054004330726195,2.990345709223668,4.930481648327025,0.753040527459663,1.0039466519409295,1.5591407877775252,2
0.26048174420057957,-0.47842500173769104,-2.770467129983273,3.0467294126913216,3.6936031733777877,5.164991353737604,1.4089647363744742,2.1661378501189352,-0.07601404482475971,-2.272443502969963,2
1.2111186391503568,-1.5428050759573033,-2.1268408348062398,0.030624282628448518,-1.70493686840646,5.691682840059048,-1.820313871916095,0.6011433699021478,-3.014476337852846,-1.8078243285545779,2
0.7497068821617253,-0.41809768737726727,-1.8834984755603839,-2.550906715110402,2.2368867175925855,5.447975985714667,3.4249496097437353,0.5646553262160058,0.40578514418707035,-0.9318587192990655,2
2.514924906733198,0.8079208300907592,-0.9820120249337326,2.9126956764528096,3.548336706492675,4.314368236349197,3.9862602363181727,0.3923287013657832,0.9877701696960439,-2.615164188021745,2
2.264255757932102,-0.514967932109164,-3.239603953564166,-2.633688928950223,2.5081759201423117,1.5145490617373305,0.8460868945075427,-3.019570017710927,3.6311311753020874,2.819750817664987,2
3.049943566460164,0.3096200988390804,-0.2282971100046931,-0.8067193152453489,-0.2256729776310602,4.805228450412235,-0.48130465580541903,-0.33418337789986835,-0.1577160466700911,0.8531813460509132,2
5.224011745694611,-0.42880821991685725,0.03758959274209017,1.9031579882688243,3.5418744149069172,4.728531210073571,2.906249268049189,0.8298733598290893,3.174502718297818,0.3187692001122784,2
-0.26502028374282993,-0.9535118858688587,-1.9473597724740852,0.11306029268049039,0.5626525589336001,7.938831366381022,0.33701373430940795,-3.710502227562569,5.913848107257847,1.9252628579115298,2
1.2206574697339514,-1.4631745808220094,-1.1188730213273166,-1.5089357901850582,4.272253609567415,5.603722790539637,-0.42151997900801375,3.1596787880737454,-2.9779406654526928,2.6969790393766475,2
1.6405900765171355,1.5954146197624914,-0.9674448769136668,2.608298342433217,1.6526871805674823,4.923259901540914,5.670277910301637,1.9668737448646578,4.271580779401257,-3.261739662996653,2
3.9858717863296844,0.26839328924458244,-0.6875449950806475,0.6106038697737008,2.3084191236176275,3.17254970375045,0.18173777041069283,-2.0207251064037552,1.1631399944519702,-0.9388168198894702,2
0.771660452979337,1.0445015585150557,-6.528127390737402,0.1555524072645149,-0.12833291334530328,4.415438211231166,-0.9476646002369544,1.087335711646684,-0.12653614384141276,0.2642897762683909,2
1.9312353185587607,3.6051665879519477,-2.7596852492271697,4.815438461527565,4.325352475700499,7.120944639134189,0.9531969130171377,0.11506901600974076,4.387833204504613,-0.5806251378369992,2
6.254149775092162,3.8976549938515004,0.0626209306442087,1.3180925171265492,3.5518770297564246,7.287144758958412,1.6778834091780719,-1.9731650868035127,5.531975559164167,4.344859103966986,2
1.6002552015247187,-1.4887385520429937,-3.046032824156983,-0.5981523439720495,3.1123455548115437,4.035469802537243,3.7074011081941345,0.9178006336551088,3.164763372454383,2.046462120617715,2
1.008021573693892,3.014795431874515,-1.433050535770933,0.5609907386639936,5.324532098949998,5.191178515427276,0.9570587909574878,1.916900940752255,-0.8582240085816397,-1.889314199778973,2
2.916576604313281,-0.2049789044883741,-0.6267961817989669,3.1434156113389884,1.5546053505087754,5.8354670117179746,3.6447646005254333,1.3372683983466587,3.850824954406862,2.087035403987948,2
-0.16202034983052593,0.774779339006237,-3.3482477720078903,3.35168783921719,-0.9893414618493628,5.1623749490040485,0.5628618669153032,2.590476791764687,-3.601526082654225,-3.55156841970113,2
2.250504647943684,-1.062387790210851,1.427984253035991,1.0075771645420217,-0.45066053968471986,6.331372052920206,3.9628399859411862,0.43633901865204977,4.730695646634886,2.1192723538993006,2
4.457573369990598,-1.061750191421032,-3.1166554263825743,-0.18207619735155495,1.0005896562197183,2.773449086271562,1.58229370446651,2.291344174110072,-0.7412089098531411,1.4200637762527806,2
2.3985702041575654,-1.6012269870798042,-2.6357727230690413,-1.1576980921201243,3.9498912763394025,3.5157422868924555,2.912630967097482,-2.362658501515855,7.856451146566053,1.7450945859806808,2
0.9348367913526655,0.5432447177331126,1.1135130414109395,2.397865491141156,3.1541473292002618,9.775211643205116,4.910902208419765,-1.2803389588177623,2.0387150139191674,1.4523624224062894,2
0.4011978388449775,-1.2645186920980793,-1.4017942808372041,0.21978169514810214,3.8604830701464725,2.3475838791144112,3.131939923737397,1.3479484275462688,3.409694920516126,0.052605579995852775,2
0.37624075109532673,0.307428871309187,1.0137821010087358,0.4152176022564211,3.6202071153781348,6.193821921065016,1.6761996479805648,1.7771671195129894,1.162010748845754,-2.16845455269134,2
3.7170308232479474,0.10122239696002167,2.3273950110572796,0.12294932306677964,2.6703337700920606,6.806075737541835,2.4227769642799695,0.3071595850121627,3.3404332379043393,0.5417902157234817,2
1.816675120769217,0.18595573526644193,1.4900995345483243,0.9966621129557403,2.3073661746286236,6.431208695068751,0.4305348948517247,4.679194135378168,-1.2746033233162444,-5.4142526126812545,2
-3.104796689781743,0.48194160761357413,-1.0056994648329545,-3.3400341683012815,-1.4225812676227627,4.013771358573424,2.393612971196314,-0.1474412697571596,1.2126857647236293,-3.6848931868628374,2
0.6344874953427618,-3.001456787365828,-6.182020422174352,-1.9048607889350522,-0.6549477390000957,2.480833529707133,-0.5534065701102739,-0.859160700641759,-0.312556695251597,1.2225437126725618,2
-0.2698040476596919,-0.9532368785530845,-3.9253437966474936,2.8153693731328335,2.1508122803539043,5.442775114839321,0.6625537010693507,1.5299961147999561,2.3321361718455433,-3.165108740179709,2
2.143714683771142,-3.640099879193468,-4.1346838102084575,2.0966008995488115,0.7273273595993199,4.43698603104129,-0.1601198152412624,-1.3279491874072484,1.1804995914272194,3.395004815067409,2
2.555240630175957,-1.1538942485458754,-0.012254376465876682,-0.2769342013894584,-0.6524106317906178,3.523815377018752,1.5024991838534179,2.420186446012984,1.2778100285093994,0.6470214822625038,2
1.9124825918153117,-0.588745513146415,-7.9137967063151065,0.3608989911506676,0.9286139135423485,2.49640620539727,0.043515337628820205,0.16249329753541825,-1.6878592374643446,1.5268407468758616,2
2.287888494357688,0.9275722707284484,-4.254790663881334,3.58148141472976,5.308578973678019,6.833616314186983,4.253255244386704,1.2106812733471637,4.190978472934599,-0.3263905619801033,2
0.4031767954562129,-1.0418716570705553,-0.6799808790741284,-0.6974074447298091,-1.514212191226068,4.7590152026540125,1.5641728694532062,3.0958457780455766,-1.897858427633237,-3.7026485369183395,2
2.163317987980259,-1.669949117906551,-0.8092035775292253,3.3705521780763767,0.6293618231882283,8.252537724906645,3.842899531889086,1.3581815823270686,0.9990133136856276,-3.5367483332432235,2
0.8600154306133029,-1.4563066194737266,-0.2896065170680151,2.1972192654781018,3.8210865547047965,8.640529375790596,4.968854101409406,-1.3504026568242602,3.1444417965806717,-0.03974887708507832,2
4.730202613439948,3.0873032949487977,1.4581070615934524,1.183479112848687,1.2602912983176786,5.440213663913249,1.979356681776542,1.2285220631200515,3.549746822662145,-3.1910531162974998,2
3.284821764981597,0.8848757352499221,-1.4685741355554993,3.5155509284835715,2.4644264527416455,4.394728082693462,3.584887614264505,1.0390937703005387,4.132186717828014,-1.6428486418540065,2
1.1283579621190802,-0.3940537828956891,-3.375612786507791,-1.9240231917840687,2.31449857873276,4.4128042467921755,1.477448203477885,-0.043883329873152965,-0.2785335695906985,-0.3090850780029008,2
4.182686688365135,-2.56870146233831,1.0008287427287905,1.2212841484081647,3.0230264216974194,6.319971514293073,2.8793981494673746,2.7768870225386566,1.059948487849535,1.7659678622804176,2
0.6347825332905157,-0.33367612494601756,-2.3460228310717657,-1.510518941731766,0.7835523204610195,5.56394770516231,2.441176140084948,-1.9632660439223626,0.9481796073427757,1.7403263172003443,2
4.038737792029376,-2.3354490580765934,-1.482923847929143,-0.22880889725384662,0.5992103365067456,3.1830393890290622,1.0400060037446712,1.9570338869961417,1.970719210090462,2.449648757998495,2
1.5454436967416416,1.217107169535049,-2.394232340646493,1.805145154813702,2.992825736562698,7.742796622802001,1.697092452279707,-0.37186396446736275,0.8118839158618467,-1.3387517316878585,2
2.0943028164838027,3.2006979209482553,-1.025268476991489,2.5190382265221305,1.6247460484363019,4.68267498294753,1.8413826540947333,0.8778883599143514,3.0702734196599493,1.0170155008143655,2
-0.30698033122269397,-1.5083626828183143,-3.4809801319669367,-0.7573294473559016,2.1251892086870354,2.841624514180239,2.0052928508880283,-0.2893740607854665,4.503284906895649,1.7526000824162495,2
2.323864078592261,-4.761958711008386,-3.0323217258591475,-2.00666831586762,0.10598654518502038,3.4113106750311735,-0.08718847405978658,-0.1163405536016679,-4.345624209611609,-0.5410112303127756,2
0.9843641385239467,1.1641589602570126,-2.0428513191762527,-0.8002801359514737,5.541466643642794,3.8268286093766095,-1.245599608985406,-2.593634544076738,2.320227894003204,0.7366636466452366,2
4.243423756481976,-0.08256835180430236,-0.4966901736380238,0.6937265711297492,0.8743741391515603,6.629090648561321,2.4542015263754706,1.2584741056556954,4.194454987362994,-0.17938396068796533,2
1.1926216981224913,-0.4362813836336725,-3.018332695448672,0.2916061639920605,-0.7061870601808491,4.493259008935621,0.3895032242349228,0.2546571954911071,4.9657572342269685,0.7581446291122832,2
3.9614466090152822,-0.5858783610177118,-1.0246819520330595,0.8480110675753454,3.3918070390540196,2.77732184470296,5.588759751344156,-2.9368371629411207,4.327456440911286,2.7912106168688746,2
-3.1779208907441197,0.913576259921981,-2.202362964834303,-1.0154290049548025,1.052737045869938,9.264325188937107,0.8738483768354147,1.1276451228188311,3.3559612375957006,-1.3030635964547068,2
2.0234331866677846,-1.6644662983878604,-0.169261859494644,0.23955346634585364,2.0784852323146445,4.28050845425762,-1.619756517907554,0.833968775000612,-1.9868074535653775,-0.30517992860561294,2
-0.0998135482963276,-0.6536665173370635,0.4373958167331875,1.701710223432202,0.06783111681319753,6.507584911419042,3.2961075174217607,1.5807801403998012,-1.7091851206981006,-4.026045921365715,2
0.25316876445764613,-1.033016961571777,1.2407657876060558,-0.12123347478277985,-0.32698338140987193,7.966192252605061,2.353359067340813,0.17991669474240748,5.066392894334253,-2.049932850256296,2
3.2422530605917768,2.262041076421832,-1.2334372513782998,0.9213887895856405,3.7883152398620767,6.577163497970409,0.9174938736942463,-0.18995710772172358,0.9425208159766041,-0.7607498131815333,2
0.9298139780705004,2.362845075635194,-2.2862956202424716,5.055616825779349,2.3073262566675456,3.905703962821061,1.1885327299617012,4.232058335210635,2.1254885754663455,-2.4653935190972813,2
1.9398131995030323,-0.5471138907878283,-0.9139753264545677,-1.7386870800784444,0.2522038782984204,2.942258030949654,-2.115149017199674,2.2584617081398477,-0.3000940079691472,-1.3151319453492767,2
3.411241569039607,3.220113054207669,-0.6756986949805246,4.9007215752851,2.737943479761916,7.165477256325129,0.10760045051718103,3.8908533511997763,-2.5041783835828775,-6.326824737596685,2
2.3699878169902293,-1.3346071751190705,-0.9902448931329427,1.8268132528865553,2.890095638943829,6.299219465137227,1.2204448159843333,2.899572385599056,1.5918581147336204,-2.394891070244481,2
0.44547344896191143,4.794887429728288,0.032577605859965386,1.0806933206180809,4.4428732973009435,8.76211618986067,2.842408422401724,2.061293974017483,4.500053023016913,-2.088629215472339,2
2.0995939977560916,-2.6312068283915364,-4.426909184761704,-2.2124988458284722,-0.1458153214319471,3.777507584748892,2.3508864455748997,-4.911910416559751,7.355656887611978,0.5757261601112968,2
1.7430259856580612,-0.7048655246591605,-0.2261585607105714,3.1571337101449752,4.373697916449017,8.180249115107623,7.940238211236023,1.33193899413066,2.5219036787766993,-1.3144072642388236,2
1.4926596114209614,-1.2267522573944956,-1.4840137291174718,1.1165814586499712,2.060711613982768,3.8990566762396535,-1.0271115322367135,1.0398726094128312,-0.13202213138392382,-0.6806559652077298,2
-2.0877430887708295,1.6615964381793455,-3.9047642846319706,0.8120733723919363,-0.4558847015455536,4.730214962163828,-0.46506682323077886,2.9995042520122452,2.8571596578835705,-5.765926229250483,2
0.34099955393260517,0.25311742939743304,-0.26702713429319824,-2.170059818170688,3.2238469898529107,3.440864621998375,4.257763435929142,-0.23322497432570893,3.348175521587053,-3.4814378696120047,2
1.5082351209022717,-0.05544978638751158,-2.5199729941428215,-2.08481034066126,3.6087596385431535,5.445168020737982,2.4651616016823965,-0.9335007887508,4.132790122099159,0.9128629551989336,2
-0.8632871256679044,0.9171156360288126,-3.575821577159104,0.6255804147754789,-2.6298821330663533,2.002187835925525,-0.6466489246834684,0.20217667491720764,5.036696687648869,-0.0849334368164237,2
1.4076746661135038,-0.32630088550851477,-0.8090237140900097,-2.2588617200829977,-3.261851231992608,5.195281232888012,-2.4093440372262944,3.653428623246198,-1.363040813509809,0.490403162440875,2
0.43388439098915654,2.364704959483949,-2.264461374816874,-0.94719191241214,3.5874549570293026,5.863932834436194,-0.07131187318172816,3.2381622792427436,0.34257521199847085,-1.2926706417258054,2
1.3944369547162645,2.4769005749795734,0.15857615154605975,-0.2446815881289805,4.674566880221906,4.835640674142002,2.414856908905807,0.6965752898198072,2.9556977140854865,0.5337651545388,2
2.6157860365185313,-2.720171848131969,-1.5774176709312857,-1.0789138450603082,-0.12526409144659234,5.029912474534804,1.5522392536923164,-1.3099422612382605,0.09606247508770993,-1.647679259096444,2
-1.7663696452159814,2.544114305868798,-0.30297829143470856,-0.25352105704721056,0.5402802221423992,6.719164644494766,0.32406388580025114,1.4254592437723006,1.2443572970867542,-5.263583715347168,2
1.7985907227982771,-0.832388284865589,-0.7652145648932047,1.1861178336765887,1.232957877771401,5.631864733631517,4.848812639838773,1.4164766174811332,2.7125537349440667,-0.09428808802869464,2
1.9897612879882673,-1.339047621319556,-2.292662817015307,-0.0034156425445922567,-1.1696160376692366,1.769819792390575,1.3332895797633866,0.03505421911708098,-0.7329533769328043,-1.43230723390622,2
-0.9658746549544357,-2.9046947831604144,-2.001824038951256,-1.2036461660346545,-0.12981753049979128,5.961459196767958,1.93024972747531,-1.4642786301361617,3.0302262209493946,3.436342245282425,2
2.2929093468960646,-1.0656418501812988,0.32642182990368807,-0.9224036133661235,2.7419672797012113,7.0173847289818285,3.409579104239212,2.113403307798127,2.0911701381106815,0.8479366828108241,2
4.321902449431043,0.754975218136329,-1.9218994696478229,-2.0799994984534345,0.5299922017223628,4.884962704318132,1.052441229370984,0.4052151151968496,3.1279624389620597,1.083926592022653,2
2.115586818410772,2.7571386444676977,-1.491785182100062,2.068398107806755,3.169278957794484,2.071634389116387,2.1021131393084227,2.717636955134106,-1.1019269251161026,-1.1114635766326662,2
1.434282169141749,0.12037284938260678,-0.8074696120530728,0.33252848057325535,0.0009274881701950566,4.8285938285496215,2.801599789956814,-0.28875648962638173,5.316191547228948,-1.4963915509883818,2
3.7774727247296775,-0.14972367397405892,-4.7456631515476495,0.8718074085508105,0.7564393681739773,5.346152256769001,2.4883659137657275,-1.8399626378235916,0.9793864972405519,-1.7892728900238701,2
1.5431530110005856,-2.584113562566944,-4.991490443790947,-0.09130291246601535,0.255604706091594,4.498683176097108,0.8300460467981352,1.2466043425639957,1.2197375125322265,1.1425538771988522,2
0.28427855977073335,-2.001416345789358,-1.8426950446151904,-1.3179881080393117,-0.349777538218373,4.952036463993382,1.0776342281289404,0.5832266941485011,5.075581079842068,1.7039981612407726,2
4.701305717994344,1.895482422176219,-0.5638166831671849,0.872922670372198,5.174354136811131,4.090537822605967,5.020036568877359,2.6385173653576257,3.666183472926398,-1.80820814417551,2
-0.0501286446109217,0.28332568500266403,-2.3910227478991124,1.738461306582664,3.295875795929972,4.166793649096886,1.214713807202457,-1.3341432557812223,3.2729384326137634,-1.064170919053286,2
3.721376650546322,1.8404771689229038,-0.24265654777857182,3.299495944996277,3.3622051043948282,5.432408982481659,5.244618475933557,-0.5173957075571798,1.910287905855705,-2.775661874186498,2
3.490103463563457,0.3040961909169237,-2.2688566975088236,-2.699983144766739,1.3914435862143195,4.687163687382995,0.13738574587392538,0.13407578850708365,0.5343261494156197,-3.0128337165527093,2
1.574402131806985,-2.822485336332977,-2.951383035868206,-3.552405981330417,1.141798557181474,5.193836756538673,-0.0944572099073766,0.0991393744168568,4.444235496963689,2.392056024656381,2
0.7136630802475313,0.6017755248053673,1.5229889359909305,3.3695366889259413,4.92431290644365,4.661507960631209,5.516512432926779,0.7445435462777148,2.679838928474118,-2.4069273877661606,2
4.251094037646829,-1.2519299090711278,-0.7503018369739964,-0.5336364654499488,0.734312720329912,3.587167262943212,5.100881288185262,-1.1314077726721756,4.06515084415323,2.4953651641054497,2
2.130704452927692,1.8562331054026509,2.9743393702879013,0.7311940661123308,1.6319530077554565,4.96024704871274,4.847171575948277,2.011334450906101,2.8757227415244837,-0.36463531982029795,2
-1.590299350847361,2.681001756646276,1.4156906596098395,2.902337100600232,0.5161204417486479,3.3599429372055623,5.139410115376338,1.1366132810589038,2.682662998787271,-2.212082174011816,2
1.05716991020935,-1.5967622590531885,-0.44394011015981794,0.6996100421137466,0.3694547270385322,7.123557736675886,5.053388591216182,-1.5782810570283594,1.337600562887987,-2.591972810892816,2
0.7462983077440637,-1.3995863727637108,-3.314778205271635,-1.5495805784396641,1.0611041060049302,2.678790606158528,2.8442097199187053,0.25727428454001455,3.2915477451352415,-2.5116504160828543,2
0.4647064917326784,0.03750204624871234,0.6493072429345721,1.650440940160068,2.5915118977678344,8.791289784485762,0.06467548966079528,0.3320460690986087,2.4147005338983996,-1.226027646086729,2
2.8050773981535224,1.8501942403706464,1.032678426278059,0.20310267637747337,1.3422300263228881,6.544135509396409,3.8781723378134116,2.7152200327730847,3.294614683212842,0.9439924564051243,2
-1.5896435766830541,-1.608108307489898,-4.668959858631271,-3.9550926194157987,-0.3816965437143012,3.994992489503285,-2.8201737877200395,0.5921558515378659,2.0204835483973467,-1.5475321072102564,2
0.7899766950832101,-0.12346085673200782,-0.5916420019733681,-0.3342891594553436,2.5537233760752263,2.7653192893595024,4.586869437143249,-1.628621249581256,0.5254193383452084,-4.627305603066442,2
3.3761065353654205,-0.8014092749029595,-0.8939967668399135,-1.7454551173258208,-0.06512968026898291,4.646004103497463,2.264986566908604,0.1781859038747907,0.8446107020134928,3.7245859800426633,2
0.8099655246702249,2.0903232655235726,-1.7783904496846947,3.6220705154018935,4.124644833624515,3.8580404255206657,2.230392003793369,2.396994333215242,1.4627610384330678,-4.174581721827448,2
1.4082632228652998,0.9075454511435308,0.2111600252128829,2.951503127615733,5.489907856758624,7.322983858460631,3.069463378383734,-0.672208285436763,3.8183621297292776,-3.4881155981399448,2
3.1439446309233503,-1.063085643639063,-3.838088951644856,3.4014277783816085,2.9973502615221816,4.691287281711517,-0.6150551366778436,1.8867140650865732,-1.1387882821811597,-1.0415188082866278,2
3.1330748431801347,1.2474037854217537,-1.7147467317884262,1.7167406229380622,2.092967204890502,7.66984941909103,3.7855373816798754,-2.841952654958181,2.214677771163308,-1.837550488555577,2
-0.23296019260608625,0.9519300451540991,0.5047678091505128,1.4359215799976845,4.48886873477993,8.586843505570519,4.59863658843217,1.1096720603126178,2.8715390533644154,-3.7549091629649336,2
