x0,x1,x2,x3,x4,x5,x6,x7,x8,x9,x10,y
1.9786250449402498,0.3030081005210262,-0.835134331975726,-0.5974341490011191,-1.7282086071099734,-2.7010105385892365,-1.1198479224337168,1.1115859975264908,1.7772990671814568,3.7555026927681725,5.75351864573164,0
0.21567620417471267,0.24262122793740182,0.9310466720259345,-1.2123837554956776,-1.477697923969873,-2.7569787092074174,-0.12556119013281852,1.1425910847329217,2.366029259585506,3.9759301731228858,6.017343328114808,0
1.8050824723550107,0.39362145283167416,-0.8728021327396582,-0.2935488504702135,0.08846295426993045,-2.4311122278189528,0.5616372143512052,0.9194885777011821,2.84066408709966,4.204805967360984,6.194614522647871,0
2.0195714484518086,0.2914349453929208,0.26121853510864845,-1.4631930999080562,-0.01426044484708422,-1.9697971281246267,0.28607497116516994,1.3017047507098816,2.4410476536290413,4.105731047390592,6.148225257338753,0
0.8091336977034904,0.1178060188558554,-0.14789565926523093,-0.7475867099290349,-1.5065194433231803,-2.738551144616072,0.139401888680653,0.14499033776529224,1.6955570159743298,4.349595469593002,5.458633779470555,0
1.0206390450059724,-0.5395197802806757,-0.3270160331899879,-0.3567057856134103,-0.22011940302253596,-3.051149138759342,0.016009782241458992,1.2001634706173332,0.8087709552960314,4.4889323765424844,5.707057271039276,0
0.5170638277306971,0.3305755123398719,-0.009082539192574568,-0.9012355640051213,-0.2311385096332897,-3.678180642106252,-0.007589096374474469,0.5183722196936342,3.0619531297435403,3.9190641441551177,5.823886182131235,0
0.6352561782013604,1.971192873178915,-0.05627488714411255,0.30426600143312577,-0.9918355899030697,-2.345263739275236,0.24924563865941168,0.40551522597779927,1.6456763889316413,3.7427580884560974,5.415333051788115,0
0.9160940785698373,0.7578177744519659,-0.29686799207865167,-0.9147561547981388,-0.9146442849120354,-2.1035684999945956,-1.082831035823695,0.5860613165884321,1.4552050572084454,3.879939658743498,6.144882795330226,0
1.224215380738407,-0.09903570833255709,-1.1476163886333273,0.18369593409478957,-0.2450912953567143,-2.772426363963322,0.8505878133651164,1.0993321119482404,2.077902946418324,4.1240940760478955,5.804948060251714,0
2.06208692138473,1.607725253339303,0.40172180903730603,0.07802155558651569,-0.5848510228587755,-2.18049759259116,-0.03945466182255855,-0.0857785455104223,2.0196122592425922,4.2503264950454955,7.203389549834795,0
1.2693429915595678,0.1323600804053061,-0.8556143478106096,-0.5368458572236817,-0.3524210634994951,-2.117378057538129,-0.9191865146249869,1.5670753797645072,2.402552784301651,2.390538822673753,6.382736916208475,0
0.921527371906481,-0.7471539708651811,0.5362444773851298,-0.22648549790599143,-1.0624230684794205,-2.4427676345324376,0.2155050455370104,0.34621754029110174,2.721585195362601,3.570828800163871,6.680367388416762,0
1.000999114388355,0.40780519356519707,-0.29380085196541805,-1.2089669480709215,-0.7665786608391906,-2.846386742841746,0.11252608044424658,1.1435125467065954,3.0644702774201686,3.3428012138044076,5.017342335894262,0
0.6321735953008016,0.5563506351984878,-0.017230950497057584,-0.677741380902136,-0.9545242640896094,-1.8305392512578615,-0.6526663785195508,1.374070418507224,1.8161018328500746,4.041492197404291,6.96886653361627,0
0.7023594044190253,-0.4298018891601308,0.582644156419868,-0.37587674472021704,-0.20052369771009487,-2.6613998451114607,0.4159637837686992,0.849100311902956,2.218175293624696,5.207101690674781,6.106136932917254,0
1.6144923988254756,0.9787451464391239,-1.121164325822057,-0.6782469849673095,-0.01029630288028438,-2.153838099507854,-1.4269549442741125,1.000061558891569,2.7586458049467657,4.850775615530235,5.8126671201333675,0
0.36154337181268326,1.274609350121349,0.1796246589725739,-0.8395133012252084,-0.2488185901777626,-3.0043037838615922,0.021609567628065846,0.6427549201578899,2.225467152160343,4.510963714750996,5.992250150951092,0
1.4960178262666601,0.21280337643741376,-0.5778193143106902,-0.5350659952163482,-1.6891522649041582,-2.93150545560505,0.24601284890468778,1.214870695240272,0.6103292624235899,4.50960756626146,5.289619649110006,0
0.9791860894328677,0.5070470978830943,-0.526569229771687,-0.6328539145374427,-1.50151180622564,-1.1629695119947758,-0.9953374779589199,1.7955685895949798,0.054184020748487605,4.798688058107575,6.141661445335739,0
-0.4757201459462026,0.7461306473331504,-0.4624680999411035,-0.12172857992222064,-0.7893328908314439,-1.8443468167233839,-0.6618346738251482,0.9969345561400205,2.140862533810364,3.9820064321671302,6.211650436733858,0
1.778361110381482,0.47245192330011876,-0.5312289905116083,-0.934309602240066,-0.8226744536418635,-3.0678424089688927,0.6001187776828385,0.8338710251323818,1.9490594001793788,3.0025143795944484,5.432464975270728,0
-2.4019803091433016,-1.3272222644485183,3.9677704266366165,0.6835594335921691,2.075030758664305,3.7225798552144393,3.927331230345804,2.1263162533437026,0.6352923987104434,-0.5872229348370129,1.2258182718719912,1
-2.942317049250491,-0.7423609260440456,3.5271097597813235,0.47383340828122816,1.0065186615462747,3.2198029103789296,2.456893173353911,0.7455360850771482,0.8104426278389112,-1.790922436332192,1.4144463635433757,1
-2.725412507740166,-0.9407105542451756,3.698884527909682,-0.4215382620408764,3.3067614531999365,3.780860376083867,3.1021127788451635,0.6621048947464993,0.5179119187258383,-1.65509265249883,1.2343310874355842,1
-4.152285225220618,-1.0966004767419422,3.5812242926503233,-0.5210283951482003,0.9243258576347587,1.7258550043223204,3.599229052622242,0.9355010970431377,1.1528540240267744,-2.045240676368304,0.7918601099437959,1
-2.9891835449926365,0.3583246921809069,3.5972443870538355,0.20507250523151516,1.9639469474381857,2.5659576570945863,2.287793269427689,0.23416791665542958,1.3975896397621446,-2.180140054275843,2.656368770415275,1
-2.717811199360237,-1.0744597872508264,3.8337414179229423,-0.592058085188095,1.9801933513621395,2.286144434153055,4.253096950895089,1.4993211817940464,0.38048984854365653,-1.4015923014613012,2.1743015078339907,1
-3.7593985433318213,-0.3885021022045464,3.0412718314850586,-1.6949898676956028,1.3932148436788385,3.0814521147735894,3.02219013088016,1.3514402440050262,0.5819389565493025,-2.6070416460920525,2.454617631127527,1
-1.93167310045768,-1.144696572059467,2.915839773339352,-0.09923632764603701,2.60060528012579,4.076823566479249,2.8547683765139316,1.9516545961970313,0.999810671004256,-3.2323841940748297,2.308487664065422,1
-3.8032752067059814,-1.4169604752401048,3.5730871007746345,-1.6773451760467686,1.6743948657841201,2.6187147720062915,3.7428730845413467,0.8380979569460375,-0.1508692576566728,0.43670250731137417,1.4108577381574374,1
-3.700556809191726,-1.7353813951803514,3.9100925209240796,0.8999450415753769,1.4172448913774265,2.586384059404062,4.336314981653175,1.8879114593517978,0.8628114691057567,-1.8209836036037297,0.5765489467199758,1
-3.6664759255825037,-1.3918147287810805,2.678592623082535,0.19573987309469326,2.163224777197973,2.6540635341219154,2.877117434653457,1.6169131897412181,0.4651292648410379,-1.9296724981626214,2.292364037415761,1
-2.6643713840769037,-0.4501413219926077,3.724163367414266,-1.0038516014171373,1.8327305006374386,2.7163948510057447,3.1449895533422714,0.6788527023166832,0.2740776991389466,-1.4112678769251532,1.377660390063359,1
-0.8830324735352415,-0.5348673090326843,4.040713166353958,-0.26346913812056827,2.2549485770730433,2.2131046409531003,4.398122356423141,0.885518500683478,1.1187756359452636,-0.6742221808039998,2.246490366253368,1
-2.091777739661667,-1.5987890778437128,3.5058781139914683,0.3243902301172092,0.6467102956647197,2.573454232201874,2.2876137995615937,1.021569660432706,1.5959961064134958,-1.3369559197936738,1.2570769623244369,1
-2.454117010035331,-0.0657949899991851,3.590364386608985,0.2863034414886065,3.4524568213098403,3.454427397942118,3.5909240632938557,2.6145201854817612,0.16518661141660684,-2.6730626214102293,2.971111566713607,1
-2.203022206999117,-1.7393590636490786,3.8979999329062514,-1.0462690385715185,2.1041362787386984,3.4509503498186813,3.1224431229166028,0.8061179967022789,1.2285482931350304,-1.2408850734602697,1.7701974827818188,1
-3.232631009230297,-1.3819300828045444,2.8245453850984084,-0.18784623923179772,1.3341799907969434,3.8740869075642115,3.3451353107732746,2.406192985379994,-0.38285492844547386,-0.867609254557037,1.3513561293499023,1
-2.6682151134730554,-0.15824818710750865,3.3671343557278375,-1.8168039427540772,3.1305106095923048,2.2283567494518075,3.3097872087158287,1.062320344929218,1.7739324356905877,-1.5468680384499554,3.39407065459007,1
-4.728562316680156,-0.13916785308705804,3.7002315230949288,-1.5130116392331516,0.07576743615218051,3.0279145322488246,3.062256326275128,-0.21349060870829395,0.6256460302682177,-1.6436300971807143,0.9498087988093407,1
-3.940833558174808,-0.4271362729675005,4.114924362958367,-1.0586972117861309,1.6106379518358773,2.752922856850874,1.597361111271731,1.2795650026663254,0.7570258678755388,-2.1523645693786033,2.574440626882008,1
-2.8415042035104783,-1.041790952933671,3.2760071814730494,-1.3084367713595486,2.9114840807500153,3.4032954844944725,2.7854901744767626,0.7964442383483081,0.8310129098604822,-2.6512225137128684,4.211680701793266,1
-1.3703385010586826,-1.5959524197238524,2.875401439909328,-1.0600162321341855,2.768868475926607,5.570863269847035,1.6724502161538215,2.575645248040064,1.1226395427876765,-3.5960148741360984,1.4398756247554776,1
-3.8188970111055554,-1.8025722319064947,3.6721311879935725,-0.6877415887817919,1.3193834361326566,2.7008709657045324,3.2876928408188193,0.8647400192615158,0.35938914665286864,-1.505188298126904,2.6072421147436997,1
-2.0344665706828593,-0.9246249174352585,3.224672849769033,-0.7291802636911016,0.9208942216620307,2.817759525283783,3.5228683549051576,1.396725485399666,0.8876798772808449,-1.9266139852245625,1.9386941255983599,1
-1.896803091350344,-0.40322510516088206,3.0723813888741938,-0.7445844301556297,2.182218143984985,2.497487337928554,2.2799507947957856,2.089768236069013,1.4794770433501356,-1.6204930454888151,2.5777281628880973,1
-2.881072043196157,-1.424672948640037,4.313883275144046,-0.02666256852240556,0.681592115606952,3.3756897120066043,2.4863631015250673,0.9921226956390428,1.2061528123996015,-1.6357288449811136,0.9628638416916582,1
-2.151515806052319,-0.5900882626025999,3.320426210041641,-1.1293901219703564,1.7936630785822496,2.5316103354684096,2.956639329361272,-0.4590453582833516,1.4469993558032765,-1.3209485824198048,1.5417384936908078,1
-1.9514814339229853,-0.07276156133367095,3.82576781130043,-1.5489827718986275,1.1262728828784239,3.79724004018823,2.7056738049117985,1.9190600101882105,1.17749142637583,-2.2153313896922446,2.711426408123522,1
-0.11670277747150598,-1.948267713667182,3.7686138150272503,3.1627638595242633,2.1511051486712325,-2.130831464307543,4.4095724609138305,-1.4193789040474603,3.4098640523052786,4.303071039138701,2.0847621739351725,2
-2.0001614598048274,0.8776757794422981,4.040676308285031,0.2694552299317776,0.502573412025303,-2.3755843576426834,4.152363732315876,-3.7552972745280546,3.173242433252735,4.933703572571256,1.7884506826067181,2
0.6791881920708716,-0.9500255532684119,4.017507958646309,1.6732828247829932,0.77168353578051,-1.2057727452609437,3.8525683108665265,-2.0836894994884165,3.738077818073536,3.324021815850647,1.4471111574857822,2
0.3966955882850128,-0.6693859530439499,3.9707159594987185,1.0431161127058024,0.7315427354229344,-2.7957185958983164,4.859350621861394,-2.7869316144904692,2.728579206955447,4.168432467822606,2.8836061978560035,2
0.8346916377551947,-0.8703886749723482,4.437462092667813,1.1550800712863116,0.5986417167600377,-1.061985740095095,4.653706528247052,-1.6588506423509881,3.2783002152954017,4.125366858412615,1.7871863567286033,2
-0.19037769641299304,-1.558334681083304,3.8344298600855815,2.3435727160691204,2.0881698417703545,-2.2326627778440846,3.394826407553687,-0.9334405607617877,3.5184190775901842,2.331919745504565,1.451352810808261,2
0.3428128167764522,0.3642852621436711,5.911644773765582,0.8176102131349887,0.6487536198448484,-1.9144883467558818,3.371420879122431,-4.000974491099154,2.906805198191413,4.05778137942317,2.6536520815958338,2
0.12373919684423704,1.7904427544157728,4.6800315591981505,1.9889658818972809,0.3637462253251566,-1.297286964946966,3.898091332614696,-2.8413239182075247,3.352004180494172,2.2998765218917634,0.8523498604259383,2
-0.03266059990850167,0.1768835552816172,5.179756255325876,1.0247830510824647,0.6786274806965138,-2.5966241576881535,4.551948786064371,-2.5648527601105564,3.3495684992471095,3.173263887617656,2.0762554319888173,2
-0.10210750213059719,1.6237299924270627,4.072797184501636,0.9889578575193294,0.3917153393981737,-0.5569843237784704,4.199503419173239,-3.3492314804997863,2.944727113856963,4.7156425135886035,1.382620581451428,2
-0.17951060613010703,0.7555203548687076,4.751459446521003,0.7931857513860517,-0.44621317828946316,-0.6904523547887735,3.6053192086490404,-2.5235702971829004,2.3599910302588705,3.547199535706517,1.5613695303889379,2
0.013244354925983748,0.45909450195592527,4.208093744856881,0.7119184410085317,-0.735544908842759,-2.542940619597844,4.000022802219542,-2.9552379873762096,5.144452832169804,3.7642646907702835,1.9954082287486967,2
2.0307821804039,0.38702264895527716,5.125910557396583,2.6510640436321524,2.0691965601750963,-0.8689817268253124,4.463081597286489,-2.3654743400404645,2.268169819315553,1.9455080254917103,2.779367690633464,2
-0.4492082151270631,-0.6212171985318548,3.5303602221189108,3.806490783047911,0.9796464084846155,-2.5542082979748173,3.8137360325901573,-2.2885507705345236,3.9439346450427553,2.775293201808841,2.4014240911920948,2
0.41227238641755587,0.9945689369297622,4.393450807110302,2.30628540031359,1.6875919802623927,-2.550717959743927,4.307452481410297,-2.3149490505524084,2.7782394791223695,5.32254953992075,3.597206859350811,2
0.8629631168580106,-1.365805338067403,4.658901696309324,2.5366399081326154,-0.48366622209762467,-1.5148134592778288,3.620625271910874,-2.0809717850277782,2.857728326021803,4.214083526575157,1.9515981444263788,2
-0.21634197444868614,-0.18453447476918616,4.8791953236168775,0.9943199249367236,-0.5396014921730348,-2.479888188080264,4.520599138147881,-3.565908831481268,2.0433130902630756,3.853164846912866,1.443603598509859,2
-0.5193535112276011,-1.2822354483818335,4.70444584323353,1.1451681052668214,-0.13618168553367604,-0.10284514203557826,5.346985748065155,-3.203078998808097,2.5449824527571137,5.173898613198917,0.5891254778556518,2
0.13440364191110743,-0.5810896208643942,4.600555320157877,3.076848045179208,0.12581008201801297,-1.8488103879364894,5.226153188766649,-2.305563416555358,4.229199963426128,4.491536684450594,1.6405266715452385,2
0.12819472455620834,-0.8850855731411841,3.5094062940122184,3.023060057759824,1.3893761820229789,-0.8004795837404193,3.879953705839628,-3.0493886194946733,3.236332853999799,2.3417846684926267,0.793796105630006,2
0.26731505639159103,-1.882884469831239,4.704723524631218,4.3840928802290735,1.0731803875091894,-1.4954717969801068,5.607438144630027,-1.5638284930419313,2.8861664135683984,1.8881458001248956,1.7164048899309519,2
-0.3673705402847872,0.4424668913936451,4.78532030259752,0.6894335348123813,0.23624198481427444,-1.7139496438467672,3.517564433313345,-3.437356107564787,3.1426379986956037,2.480308028017368,1.5706785460751744,2
-0.6046422827237025,-2.053483848073902,4.429472490205264,1.4724100620829033,0.20563630038880237,-1.1449965607583374,3.3016386212676827,-3.018345287856784,3.41771056316733,2.9813511218350746,2.1661001601860588,2
0.10922886678739269,-0.8319505271177577,4.588783948120698,1.4210969038329753,0.46669817013514303,-1.8656452416024343,3.578143102362203,-2.3905257117414567,2.8065367351845865,2.2290668007465273,1.563014005762755,2
1.7582943968528433,0.4630585035565872,2.491442564116764,1.1448266589757947,0.8172837628322096,-1.9431527471228422,3.509446375301541,-3.753167820611412,4.923791517636818,3.490557267615617,3.4282905010873987,2
0.5130349303050507,0.8911867620672725,4.751261784563425,1.350697305546583,0.014897223178546248,-0.7641337130323573,4.068586640934707,-2.9627395210105623,3.1730108668928163,3.979853410244573,1.0998257311551973,2
-0.02411626960678732,-0.9229274338654477,3.9722516989489156,2.6019246837227348,0.2074440717769923,-1.6055886033785873,4.1091332194448755,-3.96707858505831,3.520022863124174,4.682215575505312,2.2431910856500052,2
0.2106339207160974,0.030506526574413294,3.6447802640966858,0.9645897043041458,0.862190383593242,-2.164861469204889,2.7534233800830092,-3.64308584912252,3.1323684890755126,3.0971196693268475,3.037705316316908,2
2.6615305622328016,0.8862561772799743,1.7046231284303026,1.6716964797992269,2.5760303904926163,-4.401336885195849,-2.5479100676479476,0.4335757287327219,1.6985837992251727,5.599542444954183,2.345645460343014,3
0.5180080087966039,1.793381824758562,-0.09781206561707151,1.9481357157825032,1.8981450288614596,-3.3880974839047426,-2.7010408473405074,0.1517260836938952,-0.20137775269022212,4.913624994841718,2.6182127897499115,3
3.6640379265005163,1.4491079257724304,1.9847661899796314,-0.6648077820715668,2.2390804147615544,-4.4398912009209015,-2.5279272473202665,1.4810484586124832,1.081152985619949,4.486067520030686,0.32808506598256226,3
1.4206259878826244,1.24789674994901,-0.15163403550746274,-0.5635774449761204,1.813431523285301,-5.3218992461743735,-3.7734744823941675,0.22260714680691393,0.0027761054946681685,4.2153352933738395,1.4905040147239885,3
1.3859865384749974,0.29488331793858524,0.46189468860742305,1.1311058389337814,2.057784910759461,-4.53989967097816,-2.023505461431374,-0.6155239161122429,0.5359295325145125,3.2585661776515575,1.7213027354116126,3
2.8270716659639192,1.0555863462589177,1.1124511183417352,1.9156410793628442,1.486959722781512,-3.1506291538323805,-3.104909738920823,-0.09212773230684364,0.005578142019535159,3.070467792497337,1.9581297180285042,3
0.31012380490884484,0.35176613099663945,-0.7967716745951756,1.2477465334660707,3.1568115308166664,-3.9890109703210395,-1.809616512430226,-0.829178394134894,1.1597354609134665,4.099168145746661,3.0133320843822764,3
1.025816255770684,2.2116143355680893,1.5376517351519656,0.5036853929988494,2.06534503663815,-4.820815410505503,-2.1488182809653065,0.25509918648034313,-0.560434753971883,4.2876686616654345,3.3996597287312467,3
0.9782874239125551,1.1359333503114768,0.14795747868110515,0.7188309767189687,1.291042235208588,-4.453759970541902,-0.8467185011055514,-0.44464662948166667,0.18709214274300554,4.014946145947664,3.8473491284140784,3
3.6768165797388344,-0.08796059537130174,2.217524149240243,-0.7935603982990231,0.6173039011579108,-3.166931502562213,-2.3179347403532944,0.8043913711034175,1.5708581165793836,3.9179661108634556,1.5540095669915197,3
2.0205878090987848,-0.11915136181666053,-0.6598670349401821,2.413839356806763,0.5877918790423594,-4.320810190013425,-1.396949536577294,0.4955144617589048,-0.3581870282434468,4.725022934013706,2.639840629345111,3
1.0673027212626969,0.29720016476793154,-0.4195711895434085,-1.392522987644544,1.5674996826398975,-4.6116066888180525,-2.0489944409810015,-1.2867280759352497,0.7768610337911503,4.123061060141819,2.4249917505768783,3
3.2017858379929285,0.46472506950834014,1.2765041972345894,2.721064974533567,1.2108454657478542,-4.3432745716850345,-1.1439877525828825,-1.1970763925070833,0.10405659697424302,4.836415405312689,3.212852434009502,3
1.1782669388517693,-0.13335207252446668,1.0484357050304767,-0.6017029747460021,1.613581843579572,-4.5312183482963615,-2.922088921837222,-2.5373784840046696,2.519869382280251,3.908786334814207,1.7855675326372635,3
1.4431411832639176,1.6706857362950829,0.3188055326693908,1.005600440533906,1.3772382175856341,-3.6520893363777014,-2.1338562481778682,1.3860272038130814,-0.04001993085040384,3.9442627928491714,2.4288680500060846,3
1.8722187682942264,0.07277744835059807,0.15130331862982266,1.5470609495906773,1.8452578213088016,-3.592624687215028,-2.4860391710403595,-0.33113501032752635,-0.4487869407871114,3.5648309183401,2.5720646104435914,3
2.254585439854133,0.3805004068208925,1.314901061667485,1.3492482914459978,0.8335735260411561,-4.075768872749095,-2.881711627088017,1.3876318908676577,-0.06825238896223379,4.4149797901097765,2.8342744572047516,3
2.3043877375500763,1.297003006456785,2.0129835285073914,0.23355487006952702,1.564586329754571,-4.101144925708695,-3.394208646490715,0.4189851622642291,-0.280268668650483,3.2814785436887233,1.171778247459678,3
1.0552355255743622,0.061393735708901054,0.9319792168872276,0.013186790515939184,0.9609457877257176,-5.360116424809135,-2.469481807266964,-1.7600922580833058,2.098328526544962,4.5362323953800265,1.9256299300276212,3
2.3436267800097546,0.9750210035417815,0.45103620551179985,1.846804652849393,0.2685392709969755,-3.3481600470638524,-2.9688178103421525,1.4369461048491234,-0.80378436553703,3.2800308316069677,2.357022699349228,3
-0.03667876495703082,0.7246822268733444,-0.6619897970283992,-0.049287392931769314,0.21061960857483752,-4.121890254503764,-2.8424126446865388,1.34184912097156,0.08783660166735752,3.672276648544927,3.476498837385618,3
1.4674322213024467,-0.29302258538602677,-0.9935316007742594,0.5552461596655208,1.5147815400067832,-5.302117212471409,-2.0202144095169947,-0.5705428207918238,0.7656844429209977,4.3227701819171305,2.243653804067897,3
1.5049885807388885,0.31773668479221895,0.28961471658138715,0.4143332798733403,2.258505313095265,-3.60713158033809,-2.947140125468909,-0.8249368480182446,-1.6384791622933157,4.308368672744793,2.125444513529323,3
2.495221660953286,0.13051706801506957,1.8253153139723228,0.8878156165849801,0.388214431989074,-4.142717260852029,-2.843074869461845,-0.04683147200493086,-0.22850691115489424,4.655889223789954,1.8442295696089785,3
0.8160660326698268,1.096886776897615,-0.8097784936620587,1.0518986727804869,1.9635514008048192,-4.094611520200773,-0.2327451560650564,-0.7988619350678428,-0.7060732888252454,4.4384861934103155,3.11759114313072,3
1.7208001791891605,1.0473637449869224,0.1705810988651771,1.7178011325163793,1.9565168356867277,-4.385748429359831,-3.277376305713762,-2.040646480399151,0.16971419459262826,4.686640032914751,3.23580603339243,3
0.7624298708324232,0.07902122088511276,1.5135069898401308,0.44926856589865,1.955160271972367,-5.3354759758952754,-3.9383465545269276,-2.3912427202168987,0.9431536172307204,4.550300875557024,2.701649355506357,3
1.5594590187536277,1.4940428507260637,-0.4674728762360511,0.0077695619945038485,1.4891829749931595,-4.535059642100713,-2.3123869012569758,0.32383858588151127,-0.4826452532069255,3.3441893463686454,2.697077847987942,3
2.592169356767828,0.2550264353998485,0.26286454537881226,-0.7144713077883249,2.3380255813898,-3.5825866239940787,-3.0159032649699693,-0.38619852056090664,1.637617003100902,4.499388007591789,2.8538208848386297,3
1.4155624251982786,0.39027225448242653,-1.0404380083188751,2.142473024480506,1.635559203722154,-3.6310568146485958,-2.6565990202906153,0.12703164796418526,-0.011143408523948073,3.98543704477734,3.0806896209192898,3
-6.7536269823312765,2.6446991788814844,-0.5954761707684242,-5.727536626943742,2.1356697516812306,2.5525305261091233,-4.121483638226315,-0.6433254701863698,4.365446833640496,0.35950692789682936,-2.173175192223528,4
-7.2250030805789915,3.25758228307184,-1.363631656779818,-4.1143594601073445,1.8604208207009314,1.9795005393123961,-1.6432332370485154,-2.3960434356985965,5.113949195739714,-0.5503125443499411,-2.875804089626468,4
-7.440931163414436,4.449834290666708,-1.986234266011682,-4.383470871115158,0.44210851019991804,3.051343636043571,-1.6135192361893016,-3.011470410449724,5.700558801482735,-1.01561014093653,-1.4469708860620847,4
-8.480593665873181,4.495193088650222,-0.06126196568986786,-3.7919576091014973,2.109916133505351,1.5775371354185959,-3.3697438104320843,-2.432493282669836,5.798571535648116,-1.982680675230883,-2.0627814308927173,4
-7.7295686698837995,2.306427051073852,-0.6611024303317481,-6.17752923189434,1.3291470134213015,0.026985779416336175,-3.0276101067762324,-1.7031929460759425,6.042895492595376,-0.975908584821032,-3.12841132990334,4
-8.441066427358926,0.9191400415452597,-1.3636683236921734,-5.636521852048027,1.719442539441193,0.6624299553127251,-0.810270995559244,-2.4926621969729177,5.50963255297694,-1.3558496172408525,-2.3054429205796914,4
-8.571174646989984,2.3710504901264775,-2.273555018120346,-4.186168596321319,1.8963589799100666,3.210343421403775,-2.7976118013007145,-3.2287510456555855,5.390023787552825,-1.5120304161404952,-2.0350665080997183,4
-7.356343085359942,3.8261738248096133,0.09271136561111049,-4.333380826326401,1.8836322297090784,2.4118639881310227,-1.136420729001256,-2.8529180193748673,6.028111127729319,-0.9000164732568102,-1.7528006573092956,4
-7.274126959898074,3.9906608607774667,0.019936923265730933,-3.884452950665758,2.4107864652139,1.0140987540558775,-1.1106704525014388,-3.0234926865992167,6.660373648756702,-2.061113805609658,-2.0783124858381097,4
-8.141458169876405,2.414068828072755,-0.16751197629777326,-5.0503110773617905,3.081780629328952,2.7211243983855318,-2.5733166790233004,-1.433576867646143,3.562353233232598,-1.4757788614534737,-0.44167115045699257,4
-6.88287748628819,1.2266463263528278,-1.503580415417077,-5.460154706798956,-0.532999329246302,2.1324428128406647,-1.948914787738245,-1.478207321240533,8.074761994418248,-1.0021552342021183,-2.1775988620369517,4
-7.632876876129973,2.0736070016871375,-2.7571968675222482,-6.2417622971006494,2.8201016460681974,1.9097394372244838,-2.485442173158254,-0.07125659205772372,6.321467824227093,-0.35172716421886685,-1.575365284630254,4
-7.029776476188111,0.8845807021096868,-1.5819679199761256,-5.074504696245738,1.3082309467301205,2.9627939454249654,-3.0883306164648374,-1.8487726394950819,5.956133032048557,-1.1948085527249939,-1.7876295080544908,4
-8.06311971329323,2.2393237811399533,-1.056525982385858,-4.575468350020922,0.9469886084636652,2.2538590450852864,-2.393002039799124,-0.9244954422941545,5.753440097543715,-0.33242464141952777,-2.404593195280258,4
-7.989944524078974,1.9976641589856496,-0.4524566563691711,-3.79540659772702,0.6684071788772386,3.8860024782306537,-3.2018063675069106,-0.7662282645043719,6.512457056459095,-0.7059097499224187,-1.2321694141707233,4
-8.150577633464948,3.819990996285955,-1.9140259900772083,-4.383378309847883,3.626110935869353,2.5433415971749564,-1.4662021127889393,-0.23377899486433984,5.299552317614466,-0.22779830108632781,-0.10347126964514963,4
-7.200796780288116,2.7741311886706077,-1.1466068821340447,-4.137430832376418,1.9254939189957982,2.134594476008971,-2.282476312469292,-2.8163382218381035,5.263741212734899,0.9647715625894405,-3.25793345074175,4
-8.152306404896589,2.221384353839336,-1.63898702959579,-4.0311004861120985,1.685625164471083,2.042519348073294,-0.09725749600501787,-1.2499619148593784,6.51149632597284,-0.9026115819263516,-1.3410184830046092,4
-8.621029629537297,2.932396864846913,-0.3663771741410279,-5.60650182077203,1.9399196111131218,3.142062817774517,-0.9678213799543718,-1.5973682217798575,5.782793396532907,0.5550447856758337,-2.3683357486919903,4
-7.013368954734708,2.7250018144925283,-1.7199739289627543,-4.436955372510211,2.2387790488899877,1.639294029213755,-3.6239163236017387,-0.9776956497670002,6.690810715181493,0.14845549541551717,-3.2554453125819753,4
-7.8991359166642825,3.062193998205294,-0.6357498542434741,-5.218606638739253,2.9818648422204515,2.67634546928019,-4.43313690472627,-2.1907227171117167,5.707222293172714,-0.443685135201878,-2.1428460316052287,4
-8.64649294453464,2.5542915380797178,0.225484119949664,-5.032474539057067,2.8859751865455294,1.9422154730673835,-4.694620950946888,-0.6793838752956254,4.874237955577314,-2.3653203802726632,-1.6346247082152483,4
-8.288866366709556,4.337231440829165,0.10425684237047195,-3.2324133984143177,3.184513205426812,3.4708430743527474,-2.121219682478379,-1.5533577518834103,4.14605928477144,-2.8954458618389425,-2.6248224275162255,4
-8.639339207764218,3.0888723731082726,-1.414030791841165,-3.3424362507570793,2.358835091146335,2.240196061638109,-3.261538771379613,-1.615741839822517,6.326251818040116,-0.6357902108441639,-2.973782642222279,4
-8.118362076615995,4.647232583070805,-0.6455091554236019,-4.5272996070353715,1.8582300460437315,1.6534930504306327,-3.2223717836425467,-3.34800053330929,4.88414680381534,-0.6615009423289628,-2.6993778339760297,4
-6.499701353362713,1.9792770383161875,-1.8231498212154442,-4.190059506564998,2.3820323231254177,2.5996357362967557,-2.850098995790105,-0.60523636914559,6.397879825663118,-0.9487887505634137,-1.4085012013031117,4
-5.681812851990951,1.764753540929151,-0.7466541467351886,-4.307223821436093,2.1605664390644614,4.581748947247783,-2.9990872365249213,-0.4404707752123125,5.450055511634876,-0.18714357601992704,-1.6174055448992242,4
-7.925523833717179,2.3803247113600623,-1.3949333436405877,-3.0073863019096665,1.1805126262660148,1.9794596050082918,-3.370369357854432,-1.6668628387711084,5.591569153135723,-1.2462236536651412,-2.723750050283331,4
-9.38069306336653,2.022676403929088,-1.4278567928662942,-3.361969942387893,1.9759922940737824,2.1232400070869106,-2.8407696677909144,-1.577431676676371,5.398798010115541,-1.946132663741547,-2.706269897668289,4
-7.844113491505759,4.707092894080546,-2.1463629579294565,-2.5536985726637833,3.2668910859143274,4.774089357907237,-2.863675812031657,-2.307648221246226,4.773844661273767,-0.4294546060035091,-1.6180687854349944,4
-7.8242973557610895,3.766786852631647,0.1401214073677488,-3.44051946345912,1.7701982113199104,3.6673950500163057,-3.154720661847042,-3.3450333750673367,4.771871800898805,-0.5750176650231831,-4.469360651125452,4
2.6078513462070427,-2.5306659346407727,-1.987022993029743,-2.7789490877556178,5.592459559157293,-0.19103367698738474,-1.733621116800823,-0.17136599980852982,1.5316714765508155,3.8404412017136718,-0.8265053898873569,5
1.7147135847173218,-3.412199654782303,1.014655913620679,-2.1886997296337585,6.630557801365214,-2.036203790873491,0.16960301919682208,1.1408937893102842,3.592882928252583,2.1233468951182273,1.7143586465674712,5
2.978405542698068,-0.8033863672740522,-0.5774159749688914,-2.102680086506964,4.985119617676008,2.467629356044418,-0.9593753506708007,-1.9807605956501984,3.8885169504768173,2.730467309155945,0.0810092673764845,5
2.5336729356020387,-1.4530943471378557,0.0450930435118706,-4.471547987329955,5.514512449517418,0.29003869066220095,-0.20101172387283017,0.8813026010001186,1.838768770155156,3.427244487338901,2.5880470934088553,5
2.556974014444322,-3.0633604298983257,0.22161235021512493,-2.0136234100162467,5.878443621332888,-3.634631129655265,0.5966918965484309,-0.1480820321434181,2.839254257966614,3.1459076635823053,-0.02214111814656572,5
4.23637067323238,0.35015747946855247,-2.535038645223563,-1.0698930192526974,7.405053862821265,-0.7277417542159688,-1.9676392904693214,-0.8095576186474345,3.11862692087934,1.730444681490006,1.0721418271914311,5
2.520521784097636,-1.0821507290452324,-0.013121792403491594,-3.0312334876098075,5.308136924206524,-0.49557251100706007,-0.21656101768820424,0.3553289541212095,4.119858006952504,3.7473148940389436,0.12083108346030114,5
0.9349293471274782,-1.5540256649580186,-0.2586460404516716,-3.095808353389625,6.399234441955299,-1.3684973170244992,1.2327895200713672,0.7275113217703344,1.1816928714947097,1.7679888216464792,-1.3017439437012825,5
1.6342254286215154,0.7586248331409569,-0.9752344954719726,-4.554489123064515,6.693161088008786,0.6358684148872296,-0.9478650571538513,-0.658260491213776,0.9071066666067154,1.8302893567764733,1.3697099441522176,5
3.0138719073069935,-1.495648662231903,-1.0577892928010053,-1.406731884549816,5.953594486684777,-1.2908685678725922,-0.17927273378689756,-0.2954452408238837,2.379031150035258,1.1736414543754914,-1.2131893182756912,5
2.979683033622423,-2.1900554187934724,-0.15280097243084503,-0.09886308110549047,4.435387202460406,-2.5583191838427837,1.7396663872693807,0.22381190248447108,5.67414224742955,2.3915518129753233,1.847665716971215,5
2.8457972482388287,-2.0428565816893274,0.32755241956993564,-1.8250646025905286,4.9116137518668985,-2.1503446082208866,0.4218379334714739,-1.344780770849062,4.191431800895785,4.119851758168377,-0.46856389012540167,5
3.3682567816179105,-0.2532265601903083,-0.4559617190876426,-2.1615806655964565,6.337612552584646,-0.10350553603718626,-1.084629530030365,-1.0792121514177337,0.9940390239693031,2.2532888775243807,2.640503186385965,5
4.322304159183112,-0.8917539420023535,0.5180898194925074,-0.8084178862207871,5.716755238708248,-1.4547106871818964,-1.1024753527758335,-0.5893261054041429,2.76924154215912,1.8971729902019199,-0.003419138192048865,5
2.2345591148217623,-2.003293628853828,-1.7054668549056116,-1.6323193597936485,5.08640307292141,-1.250987299832612,-1.797247501500062,-1.3384069746243767,2.8485166888651503,2.5000254905181243,0.17365694406298482,5
3.63846171065774,-1.4223373477361811,0.2762839313668606,-2.0899359295017033,6.29267542643935,-0.34635621430138225,0.04008003589570275,0.4001819700772881,3.1493133294256306,1.6896986593008019,2.2345289751052437,5
2.4342614614556597,-1.2121074397865395,-1.027294107597833,-4.461700991270945,4.26006466103219,1.4666955350821964,-0.5434033411721972,0.3536427579180364,0.665576855369693,3.933078756244087,1.6747022261924147,5
3.425989527824612,-1.243956375049052,1.2299989468318886,-0.8403108873607803,6.279450349780066,-1.325482949390971,0.32843724995191037,0.5661577108016858,3.9607704555832957,0.6484742850973533,1.8894017830927965,5
3.2395814222897172,-0.11310589946173599,0.9566405304433286,-1.5498929544661861,4.933749375471013,-0.4421448833401368,-2.0475119684668437,-0.7585192364629517,3.923287327069128,1.4237956863586887,-0.1137311159116593,5
2.4005342317210747,-0.8382664911401785,-1.011435033960365,-4.880810741065362,5.605390765014375,1.074237706282581,-1.2012325456231847,-1.9027931966326217,2.829188935075156,3.387027116994619,1.4715704509900074,5
2.184693029961708,0.053088112625917505,-0.37938983647211505,-2.2007065687512846,6.892151079042199,-0.07795740964547154,-1.5391168784237124,0.2779282931905335,3.1362553180677533,2.920275861671187,0.10777429233445035,5
3.340093093460513,-1.6873213560664262,-0.8168443299151428,-1.7376066065010105,4.528847940892369,-0.9949687961982128,-0.6133229985709017,-0.5206327182450732,3.5795511550872106,2.3423852886845435,-0.42568822518814287,5
3.5286540265874886,-1.0379015462052972,0.023478204332313013,-2.093182689312744,5.15679843164049,-1.9974044872990422,0.5497253522614676,0.3558269676142323,1.0626399106889388,2.45512091376701,-0.3860542377466849,5
4.235809749110088,0.5517057151691354,-0.7188260470670815,-2.2387475142850533,5.823021816939221,0.8724127120533411,-1.3756798088392619,1.9097109093234612,2.9467652041251853,1.634254240682539,2.110661861948478,5
2.3427322288033134,-3.1207930914191,0.004659132536083688,-2.543679574276802,5.594623558289412,0.5867109230501326,-0.09214204897735545,0.4745353282117442,3.264687670871678,2.6447243457602427,0.9213826382636674,5
3.1073435560609797,0.07886724631076714,0.4888593489792059,-3.128049912530765,5.711207487810253,-1.7915399025377277,-1.2082753265414106,-0.838366266138026,1.4412255432314456,2.5164945561289285,1.6906521026256611,5
2.2708455416803406,-1.6453287019228262,0.30256454932378785,-2.188226507069885,4.838685948984461,0.13788684076990781,-0.3533843096860664,0.4978185843286032,3.8967816020142756,1.5248514148406296,1.6564066753226254,5
2.772854536184972,-1.7831831351682017,1.4143101432707215,-3.5352915375943743,6.079033370367709,-0.33317536010641,-0.3083956144596315,0.5237547167784107,2.2632181055105587,1.5049033670241434,1.9316334627839669,5
2.5116504585457085,-0.9872938589195467,-1.1809453953619786,-3.0992295956373717,5.073521908897082,0.11212729365219037,-0.4831592259934242,0.6706351504325319,2.7566411937164212,2.811781197137633,1.533372158123364,5
3.770700877068985,-0.12049322617886316,-1.2069048212661855,-2.6138500680661063,4.999405754690371,-0.07786326909211388,-2.1664759942315364,-0.8457479029718694,3.3990536701936542,4.453557882924011,2.0710876547644883,5
2.2135813248655296,-2.161679799575941,-0.05997667500296555,-2.1109099657516017,5.47486867402955,-0.6302217690598835,0.5028414196348217,-0.9230603042135754,1.7971222971131293,3.151377676023579,-0.21721797397031262,5
-1.8146403864518257,0.6715133131353022,0.5002013562772589,-0.39625712913862876,-4.7059849925559725,1.9157219196349151,-0.5250878328161419,3.591181909272822,4.373384393628644,0.2790917023358477,-1.2298933177237614,6
-2.503820532789148,-2.151225775525548,1.6405684719748668,-0.7220204042026166,-3.3757170184512346,1.8691467505058428,3.3998113467720024,4.098598883707848,3.656734846677387,1.0359311950080565,-0.4656609876715897,6
-0.09347218804716384,-1.741605991068199,-1.0792077879010593,-2.2372650466440573,-4.200468891498287,-0.5260807800332641,1.4436066039035471,3.206058629651643,2.318447125664448,1.2698842378928086,0.8607489815231051,6
-2.3593759483518544,-0.13732493229382708,0.7545186213561699,-1.7011905974354047,-3.5732730618117357,0.9157984393830441,2.638307131441053,3.9991334608764446,3.0157583179218004,2.3321694211671398,2.0535081776918425,6
-1.3145753060736296,0.5307918406410919,-0.1285177797066579,-4.36561047449528,-5.679410813302198,-0.7839454793808276,3.43923387994045,1.9412628102813436,4.219854139131873,-0.5721363245007689,2.526825034171634,6
-1.9500844750065078,0.5278205982328636,0.03828356245183662,-2.387702912557458,-3.121823074314772,0.05881006764970231,2.73509088970123,3.539529278257185,4.5476361337009,0.6520411535941069,-1.4343506093651859,6
-3.483534061967549,1.9971195882241888,-0.4937743622463328,-1.3450299047289307,-4.205789891856735,1.8652742384406817,3.5546270205355848,2.721801176585197,4.598258387180918,1.974120196673822,-1.691176031268582,6
-2.2856013453958,0.5992921781065081,0.010459247637047725,0.2498888164099191,-4.915667131131103,0.9993195915592115,3.324077754763005,3.821239376750455,3.2667110617335267,2.4969672913317824,-1.4939639113703125,6
-0.19444560646776488,-0.7485776676905231,-0.05849516553193125,-2.183758746221757,-6.576508803188723,1.7010342371660747,0.8447618368266424,1.5294242210501499,3.883626433058026,0.4442347611631755,-0.18713877234567122,6
-1.0746482200243976,-0.4432911786008058,1.2878832787453658,-3.3080011659106425,-6.100859560116206,0.42598619364106577,0.45094854085305824,2.8596907371071056,3.4201027467006617,1.018828950672564,-0.574044006821619,6
-1.7480392328656562,3.356145179626649,0.13966996640483076,-2.8183414432045995,-7.018370019222547,-0.3020079127605886,0.7232168507190965,5.217365443271632,3.2613550443046293,-1.7203014620030863,-0.5688752565630089,6
-1.106026586033976,-0.2475580947416013,-0.3586987733738649,3.1939136792694107,-4.237325354143818,1.8316449500336383,-0.3099253339489638,4.517986842076174,3.712913072569493,-1.0782691808578686,-1.7934944813122229,6
0.953303499769478,-1.3264713358393492,-0.2665877722376563,0.516659912455359,-3.616457246555817,2.023968872167117,2.842556948922181,3.8192570202231892,2.501364967842052,2.703927970935382,-1.1977876799234706,6
-1.8228824328035953,0.015851338156385286,0.005399858480511749,-2.897314781696184,-6.298879254928874,-0.008085281493297347,1.4792933809979247,3.2299982405007035,3.9220059677982624,2.122568812909106,-0.3684051127771641,6
-0.47751907914976033,0.4241742556702192,-0.8010152878051845,-2.070543905580727,-4.303977751017907,1.0786729054123445,0.28133189862765096,3.9592540503437865,0.987135074458144,0.14824033965411554,-1.7429047111181601,6
-4.118811152595885,-0.3418567624879283,0.8396394503045067,-1.1226655955910259,-4.001747130031803,-0.7805900915344073,1.5494726406137425,3.2708092211763287,2.612317520233922,0.3221703416306827,-4.23462950154563,6
-0.6033319542556026,0.18816756482866043,1.8219469757022657,-2.354532505858799,-5.247831500570593,1.2281601897730055,1.6788374054326356,3.4117357475024357,1.0144971150299182,0.8320482021162297,-0.060054608220027506,6
-3.705817011078679,2.048259179993761,-1.652804298363062,-1.2938569052809712,-5.475256371950996,-0.6697934622637436,3.5874476658354877,4.343189805610114,2.721025750075419,3.0113146385395204,-1.4299924151011205,6
-1.1187673211299565,1.4057834456190077,0.9107053942708395,-1.7224210137226958,-4.338502999195111,0.3685676331347958,2.900115226755023,3.5543288606920034,3.4017323784205646,0.7543663710477384,-1.18022072224134,6
-2.272599391419627,-2.2866582496876213,-1.3384783127406026,-0.44706166585596385,-4.516774439567923,0.9211661363522691,2.5913382432757666,1.2967823028796075,1.677703467477203,2.403473137193025,-1.869573126151101,6
-3.2750133094871576,-0.35342360816482266,-2.0856460418217475,-0.528335105788073,-5.4566287370295035,-0.34320998592903984,2.5550813580166167,1.30540537855429,3.239176867331812,-1.5112101837526224,-1.462158225437763,6
-4.06949463256949,1.5946717772507601,-1.5952710832995698,-1.1740741770943504,-4.364880177938112,1.4783663627559482,2.7561327529478756,1.3378766980390875,2.291266225462468,0.4362422882130125,-1.2625474256060745,6
-0.13844204419486905,-0.6616109455700062,0.21777620695836514,-3.3734891554984676,-4.557212308503128,0.9613311388430844,0.9207667005620747,4.05364007172372,2.1826764886455154,0.9267036153393498,-1.311881678957537,6
-0.7612457644227699,1.091649514352239,1.1581096778837474,-1.777542454329388,-6.520794404121226,1.7841566352829292,0.9244589283344533,1.8565869013127763,2.928779842889449,-0.3038988662428168,-0.8897539168147435,6
-1.8425831654659266,0.5694975523446093,-0.08687725338147527,-2.7397504430331128,-6.30303583267927,0.9704066078384637,1.1596113642208032,2.6657872904287814,2.6363526841707063,-0.8254209200934888,-1.1077181810061152,6
-1.029210495465637,1.073964141626086,-1.260328249732177,-3.249625529909709,-2.105923185302532,1.5467123731211414,2.695137479557689,3.2544882541745186,1.6549463820413068,1.5508803841430217,0.4163328283597516,6
-1.205321404325681,0.7536336080951234,0.4343261007738609,-1.9705701824520696,-7.478043283532788,-0.27438750460498706,1.920755025272055,1.4562364077671044,1.2789077816460972,2.5714670438826817,0.5524987534066839,6
-1.2648080332832792,0.3268963261566193,-0.12209502322719357,-0.8623566429102818,-5.444595038232259,3.5093573597686554,2.3917459400495864,3.2296379348154844,3.4963737809254107,3.2909139073644855,-1.2457205222276153,6
-0.1599636265058717,2.1208944526890186,0.46448855490120755,-2.144838407250611,-6.361427672825364,0.07716434928246596,1.9674085197272702,5.610531151786716,2.775012069397846,0.3932155935750561,1.2429578148732299,6
-2.6213435935808502,0.0006317721623196326,-0.8676833954863377,-1.9022205733701052,-2.9710078191497713,0.1654919642521503,2.566533697027878,1.6161960579748498,1.5756926783822616,1.1784261373259441,-1.9884864439597345,6
-2.106879507989198,-0.17133435001209546,0.6952016429753779,-1.643551418466975,-2.9238969082389956,1.2542493054326995,2.0850959056531426,3.0694559523120555,2.998311204305683,0.11108510592502108,-2.8460109263408944,6
-1.3402067050056714,-0.2670869589820929,0.7622690059556056,-0.6405178457893199,-5.150605994620869,1.2839483381925223,3.593277010247286,2.2857750843159548,1.6667348807283475,3.5597830728429356,-1.6589856451861498,6
-2.213175695709034,1.4278706458404253,-0.204858264388724,-3.6388715769665154,-4.295676104413599,0.7180073281027906,1.3835202973356706,4.953047646865481,2.593440448090286,-0.022463367118999322,1.250734847123966,6
-2.937243386929039,0.26566839230375777,-0.24175612952308106,-2.3423760308055694,-5.930413871780532,-0.4157259296577642,2.2880559569345724,2.5905705329433313,1.9535686203528435,1.5541304124060655,-0.2781972630803259,6
-2.8684026166810845,1.1551435964801273,-0.5773297032304892,-2.0410690612574824,-3.832975476094518,1.272639253572772,2.249680693743487,3.9219259031054423,2.1660944907830393,2.2688932113333893,0.4594849634505642,6
0.6487794640806592,2.452395334996283,0.23921292247509995,-3.384074135061753,-3.521695580990058,0.949155767321683,1.7557461763842601,4.099958931292399,2.892000216182318,-0.03813756080555564,0.5834781016905026,6
3.1727738142570328,7.962007082243044,4.540672140221798,-5.664386294778824,-7.904559426082468,-5.879383932043747,4.6872810467422905,-3.92565434442778,-7.918017526112986,-2.4336377084029,-6.273860313172737,7
1.7648537440681555,5.99580796453157,4.627090883321192,-4.946081417970399,-7.141465538800279,-5.3888279078628445,1.8496089166737946,-3.939828686946859,-8.812741398197486,-1.4408629004704847,-6.620246789361952,7
2.2606017599666037,5.52170501953592,2.6361264781808997,-7.689030676287548,-6.64894115690585,-6.751699164519207,3.7181790632884457,0.2983898455461862,-9.122035717011842,0.3067544965516853,-4.222615062954493,7
3.3557144834420556,7.135561209885888,5.18817130155527,-5.069276430032253,-8.436868231911001,-4.947748297269925,2.8946840415494894,-3.055775463348945,-7.221262203376841,-0.12982129894250272,-5.59900321294317,7
2.5715051803667492,5.555598797580814,0.9358875309416836,-6.472069715532179,-7.364190679599648,-5.703020085048523,5.729000783248097,-5.187783383999803,-9.65703814276344,-2.8045645265138575,-6.474381922277034,7
1.4631439315781223,3.622609062417985,3.2597037247673546,-5.49561986267153,-9.315190818499051,-5.405359102768274,3.451658922538421,-2.1202361621520347,-6.334241567450006,1.0953702649113861,-5.069572711098443,7
2.7200701089830095,6.027941497682625,7.048459325203211,-6.730467558905996,-5.426826683804295,-6.446059265136945,3.796309711225433,-1.5499718087077148,-9.052855921092469,-1.833685296070629,-5.152606113440551,7
2.4266797576421544,6.785049026738483,1.401813461706913,-5.653150841038275,-7.73041413285258,-7.513174587997656,5.8688096737444955,-3.1769081859480917,-6.618452349690675,-0.513518021926076,-3.6336931937605206,7
1.6183379205691484,5.557926465409046,4.351278532222442,-6.207551383099743,-6.702268869465496,-6.20689106991317,-0.8116077446434642,-4.500440510034107,-5.259630579089482,-4.375433638463704,-6.0266933666047215,7
1.8131788111570026,7.988383073096381,1.6414511256603446,-5.95476285100873,-8.740324927942993,-5.199689039270698,1.633662356313701,-2.2482438931396884,-8.552274017330433,-0.5160201009600252,-5.281968856591873,7
2.5668860361230634,5.5173984436007055,1.7858928469279842,-6.057782880083775,-6.9498298979451905,-3.1690060142215284,1.5809304259785124,-3.4389941301195703,-9.275075636142535,-1.6945054805559088,-4.596973333669982,7
2.688071167410872,5.2277023033575905,3.882334094416711,-6.213264380308804,-8.788856811241903,-6.286700217204567,2.452284643159344,-1.028938902666778,-5.963705365299803,-0.4062763314365816,-3.9323817563619685,7
1.9478559707430398,5.28979665015066,5.186320950364292,-6.309643656698822,-7.738418234289178,-6.400990407098068,3.444718465717682,-2.7779633645114328,-4.344132596728628,-2.07447867954243,-3.4801612958116452,7
2.1950794861775083,6.84206801465278,1.4840651152621638,-4.965965023051751,-7.524066794033422,-4.627689886320401,2.696932881107904,-3.115113373674046,-6.9001868080265725,-1.07678811204985,-3.2314969124075827,7
1.8938477755015004,5.214625611716629,2.4211732369782917,-7.778919453689225,-7.356180008866815,-6.465256190079683,3.396522990070104,-2.764929415908429,-8.414782000958397,1.4472712938193526,-3.8958199907090005,7
-0.0418212992319682,5.608737601366513,4.362947546810829,-7.718479451577623,-8.248088219863517,-7.836956550832447,3.0248442466455714,-4.3499349498676185,-5.021619249676886,-2.4161359707531305,-3.233447228018383,7
1.854353814803902,7.006066998044918,3.923845440771104,-6.418959678646168,-7.389709993262076,-7.2156528658970345,3.4576767744806665,-3.1814986192170904,-7.4118013214922245,-2.222549066849573,-4.271567808777002,7
-0.01119211371490847,5.866931638707664,4.206650712237396,-5.460162414629056,-10.81456416615167,-8.279304483669598,3.800208658297678,-1.8024762918915833,-7.014700552946996,0.4664809036194506,-4.912059703056112,7
0.2727975833063869,6.141696157179187,4.157439620065821,-5.894816975650339,-5.869273282594831,-6.067308712233515,3.3876261886717383,-6.479268593386532,-8.342641971356016,-0.48421334426632656,-6.638166183607332,7
1.0129227909771075,5.969406623396708,1.019476871169311,-6.136606289511899,-9.157785236942733,-6.9486320596051385,0.8192965507784566,-4.308642834784902,-7.448436951629167,-2.063699903057003,-5.608489495622289,7
2.145501843401256,5.3565598732308315,2.1942221405061,-5.371918909464625,-6.842058628578066,-6.720626482954158,2.752579258155114,-2.6930740874821906,-7.94150427442647,-1.776566207824852,-3.2486786404520913,7
-0.27620474368744974,7.079323691806908,-0.07526221304863112,-6.813810675068457,-7.0693074482265725,-6.781717194195635,1.8555514481025677,-5.371356504788123,-7.291334348556939,-0.8270803047107605,-5.523557286936153,7
3.2243876932785622,5.371431204119073,5.444146024403901,-6.141212778838954,-6.871876374843793,-6.5113754679105345,2.8023247898008443,-2.676894711248153,-7.4522180929184785,-2.950487077121551,-5.12199377500696,7
2.701127705545275,6.890322788300732,2.508356600015165,-6.424734651814192,-6.612221520454763,-7.3850393311949105,4.606961969133856,-3.606964369150001,-6.89943816189093,0.6759092901855839,-3.8898813166389035,7
2.542205675259987,6.093810466543591,2.881590656369597,-5.853733012703687,-6.644986275446254,-5.339676785127798,2.6225560783411,-3.4527187093853478,-7.164360410158599,-1.617830805942773,-6.301201299967905,7
4.59804735380408,4.240915390335393,2.248237502611599,-7.680061802828842,-6.381852563024857,-6.683570204242663,4.931670011555813,-4.983596274727733,-7.899146048447007,-0.4167016087914215,-5.142903005521704,7
3.5751195037830157,6.362992071453329,2.122907002264529,-6.15202069094817,-6.845131230492558,-5.536975597077417,1.8167814018622594,-3.181473966385205,-7.967503474344285,-2.2305200784191386,-3.083222138658611,7
1.474576956323986,9.923890815218922,3.052237540530431,-6.709957860485783,-8.34442412060567,-6.258607774832366,2.895628137628372,-1.762570985947194,-7.274101817279329,1.0778172752926851,-3.708034783288775,7
2.6203907657208854,3.325817248255005,-0.06760261215300423,-7.10921729580056,-7.016204484427123,-6.136222773772146,2.703970893609143,-1.9605838825193105,-9.92827116815768,-0.9009654228916538,-7.199909675297601,7
2.3883080157818997,6.210177992972462,0.5538404306657645,-6.189855429692827,-5.427896204564944,-5.917050877241476,2.684113899864277,-2.271973787665125,-10.412953265756268,-0.5811087132972077,-2.9887401590903218,7
1.4142277107645618,7.99697004275284,3.0580448742441724,-6.7005493363921635,-7.643970589158672,-6.313854636205041,4.2884875837717,-1.4869485306015136,-9.708646911808232,-0.08482385140841453,-4.569080009088491,7
1.2099403420133843,8.204107522640776,4.523049337392047,-5.480135614269989,-6.838886612774898,-8.390124699455953,-0.35365244559684506,-4.415977077381824,-7.4476047280181605,-1.3437138219018112,-5.089148303030864,7
3.619929775930685,4.152476890051368,4.574061748122471,-5.090652848079173,-7.827523842363887,-5.751812805093163,4.044150268013756,-3.4226825240385423,-5.836750603507554,-3.026962554316097,-6.468288036804333,7
2.1216208041126925,5.394533523778893,-0.5637496301884228,-6.023976590313999,-5.793493277676192,-5.733435762073908,1.0446880379855812,-4.05682444513887,-8.942729034611974,-0.7856839733691614,-5.64362146269623,7
1.4780874014325547,6.037778407260639,1.9055462627769844,-5.777744656215592,-7.505872297325457,-4.89902762764534,1.8248672899788423,-4.273124181452386,-9.688747100985937,-0.9788575316251852,-6.124444799367175,7
0.11003806923470538,6.63936701833477,0.06770225908890115,-8.022026479161548,-6.628123057670138,-4.561109513284679,0.507857385244872,-4.143518625089078,-7.518398833520708,-0.8567564547647695,-3.7138742578311117,7
2.5007014256808815,-1.5966812267798272,-7.942858763664784,10.049167135419266,-5.634263501898933,6.360940522766066,-11.602601678164346,0.3867820039340977,-7.699352768330376,-5.172046547142231,-11.408207893143056,8
3.038395289778362,-0.5980081076115727,-8.616151230523258,11.17505872480427,-5.9556815426625,7.491984863293627,-10.572370187384301,2.6059960257482535,-7.897836192421485,-5.155802383784394,-8.609224516077044,8
2.1188438181223597,0.05111140571178707,-9.147521758121105,9.584694147797,-6.575077139026681,5.133462368560089,-11.828261768890231,8.1343327527149,-6.472298522171365,-6.366523753373594,-9.806239928842247,8
3.5855282906234427,-2.828477429308559,-6.321278803194257,9.6183990535682,-4.681876420298875,9.079110778980882,-9.86545348291838,6.060318761820832,-7.177686360366424,-5.269882739959046,-9.217725332892146,8
2.969939169329064,-1.4196184751355587,-7.34761306407214,8.584071498618261,-3.654680537520416,6.91176634954921,-11.38505201145022,3.574178919008331,-5.166781774422945,-6.0246236120526815,-9.361320017422049,8
3.0737400823730585,0.5725127753424136,-8.205568759166434,11.153997328710561,-2.158817965059652,6.544178246613545,-10.25532691563688,3.2383532898221032,-5.820993346680082,-6.073117997739069,-9.345425805363424,8
2.7245264770690567,0.32732320105322843,-4.7394128004705625,8.310562635308806,-3.9828486746637632,9.440379312811938,-12.413021303800528,-0.7978068372964158,-5.91700174500833,-5.6669353792073425,-10.417599442368488,8
4.613144104845395,1.0478257422982895,-9.213494720804002,10.761544876280293,-3.4219970421147634,6.790041043010615,-9.665440667778691,1.1960622804025676,-5.942893068329064,-3.644494647031118,-10.226607017598743,8
3.5626108181249707,-0.3724328043862032,-7.751768500606127,11.353399678362074,-6.267852322466288,4.969116797036621,-8.789873604540777,1.628860128777668,-5.467561328305216,-3.669549536705879,-9.814796412246807,8
3.6696636718541757,1.1229613069756539,-7.7709399998883875,10.192290638996635,-3.3037907481312865,8.5012759990588,-10.07404504745437,2.8646111063181077,-3.588795173428921,-5.338827730742666,-11.929423931596371,8
2.3409909020729858,0.0943357772027873,-8.77233015931469,11.43513515461242,-2.9881477141201165,5.73268323274663,-8.812469316418966,0.7575663811318187,-4.982073282876271,-6.300355580614628,-9.236076401459938,8
2.1679627185906956,-0.2041267670053475,-8.1339195087465,9.334732787146338,-2.0526840313196066,5.049507551236081,-9.67006415145271,2.067941645539978,-4.276972680971266,-5.587478660811936,-11.11070459646266,8
0.7214618103894852,-0.1269885468527987,-6.4637180293416385,9.81770860326024,-1.6359240078952348,6.51885901020529,-10.524263395318213,2.3753344194338855,-7.177941369330055,-6.28937448885476,-8.376708524062868,8
2.4591465363436043,0.8285348623748082,-8.162512423195466,7.414862431896223,-3.9446007537828005,7.004743543883352,-9.750947955943346,1.0040698172761937,-6.184008194433406,-6.955276772706982,-10.645694143418352,8
3.2208072151930045,-1.4574383558441024,-4.993548304793748,12.30465588447673,-4.92065048944234,6.256002499697976,-8.481396788377674,3.11358002975913,-4.047081709241904,-6.597979669108795,-9.050734932987945,8
4.510309305565153,0.05964045072337609,-3.6498876111306657,9.763206213477723,-5.6343186009769415,8.891939038528845,-7.571154249284923,5.476466245164674,-6.2961334289420785,-4.3303673498588084,-9.540940638262843,8
2.1205736531815234,-1.4542583514877836,-7.668952271349753,8.426525858304508,-6.149917992393549,6.645821761518233,-10.030804931763122,2.255228841077155,-8.203847465149726,-4.741627970727955,-7.760275030548312,8
0.5037753553646414,1.4744061174605831,-8.053001281149237,10.005880199399703,-3.9895029473567196,5.458520397891599,-9.627679163351877,4.049413764030708,-6.979741024015725,-2.8561361642023058,-9.821551345558717,8
4.878389986371152,0.8171006634343428,-8.706092769524492,13.525527370179319,-5.333042673324868,6.363247910063178,-9.924825705145171,3.777537736486475,-7.275284599284347,-6.1650105625857865,-9.332211341514922,8
6.833153148220044,-0.37683100900475175,-7.5769274848029164,10.107322841589388,-6.023801351993822,8.507470731268405,-10.0047946476587,1.5887258977733343,-5.707863470139105,-5.021611286237549,-9.449257597799312,8
1.2754905456286558,-0.6911104310178389,-8.506421189494379,10.90798916983503,-3.863804864289442,5.369980515376246,-10.681657205649701,2.186390500848638,-5.6864644204146595,-5.811787324805437,-9.999022299978321,8
1.3953893638451786,-0.2022351486850943,-8.747983210867256,8.700299935498279,-2.735733028653215,6.200735146781958,-9.485914036643688,4.504101388546718,-5.19970422883974,-5.65093243571109,-8.551635675018916,8
2.626628638674819,-0.13452064033195132,-8.28730122942501,9.22368213760534,-4.041073459272574,6.837446605938037,-9.574929898187628,4.902084023644781,-4.917317588000433,-6.620077015910954,-8.402489046062074,8
3.494428290286751,-1.6813124255893388,-7.73555233105704,11.248698676203029,-2.716720990829429,7.860746296804479,-9.733991907438869,2.640162718532934,-5.798717581348701,-4.222065068184474,-9.97094763056372,8
2.0430839154669065,-2.145548001892262,-8.05525876933809,11.068115106325282,-3.858542213362223,6.2275622898049185,-8.791133529505924,3.0933921666592616,-6.41259569274253,-6.409372704344858,-6.967332383389845,8
2.4113322324419344,2.125366136684115,-11.213030283005992,6.746572713083928,-3.4075618788175026,5.971258717944152,-12.16692784775463,0.6830313646636492,-5.352634415330366,-6.9155665449819015,-10.04559890680496,8
2.3553356313819127,-1.1052302949923074,-6.156808324699595,11.42725427632115,-4.055708873665101,5.997903971252766,-9.384288430179447,4.414430242206,-5.971104519388526,-6.90004403608316,-10.345126880223761,8
1.990198740331187,-0.2857397064645775,-6.155064882106389,10.378570394676885,-3.566445659889699,7.026223890756865,-10.347572596218427,3.10084981149508,-6.239365082996131,-6.08099970832914,-8.749435280645402,8
1.1193689076629607,-1.2654182944992884,-9.29271320283278,10.47897838532135,-3.283790328511366,7.90112438196344,-10.654171824029065,3.9552126959887057,-6.482655279865915,-5.839980157929993,-6.666827026603299,8
3.5720809605049615,-0.5327617851872095,-9.403830848444585,7.810006062997916,-3.6356032847857356,8.717699174280558,-10.853855217280497,1.2737114961616325,-4.262278746630297,-3.8310783672713873,-11.05283601345554,8
1.6066897612239572,-1.0744451704209719,-9.422424942841667,10.160188841321059,-5.346416645505871,4.327107570010924,-11.421676294558003,2.1919041191422477,-4.890622342019195,-5.212224991857075,-9.35248545537296,8
3.2611880221966576,-1.9473529158850127,-5.654987051591187,9.645711971514507,-3.948510927728973,8.292481655656871,-11.734566431402426,2.4878278614681664,-4.119293465589608,-5.6014823961931,-9.60781997307699,8
2.701732322704447,0.36718391966242947,-8.961678293734353,8.22576567116695,-5.586529656742496,7.092316884148374,-10.229748146490516,0.17471856696899124,-5.45806218866253,-3.133292858100845,-11.346704055859803,8
2.0706452123654264,-0.6588127957530149,-6.469964396337576,10.010842957402451,-3.9659144173532104,7.123342749086007,-10.32776982164304,1.5729562023258326,-7.133213514980997,-4.3769023045375715,-11.329210314429336,8
3.859450197085146,0.14870851813766417,-5.489653080075385,9.43731703278497,-5.408147291206898,7.362801621240042,-8.679124663751505,3.554385845660182,-7.33874138826549,-5.100009957082058,-11.246148895747693,8
2.731898647769678,-2.0221566698973397,-8.398064055970684,10.47523549817677,-5.169074938056463,6.591555718689041,-11.098113785807008,3.6194611332857174,-6.3488417725431745,-4.667511248237263,-9.852236121137251,8
3.043479836081292,-1.6990390934337576,-7.731858653450848,11.121326756735465,-2.035743754581996,5.566376132294313,-9.007482734503926,2.16525813225794,-5.315393403560918,-6.846295699247901,-10.385199941731933,8
3.3566070947567996,-2.783729578357748,0.20967089530225114,0.7793996524729085,5.569450809729836,-0.25412406290077766,4.418046680980617,-1.5924267039021296,-0.07806965044198877,-4.376988874186458,3.7714380371203613,9
4.976111317414468,-2.229229623105843,-1.5546494787120628,1.1617125505241082,3.059447299826689,1.6316513623994107,5.979547706689781,-1.578723663489657,0.29720164112342284,-5.276846226689959,5.152097006566657,9
3.7089325007529728,-2.7846186073696426,0.7043721026013448,0.24926126278527905,6.129750874752151,0.4334633572335928,7.139840287133794,-0.4282636992118476,2.204104390983031,-3.234887743932676,3.89914931551009,9
6.50241976559093,-2.6791719791027067,0.4598894197940624,1.747046329029554,3.701438824844349,1.6262787351080883,4.476174692949141,-4.151470627433545,0.1004034424665069,-3.928195919516803,6.26702127160033,9
3.655413933595991,-2.1070058058217103,2.43533827216089,1.425746410142816,4.070172502001958,0.16963452270303353,6.002194325083903,-1.8758926058001935,2.369332469225652,-4.671320094762317,5.422362934428793,9
3.0823381225791904,-3.561756649198978,1.6704051668840767,1.1799662391808539,5.8611957084969255,1.0967962306233727,6.645684838273792,-1.249858359991876,1.374168126475757,-2.7424994970641268,2.697689765349457,9
7.269586914286727,-3.0084710235579357,2.835097053083405,-0.5167976836258235,4.42745502829425,0.08979291361018493,6.006055207943054,0.5955551160471759,1.2645844501152643,-5.698043559907765,3.7749621334545016,9
1.9364496998073526,-3.2088413932599247,-0.763125176631017,2.64400545913751,5.641011374766183,1.0837077228812657,4.985398740762348,-2.230992225858158,-0.360143632224978,-6.54649927730194,5.291871891880436,9
3.797731193355746,-1.7768823762387949,1.0082469794884477,-3.0705808500012486,5.976674276092724,-1.6945689734803253,7.23665768484239,-2.0339200058523472,0.6281528939875828,-2.879537255104235,5.096249089317366,9
4.490951073751342,-2.293024406777899,-1.9130977391222252,3.36808526976451,4.759739122018902,1.508647926403175,4.2508931360436,-3.3885085219143063,1.7946683182251912,-6.301182097945704,6.319467126233911,9
4.553581270354085,-3.9796395325673837,1.8420389892710132,1.9139387972679036,4.6612122686130695,1.4388265135388714,7.339411712518108,-1.543044125921912,2.151329016750717,-4.106233553308574,2.7413417862971987,9
3.9729108087727645,-2.9024457898270506,0.08287479151218591,2.196823909041838,5.306002851898728,1.1757197067471021,6.9935379896255325,-0.7257332813141987,0.5476688074438641,-2.6036683263790628,3.624458678066474,9
2.464085822653497,-2.4905732249313193,-1.1646418240349514,4.457361831377499,5.245281011250551,1.0389638069495752,3.4101943385699616,-1.130632807097113,1.5580679283825816,-8.359868627590275,6.311222206273797,9
4.346108782175229,-1.7223944211467577,0.5099955522621735,3.300785863210597,4.9458119637872375,-2.574003148671402,3.4139631710826768,-1.6131165962780165,-0.1356806255896773,-9.259727409339547,4.317037424049402,9
5.823446075840529,-4.8798729209856955,2.9653870034647616,0.8646654457035515,5.836788169714075,-0.03064599399552831,6.408113559036538,-1.677973255920217,0.9231577367471723,-4.5154444985824345,1.5549317817954553,9
4.1697379753199915,-1.311875713686803,1.5474042037348186,-1.6899204904393477,3.9255190730347223,-0.24905004290529645,5.071591424695861,-2.530243977392501,1.6996729224976117,-4.680082359992017,4.392516740335808,9
3.2548175927162433,-1.8912504206792047,3.977091481407397,2.5280522187276464,5.265729800153354,0.983815431137363,7.6393009809063495,-0.13530793290816567,-0.9004226284135852,-5.933933570464489,3.725413072736417,9
3.1548581541077967,-1.5415675704759746,0.11959727992050317,1.444337812096549,6.2485690725897935,0.5475589945770132,4.918457052339835,-3.100939316682947,0.593601312029998,-6.776385694051682,4.9555183594464385,9
3.8973505666903385,-2.7986555436552063,3.7250137955266154,-0.11566036379983036,5.537172337088966,-0.01773119582807886,6.480198451522607,-2.0121762558510117,2.5540437913765732,-4.08150517369095,2.8286581995710143,9
0.7888659084839547,-3.3750453346680436,0.6414201624578989,0.6622570871152414,5.5180607191300695,-1.2680796785648403,4.258807933580157,-0.5226093454735394,0.4500451021762094,-6.340829032050948,2.985712470701464,9
3.0742610881413968,-3.5256727746042755,3.0320232001046445,2.0181113381955758,3.0218341189246813,-0.2415545996374222,6.237269401822924,-1.7531511919159852,-0.3242381784105137,-5.54422032691637,5.857124742008038,9
2.855287246782595,-1.526007364222546,2.957038485623235,1.5965909175100135,6.4599265162159405,-0.5001723126685225,5.6885212926129345,0.28706259415647994,1.5799338421731393,-1.7101485191466157,5.148626011778409,9
2.958566799622193,-3.0485137224958883,0.10015292874439696,2.270636588145285,4.5040420068562295,-0.01553050194340222,5.109230292567662,-2.055422913185266,0.055278785652900786,-6.21537229745806,4.752419747840702,9
4.396488729642767,-0.9348242058391338,-1.7829236739153789,2.45494491009677,4.416560072042358,2.5337288733229117,5.217066431035969,-1.0520368460814484,0.6843021243479195,-5.128085311522197,7.963683334350472,9
2.005544655845494,-1.4685083877800578,1.2554093091118994,2.66952157911658,5.05932740100755,0.8021666774485829,1.9792987211472095,-2.2597955188511345,2.388613820817399,-4.229405134620089,5.078484216900078,9
3.5549041438996074,-4.190437629585524,1.033015499587134,-1.0378393972424367,4.589789131229221,0.25305464828072927,7.730345590127296,-2.8893315836634885,1.458928148581688,-4.015103728407631,6.638650157881367,9
3.9433930477786436,-3.560503110500786,-0.3626875617422518,3.4742273460678894,6.357581594236042,-1.3389811389999655,2.878626377892685,-2.305589895560373,0.14297963441589767,-8.117525793668804,2.310766686449597,9
6.565550786349139,-3.426552706119481,4.847542407787714,-1.6842956390917898,4.565541904577277,0.9368649570539,7.039023136274073,-2.3187716792631994,2.0835517339471545,-4.026563065784375,2.1698500249069315,9
5.251643783388084,-3.628825144097271,1.0893283205043278,-0.34668264226885936,5.9335159003306375,0.08214070355006187,6.993156214835878,-0.4330226244549533,2.327235061618299,-5.457324332050385,3.8240606208432437,9
3.8059300022777722,-5.0186777854189595,0.022604639240679125,3.0706350296495346,5.101238248227449,0.8731209974053822,4.360972458928711,-1.1912977308329127,0.54387966011841,-6.591317816967143,4.6843346375106165,9
5.999342815371888,-0.5485395803479634,0.8468996153946462,1.5113343433581081,5.350849847672737,0.18248689793008377,5.5536153570955085,-0.38589492389727953,0.8494474576004275,-4.34227800568874,5.00758181963175,9
2.6124062561611687,-2.55346685746439,-0.08840506855693042,4.999036113966785,7.952262840457546,0.13094357366388965,4.488293696775757,-4.292280473702117,-0.9815213161727743,-3.8893163085320945,2.9629030612202025,9
3.85702746730516,-2.473459647444133,2.7912996708206625,2.3037755640725672,5.141019442227562,0.7180840162617406,5.952764334896347,-2.0910003901192122,0.33297288450152857,-4.027668356837794,5.490835097881414,9
5.637527218435641,-2.9448413931609454,1.8142277941695308,2.624974876964351,7.013913374191941,-1.064971914105814,5.322065458646995,-3.118707980118254,0.9619755295004074,-3.6199611075933484,4.4071860660745035,9
5.026879659478936,-5.14814538471072,-0.4300896036557189,0.9613012302791009,4.842953514018188,0.7998269571119483,5.705141269461301,-3.466767475765265,2.0515227653909296,-5.077949969223663,6.056886524384491,9
5.527770626927451,-2.663449710416367,1.9273694104346077,-2.4491554860918097,4.447025882553038,-2.3504876335583065,6.461694902723236,-1.755988149572692,0.04242613447264598,-6.624685465087305,5.4780161693444285,9
5.174663656065923,-4.742305251753024,2.0803889532702353,2.4499971566359733,2.950366335742792,1.4755627326798133,4.791307291056945,-0.35744832698290563,-0.5497829928882678,-7.232146782629685,4.427975853369585,9
3.699684760866079,-1.9217072530517352,-1.5413992142515576,3.0084106564512307,5.7720053681155505,2.3509444374372754,4.554469520119124,-1.2812624964389836,-0.08448025680772098,-9.514026771473574,5.068402932074072,9
-1.6875036896821254,-0.44834926593130464,-1.3196889731225947,-2.019329647232801,-2.500492050903417,2.013749575707438,4.251150915440851,-0.726275726950331,-5.010653646067469,-2.1438767288280838,1.2970987337080184,10
0.8455246145049276,-1.120641594465035,-4.1239045918157995,-4.19124044880779,-0.2748191897476182,-2.9476720840273503,3.028936922634313,-0.4387335703460411,-2.138400965710359,3.395634739099922,-1.924831802032185,10
0.057316779390578665,-2.5790431884001146,-1.6799010752154335,-3.823179976352281,0.6980679693160381,-1.4635035472709519,1.533114181415717,0.7233378667234223,-2.383427812419539,1.160128141660512,-1.4464585260288525,10
-0.007215564611660952,-1.3386474594552022,-1.572150911246105,-0.9038349377741577,-1.7884093589100512,1.039420331181242,2.69763211016833,-1.506613458013256,-1.131295138437297,-0.5103241834060155,3.3404780331137744,10
0.6196818055348237,0.7090599506014583,-2.0918307619852166,-4.092626762416883,-1.876396617372857,-1.0357686993426103,1.5293095010267845,-4.197677233403867,-4.80858855984186,-2.1217989313037666,-1.4531841229726963,10
-0.516417653512973,-1.7428392885583714,-3.884188894990055,-3.1915968485066597,-1.781321481341529,-1.9840017828032586,1.306091460851483,-0.8584715071364315,-1.27549331580548,-0.46773605114772754,-1.4941552219713323,10
-6.369518100990355,2.8927562869337073,1.0847548199768604,-4.8912945988119505,1.2570009232648387,0.1554244881016018,-0.1741585558174732,-3.02881329338218,-0.9904657082099436,-4.009830130227002,-3.289479606097326,10
-1.0784692957695978,1.5346590678940322,-3.638623567050244,-2.2409132378095364,0.6968727988758052,0.05133293090256541,2.8684658198080504,-1.504797319967734,-0.5475489456782527,-2.0815285572730096,-1.385813713442804,10
-4.238569053109654,2.108474433441411,0.4482768165628418,-2.7074249856639705,-0.5956320182623948,-3.3577685010396245,0.23879676941089867,-5.2564885878249346,-0.3261231797943769,-0.05707097909459524,2.1418335256933774,10
-3.327511670744968,-3.7765421595677395,-2.1982308668637813,-5.169561235946703,2.357256188239616,3.0654584511570437,-0.16101533207312668,-1.487195672057852,-1.6741574373221635,-1.0157853523655263,1.5090367081230183,10
-1.8145685519161463,0.2596903921797966,-0.10054671848029939,-2.688278062632191,0.10865084817055048,-1.0578245696547017,2.088836430213284,-2.3124517374422076,-4.744405148724461,-1.5446361796285109,-0.16225521825032485,10
-0.7194438577905251,-1.4213904826014354,-2.650261565678543,-1.4130552249296746,-0.8277435144704995,-2.6035195519433545,3.42298640485092,-2.452546004051432,-1.300386648553851,-1.9451133056703251,-1.9888772410259348,10
-3.807203527843856,-1.901408143228411,-1.7352023011331081,-3.015934015014291,0.9807722607911686,-1.1516085926557766,1.3919029557762397,-1.1421222469620098,-2.2029970204300633,1.7568967925866095,0.5606208258836386,10
2.191644266160624,-2.422864021307717,-3.6602789729630127,-3.0928860032329486,-2.1561257521202677,-1.8170431240748126,1.4128595259612706,-2.2206591377521154,-4.575188025210113,0.2471167953718767,1.4688388416525635,10
-2.971405653632334,-1.8231168108012068,-2.882371136267839,-4.863493682419959,-0.38311682841212025,0.6645275496167768,0.6845683344929274,-1.9845774967239262,-2.967230939940068,0.04862349626692075,1.5661998294493098,10
-3.172643773503506,-4.522948346843862,-0.33018666826702614,-2.587160131263647,-0.9968714196809608,-0.034808607075748954,-2.2433558979252033,-1.6573588609004133,-2.0996255166395486,-3.4953514851149463,2.019159827216325,10
-4.200084925244607,-5.3415872604367625,3.13162164970507,-4.3832031979702055,-0.0034983752071745533,-1.9593919096525225,-1.0804249151579342,2.0084286998162484,-0.22402513011402458,-0.912732318821246,-2.6820641662088347,10
-0.5049815533616873,-0.17867495533618905,-0.08530543905544086,-3.390360814422823,0.6188517469520498,-1.9979592219829465,0.3372144066621896,-2.214085409173105,-1.4722085238682199,-0.6825534703960126,-1.9685002837830445,10
-4.316478295947975,-4.312852008087354,0.7151565144039841,-1.169968918839337,1.3651189069549907,-0.4212550746578896,0.7592395665339036,0.7475296995587222,-0.7671465190314717,-0.49756059039258527,2.223180299616394,10
-5.125292459965221,-0.6667394048382022,-3.528171687136064,-3.2182520094608655,0.9634170604404755,2.8333013748926668,0.877788854158695,-3.0238749830950176,-2.2180642492895686,-0.6791271666026681,0.5920804393945206,10
-2.238731049790787,-2.99728336964702,-1.6204466561820468,-4.46250997854767,-3.1873626561247455,2.9767339040121934,3.500396507221392,-2.6329983105500636,-3.8264788643117873,-4.296045405850421,0.5624650271484408,10
0.6541962356473654,1.7282665749178667,-0.31466521323328484,-1.2063166537082228,-3.1327002710438157,-2.8843535154699182,1.6869039979907923,-2.695975453240156,-1.840642071199702,-1.5017284402142166,-2.6895318457466386,10
-4.600406860197701,1.882265467175035,1.2303742233860295,-1.467648553527337,-0.031750133862835095,-3.393508906817701,1.2623405160516383,-4.6878829963522985,0.7483428513685491,-0.5298170715601284,-2.4868755057457084,10
-1.2246944953249894,-0.7384563660133575,0.3123289062747875,-4.172869633597838,-0.12459305190563613,-2.999924812846243,-2.5008741234599445,-3.1852276313854038,-2.1999499277516437,-3.589750206881261,-0.04392702766269163,10
-1.0237205703397914,-0.8388917715044041,-3.3091037142362354,-3.0060145969535363,-2.2756096053788015,-0.9450439982782813,0.1823829304097414,-2.9801248369041247,-3.85667208810234,-2.5626585464263743,-0.9485757913080003,10
-1.650277485918202,-5.946873848296192,-1.0108657015889606,-5.427967425598849,0.1149937632682071,-4.243062180461043,-3.134947777193566,-0.5033561060819307,-0.6084835428083444,1.3959593912895998,-1.520392659075989,10
-2.7837492507353945,0.24878829811995162,1.6604383003777685,-0.4397929428809828,-1.0149907777192615,-1.5060561190353228,4.01009976814894,-1.5790694986489866,-3.8658540314755423,-2.1424395145602997,-0.1735067061685687,10
-0.9539841128544837,-0.8698713047118056,-1.177469913040278,-2.4979942338097416,-2.7368726257605567,-3.5161054020753335,-0.9080878189724737,-4.058459021987203,-1.9178058849070936,-0.6734163801391306,-0.4340552110541499,10
-1.447139618755338,-0.9770993324286461,-0.9506366767226457,-1.5506296164089337,-1.0999033214280929,1.4130008200453255,0.5432803215132018,-5.735750413451177,-3.417886637852324,-2.9332703160896583,0.023157233082339468,10
-3.772723393513745,-1.185312217253773,-0.669800988600564,-2.167893881206881,-1.8170354480802524,1.2371164931693686,2.1391997349057785,-4.005302750602995,-2.617114321550461,-1.5897454191069453,2.9497336643898127,10
-4.48728169671168,-0.24518899715070108,-2.8747607043234535,-4.881861838082176,-0.579240939996731,0.49166055399064246,1.9279615594802713,-0.9928465371054183,-2.540131813379312,-0.9091375338605088,3.1162191445117173,10
0.536423978763906,-2.868720967596758,-1.896849785782047,-3.2761324791563142,0.3347941680659583,-2.8023947761721315,-0.4764662047881105,-2.9978210745999707,-3.0261665030872273,1.2809101021560894,-1.6241042648776205,10
-1.0464023341564237,0.6364502194875152,0.10272807465585998,-3.7426879562283144,-0.5073513045756859,-1.968152901499385,0.3086641329998736,-2.5170222265761866,-0.2734336056623865,-1.698651773236059,0.5298768223541113,10
-1.1638426452117652,-0.09822259704159553,-1.6586647954555573,-2.5575137789434375,-1.5754875612110544,-3.4398468251897705,-0.8762055697121534,-5.0479921550894735,-1.519930947890581,1.7400815185704919,-0.8391896507645742,10
0.7785504940554562,-1.2900814552602917,3.0535075636141675,-2.31980157440669,-0.7951685096391041,-3.15062686944439,-1.346733378295474,-5.041043124432665,-2.296622224612411,-3.3668357489707614,2.466030986789581,10
-1.8138381285721006,1.2178466770726253,-1.6381757383841986,-1.5839736491434497,-0.5681223657539642,-3.3009626651658817,2.7409175526417826,-1.6586838844269236,1.455284179359981,0.5963117445828141,-3.1164445942564085,10
-1.146897993225116,-2.3881691055097725,-1.8891925700135563,-3.3178471136694796,0.6108979733964133,-2.497095484103146,2.1232794792924885,-0.38660199379314175,-1.5408757895605372,-0.5877212282523219,0.9425145647451882,10
-6.91392554968145,-3.244720718772527,1.3950937163827901,-2.4141203960245483,0.4955006109842799,3.147633327203783,-0.49040397127127444,1.2133553707791807,-2.609266008410744,-0.8904666417910537,3.84648426227192,10
-3.0236863955685305,1.252233372405645,0.9074718578211941,-3.158963618765,-1.2715244745540843,-1.8189054574303332,1.5886415233790014,-3.460165790304845,-1.9247016317167454,1.6467731011501665,0.5762906610013382,10
-2.4107470538039224,-3.264252474645297,0.27024128769604294,6.026612485268081,2.2777586333737423,5.197198071674116,0.7833452769055571,5.176019510304268,-1.5397956401756816,-1.0395649101440292,1.5028763156864473,11
-3.925409281822026,-4.066919124838312,0.15815731750900142,6.085642985392875,1.8760840039055449,3.70857551562587,0.6269850166698419,2.2427728255298582,-0.21357577928495974,-0.03147574461282879,-0.4554618811398172,11
-0.5180286960705598,-5.591402233177879,-2.4119613087273666,3.162854976023769,2.9604865705157812,4.518967860313909,-2.636699011058951,4.54290370822248,-0.008506751481598407,-2.4564879833683957,-2.2786684554357044,11
-5.041260513731341,0.18751859493338108,-3.217278093617615,2.8683795547610265,1.674730843878987,3.349145135841629,2.3916198216104467,5.660174964881541,-4.106538173215503,-1.1046397136501667,2.2919222813703968,11
-1.4237239076105,-2.3322124005961022,-2.5452262476275274,8.25398626409054,2.830845248542952,4.695031414509526,-2.3143967691362626,4.983163180492262,-3.6581418420043326,-0.36620310436267445,-0.4511064852742088,11
3.490336483761928,-0.19347863608364513,-0.8519883605565239,2.253462095597038,5.313762734903127,-0.26893607442577494,-1.8951942699018858,4.044308388393915,-0.6122106398744127,2.2674053069255082,-2.541587615947333,11
-0.5493050882518631,-1.2433167747293976,-3.59974205505607,4.945215987911551,2.7782746010295325,2.2693935961279568,-2.7007526581893733,3.864303791445804,-2.9807905765042335,-1.6627061594202512,1.05266917193799,11
-1.3764210317254715,-4.765123040293832,-2.0585584569871216,7.005396435631513,1.7072550368343498,6.323317977212675,0.2985886600516612,3.017042658729038,-1.5522344459465585,1.1236516682989564,-1.0294668538742886,11
0.5471736428902074,0.12198923008371532,-2.04727599803355,6.63707229461317,-1.4460752573834985,4.207499806106558,0.7600203631884435,2.814727371691003,-2.829306020325265,-1.3541792137861008,-0.18710618330121231,11
-0.7401869292372332,-3.679646597215779,-5.611514815083982,6.00518172394368,-0.22358391177590353,8.061279989588407,0.6569273239087254,3.2276126170185155,-3.801572462793695,-0.586065933539873,-0.15991307260559023,11
2.630576536532806,-4.725547604016568,-0.9395872102717664,5.884982068350286,1.1032072989818498,3.6494305259390893,0.7319494243299618,4.239271422383553,-5.903954345565963,0.6265940326208236,-0.7592377351791977,11
0.31922856463754573,-0.1659172049272981,-1.0664242187047632,8.740286336712844,1.0204879081946785,-0.5342909376263099,-2.6154008568854525,6.576427083200551,-2.2679582380764316,-0.7680073331795212,-0.23960767385132925,11
-7.469937655717184,-1.718747435829574,-2.353871213506363,5.744759085973254,1.335952438382399,7.329993090085793,2.0752477140960828,1.6607336135135737,-3.434920591671288,-0.36347878621679436,4.666666072843863,11
4.393060872731959,-1.3140518363026599,-1.2758803595337385,10.95562411875929,-3.6978028350588996,1.5026821622335684,-5.787290585821074,5.375352129952745,-3.872777697954751,1.6765065384704656,-2.2957838012029828,11
1.8533320632535684,-2.854654377587195,-1.697435997717314,5.6533782596684965,0.42926242660418534,3.35504985200724,-2.3286997300270835,5.688463470646185,-3.5464572417445455,-1.4642705562255718,-1.2778858543685203,11
0.5653683628278925,-2.8325975817643334,-3.473255719265314,4.629277244282463,2.0166254127976324,2.438541374936776,-2.010553877717246,3.31996748975223,-2.5713631337247,-0.08353762405869003,0.2693649141763669,11
-0.7570169903853281,-2.4698147746434187,-2.5367884180141083,6.765017433918703,3.4148968622791926,4.704470082751453,-3.0387404237711637,4.667357714472565,-1.977182621505127,-0.017088732317302846,0.07350976011990594,11
6.382250008581075,-5.484803554564014,-3.160276765851351,8.700671090466898,1.5918925643007071,3.4306898452327115,-4.751841256296343,4.611083733179077,-2.739732996416195,2.5675655036910614,-4.444801618988175,11
3.4057976962041097,-2.3199176915565145,-0.06145997817680415,6.9433027571526456,-1.2870089105251532,3.516579147493952,-1.2655995391213146,3.779904352013992,-0.10824469282425397,-2.589760463138651,-2.843469860083765,11
-1.8245685390424944,-2.5014513466100077,-2.5339802121021897,2.755396650538533,2.3360502397673617,2.95548184160942,-0.05156213162597001,4.265918546615475,-4.394856124735419,1.5575364495782287,1.0738534717023251,11
-1.4054266058850169,-1.0510182193209667,-1.919962884464423,2.298390216618734,0.10778410702310248,-1.0792387198235205,0.6838348383128914,5.1744564422652095,-3.4981596191790976,1.0095912168292558,0.5635254073719141,11
-2.778823243389623,-7.747899846166968,-0.4827281249870359,4.290233454897896,1.707897927420344,1.483069651319909,2.15158464709162,2.4838064464219847,-2.2246148331705236,0.07955556282925541,3.3117846870687724,11
-2.965061823567778,0.8753267488528134,-0.10680713033334799,5.604112211959833,4.636200535488971,3.635266394016317,2.38424145918526,2.538849670249552,-0.15953418689580712,-0.289029743677642,3.9613200814487586,11
-0.6025486117206171,-1.9503438214989508,-0.437865419401571,6.7714525279345334,2.6555557536379553,2.124561072004298,-0.06908554958588042,4.782120379698688,-1.253046984813632,-1.9087925565113917,0.42002407208267917,11
-3.468296832298608,-3.650624636583964,-0.6601070490763514,7.803242984268302,2.7735874520461765,6.521652620553735,-0.3314674041810166,3.863930812467011,-2.7221329994907926,-4.957744085218026,2.9434418897454995,11
2.1307897281549293,-3.4078411858303133,-4.094582684710334,7.3117201390348,3.278227995145482,3.852724473302658,-1.4464407957172052,4.4921963624529395,-1.1230914126809324,0.2188412087931842,1.113419754150122,11
0.14098172807965148,-1.0897699695383667,-4.911654304785706,5.366123548399627,1.1438655935533821,4.008654764664937,-0.16033924320854953,4.2778015189508976,-2.2077788441481294,1.9366860458579584,-3.4338272606834703,11
-3.3070155119481512,-5.180399553750094,-2.043586605329427,2.495162816292958,2.8980471169517426,3.2207278372666215,0.08673601298887457,2.1867413373968736,-6.414516447037106,3.1359328487366307,-0.37616447762090705,11
-0.26421322866569447,-5.015439387482194,-4.765642369239401,7.624317711641538,0.6555810951963241,4.70415560405751,-4.019428905603948,4.078324316268902,-3.0372877549061927,1.7887929025313263,-2.4069584427824373,11
5.221345078282856,0.3980373479965227,-1.7267128925590347,10.222133138513119,0.6735828973225733,2.350784712968248,-2.115163982158015,5.545257838845377,-2.9600237429525125,-0.9915159092915866,-2.6173048986408136,11
-4.63508857087347,-2.545847998193181,-1.131503893616454,6.559024975597622,2.818611001682138,8.370160508761195,0.42803081907454743,1.9061063528919997,-2.2927650007800513,-3.2542538917494195,3.1145507104503403,11
1.0955374194626983,-2.398806767332996,-0.9649094408727332,8.56876899302904,0.8045737809552816,4.977861913504306,-0.6597613117954338,2.9331713228331364,-4.0302726107647056,1.5662034202097435,-0.4179732907878973,11
0.5897052943795016,-1.3479079627949868,-4.42291801078463,6.075088348398427,-3.291740205265672,1.855631606851072,-0.04998613346378411,4.4543403977053915,-2.4183000196036017,-4.285769363542798,-1.5993060139270034,11
-2.8664601362174413,-1.0592124318669394,-3.8393325724774945,8.292570856227464,1.0873366402893825,5.404614252685906,-1.518385970280509,5.560095553655139,-6.218483644664566,-1.0226787729999955,-1.5267176724901954,11
-7.211835661923643,-10.6011524805823,-0.8654882151570262,1.047092356789829,7.275950138302037,4.591216622712981,5.143728745690834,4.926793986121233,-1.7859552591954446,-0.03162087635523553,6.116637778993635,11
-2.450428158947278,-3.8975887134299443,-1.095340354975693,4.774032072320472,2.047696620356626,6.4929231474505595,-5.631435290929891,4.2585509098378544,-1.6564231176491386,1.3942182125360827,-2.6090970549654826,11
-4.501983229326688,-4.245287071832724,-1.3958268310124806,5.802954523657996,0.6022226558208061,5.592089729460886,2.173691414619122,2.4582742049072164,-3.785310960092674,-2.3519161783698586,-0.46515374550408367,11
0.18117883039553317,-4.197122413869443,0.8950575969907795,5.939211907860077,1.0660571929609817,2.5213029158441067,-0.6975945552200966,3.90945518074499,-1.5678858224729977,0.6466467545899702,0.028705824575703573,11
1.027070775042288,-4.7798897522233075,-3.1828922547002163,6.367524747781164,0.3627532125996056,2.972714546219104,-1.664688139291861,5.307916814845153,-5.18162580496168,-1.7392781517486158,-0.06312092588586447,11
1.20983837856302,-4.741280633557724,-3.1374215725136416,3.2748770266407328,0.14669097650572116,0.9743999942256547,-3.8179628437997586,5.539505767316091,-4.082995057941921,-2.6118396682298615,2.7976366958971752,11
2.3454730648028295,-2.2321027672648124,-3.073344543959654,3.8729609578552173,2.8390267667605253,4.451203653826747,-2.3079662139546944,2.9972520941202307,-1.187175767177656,0.23550919891257438,1.868350056953411,11
2.285722357081986,0.3599086578736612,-0.9657810659376473,10.430342495639497,2.6785065943833812,4.313089046410877,-0.24059360146072506,2.682997791474236,-1.475821213725008,0.655290783778257,-1.0513723175688268,11
1.12415576606804,-6.711454273741591,-2.4025674090674336,3.738969553347423,2.051619754294946,2.31605426689467,-3.695954262636593,3.9616058991388736,-1.8644945751649193,0.7044774408934666,1.5065626435329307,11
-0.6857575192163656,-4.648176944118941,-0.20837222294361313,4.5152067309144925,2.3952157264324603,4.162112151019255,-2.185169887195596,3.1270602299281918,-3.2499540206563036,-0.9757143108856328,3.0128608478690513,11
