x0,x1,y
-5.982952086776009,1.8120220209136726,0
-5.933197286507869,2.0311716471639105,0
-5.81930753877601,1.3183740062184404,0
-6.693238401065412,1.1710248579539244,0
-5.819934564152792,1.7607454562652467,0
-6.460417485228915,1.1676860608073625,0
-6.177115830500909,1.1347171422039386,0
-6.097990034425748,1.3159869589372906,0
-6.95487202144496,1.7504290245195413,0
-6.3212620889980595,1.6784122632176532,0
-7.084380107023584,1.0698121224000605,0
-6.522753565405923,1.0221997543918087,0
-7.737211711885607,1.7948959100478996,0
-8.315947432593964,1.248143861104411,0
-5.9786797716815725,1.5153080860533252,0
-7.235789708745301,1.3702697708239462,0
-7.108382907617934,1.4587028791439118,0
-6.202654941603479,1.2374138784904658,0
-5.447969926075112,1.8281013515870557,0
-7.471600514526204,-0.07951670547923184,0
-6.515708838720977,1.7149517452596152,0
-6.020957654896634,2.017573972739366,0
-5.731333100463266,1.427992590819116,0
-6.440095697223144,1.6527929649444206,0
-6.035656862616349,1.3697397177609305,0
-6.4740235652709375,1.4657492092929318,0
-6.260760470022912,1.0163973531650718,0
-5.600638384208541,2.511698490483997,0
-6.5380865761577285,0.940381369588155,0
-6.026162339360617,1.4433317088923219,0
-7.0184622241047325,1.5738057636797171,0
-5.9123919589723295,1.4337882985423873,0
-6.35965610114264,1.5726477124166545,0
-7.3897795205417385,1.484438780132304,0
-6.388960092997445,1.7204262046455905,0
-7.010896814429005,0.9406617308745796,0
-5.67027275083176,2.147701812509994,0
-5.137250136561502,1.9900196365232188,0
-6.161659165216117,1.903436837172065,0
-6.38866403342978,1.7876850283931949,0
-4.668773373567175,1.981881790988771,0
-6.170153909296406,1.449007656074626,0
-5.255798175171502,2.098654801930895,0
-5.817206457427888,1.4785744386129305,0
-5.792691013923655,1.5749027931323425,0
-6.151383283959518,1.686212621769822,0
-5.90491848053035,1.3341879182982983,0
-6.130444326665476,1.7505307240422812,0
-6.683253329239803,1.2471175312712366,0
-6.339567439590066,1.849733401736209,0
-6.558348454596943,1.231286048246746,0
-6.817167207204799,1.6885976078557787,0
-5.717665319161784,1.8448181347100645,0
-6.254966048767666,1.582432812899879,0
-5.909932539662584,1.7586779308044704,0
-6.5068590286141585,1.0152278668264576,0
-8.213501706137276,0.4997656600396312,0
-5.391828276901251,1.566666326869047,0
-6.81738854844814,1.5410147518961983,0
-6.045402299950214,1.5205695411169347,0
-6.7483851707083575,1.0626416768648868,0
-7.105239891585057,1.4431086604913417,0
-5.988790512429585,1.6416958724423272,0
-5.92365086225175,1.2933588333400592,0
-6.074291511174833,1.5276044831726658,0
-5.625844912131803,0.9114128850786133,0
-6.4963911734597,1.5420282757865134,0
-5.6969601010302995,1.1185955144651052,0
-6.319606412281669,2.0262947964025297,0
-6.664073982768181,1.103310473771593,0
-7.112988142797489,1.9743410283174152,0
-5.845522374942583,1.492937844622334,0
-5.819093074336332,1.9657746977170847,0
-5.505440224532681,1.5295588975333947,0
-6.721562280912758,2.223577242478204,0
-6.636955264109937,1.9433767502847576,0
-6.7256503730883725,1.9112004753843874,0
-6.131451581388835,2.2722829270878324,0
-6.100011584539757,0.9210833111390384,0
-6.6843708011116725,1.6853721103559327,0
-6.6684128311119375,1.3339174382484773,0
-5.782180288252221,1.2571581652110437,0
-6.844973350668319,1.6719097593212757,0
-6.549464665373606,2.2201739027971894,0
-5.243304439542761,1.1530752077957593,0
-6.44465333559716,1.6860484906417639,0
-5.978468226731513,1.6027091763660657,0
-5.795151793443531,1.4091246279848604,0
-5.642071224880167,1.3471656596927557,0
-5.780191028435464,1.2434686429913573,0
-5.874055831487227,2.8572217536904114,0
-6.161025394381535,1.4235812268968557,0
-6.066627515652669,1.693826817393204,0
-6.436364623295351,0.6235419501173303,0
-7.246985805952882,1.11248839157388,0
-5.728620959307309,1.8042687689395764,0
-6.212444609217602,1.3874643422103414,0
-6.645407190301608,2.3286640611871863,0
-5.321670565196565,1.4625123050863278,0
-5.242306948433896,2.1176322493108275,0
-6.001105548222325,1.2664230217029178,0
-5.439843571437182,1.4534966776767275,0
-5.804662004638704,1.4237114255203862,0
-6.055929185131961,1.9038794664527885,0
-5.789588794796676,1.5517483545086752,0
-6.9318622815279385,1.4647451200852744,0
-7.229393104946856,1.2912285299770434,0
-4.719613309009628,1.457000766996122,0
-5.531534280690082,2.360995096357042,0
-6.895391102868482,0.832551899824426,0
-5.88297295429487,1.931565067420494,0
-6.479784868517329,1.3800172710022531,0
-6.808105016264703,0.9179085968325512,0
-6.333960175708038,1.0431766751424973,0
-6.112470435105593,1.8594266657736933,0
-5.894381132101948,1.85116722884157,0
-6.314883863078985,2.242021436225147,0
-6.006057291451908,1.402818528333733,0
-4.222691808633305,3.577885529677575,0
-5.835550587818174,1.3749691998985198,0
-6.624686843173092,1.4358230062034585,0
-5.731705768640454,1.6117247498288614,0
-5.853561958514576,1.6123586851847358,0
-7.110772120368355,0.8950639852668544,0
-6.109631622897225,1.3669657834999782,0
-6.644149917385192,1.516216826418908,0
-5.702353718412479,2.11748576282156,0
-5.549343044121813,1.5454328417693504,0
-5.988573158765609,2.414623728700638,0
-6.363391940477391,2.1654327465676317,0
-6.529014704560305,1.2131166086581184,0
-5.6850053839663826,1.3788032643447328,0
-5.747476170690717,1.474557033646662,0
-5.502246193658806,1.6410211667690469,0
-5.636631828930604,1.1583779015746607,0
-6.499901858361096,1.0643603393429004,0
-5.1202022055451195,1.1005281000900429,0
-6.9703146179161415,3.083306370491748,0
-6.840492714988943,1.701342205864582,0
-7.000717466123817,1.4609876794442667,0
-4.585380460650834,0.8526423348040691,0
-6.4830438892667175,2.0013099347417045,0
-6.129833318760219,1.7515784189989545,0
-7.212167214468013,1.1893528237363897,0
-6.451334887806036,1.7108172349987714,0
-6.361003530542926,1.4085977227043769,0
-6.109342723775014,0.9108151288756049,0
-5.3774552907336375,1.5665772690013053,0
-6.10403763206046,0.8424633153190663,0
-6.092135210469435,1.6850265651775769,0
-5.843938990414721,1.7754418373743623,0
-5.84210149628726,2.0560262535233225,0
-6.739291905484974,0.8254518440393773,0
-6.468018839851877,0.8993301144782605,0
-7.220047102073853,1.0150215556220166,0
-6.226778299236626,1.609623725620421,0
-6.788239051168545,1.8100993460503476,0
-5.810752562346422,1.8205847538406192,0
-6.035084498435164,0.8296194580878608,0
-6.430293778187674,2.4841089091888873,0
-5.928723940057647,1.5462202927291038,0
-5.275513059728553,1.842950278070954,0
-6.580544172201836,1.43950144876933,0
-5.5819954412070985,1.3244039787866313,0
-7.143532079311259,2.216375394350553,0
-5.617864391305644,1.6712868928239109,0
-5.589789813254423,1.765702023557553,0
-6.855058438951883,1.5266311688042362,0
-5.963123111827601,1.0792634005398858,0
-6.411145153866539,1.666934046847365,0
-6.269653039103761,1.7434816059036093,0
-6.082633414546487,1.5498887488713589,0
-6.130753781225986,1.1965860695405375,0
-6.313347679206685,1.927209615072368,0
-5.289179181322348,0.7356354864976252,0
-6.089134020148099,1.2284605154414563,0
-5.898649912457151,1.1886881169456425,0
-6.577812955812913,2.43563724901872,0
-5.285709154350322,1.4445703339350537,0
-6.1962872417310715,1.4148022432514777,0
-6.67569270963364,1.6260010625972172,0
-6.117237600792991,1.5566451999788258,0
-6.400100339666362,1.4739402068136918,0
-6.248454367648398,1.4677573024165325,0
-6.372462279887402,1.5801894839606294,0
-6.456146957471512,2.053494194798137,0
-6.817055449746597,1.85658102666856,0
-5.601231028345882,1.4120022975499906,0
-5.120046817147998,2.148310704251429,0
-5.652472094633453,1.9568348958003798,0
-6.424358448157904,1.3257500193950396,0
-5.86791442012313,1.5337758869846894,0
-6.458718282804207,1.5467205391806844,0
-6.089746577000944,1.464134384860467,0
-6.255213536097501,2.071292454314458,0
-0.5397784984380422,-4.6439830898399395,1
0.10614170201938056,-4.217549945444599,1
-0.5660051093089137,-5.331136366295347,1
0.7478548261005312,-2.163139162359,1
-0.808329467550398,-6.291311008256505,1
-1.1673899483957635,-5.4744069796248915,1
-0.23408394089580364,-3.438221065739765,1
-0.5702899926985836,-4.87590897615591,1
-0.5449262601368164,-6.1221518392892476,1
-0.914162939189672,-4.187569417408033,1
-0.31310783940266373,-3.4651607848516672,1
-0.3222209445825739,-5.578559424533786,1
-1.0269603277620263,-5.409093420739337,1
-1.8172515123804323,-3.74649203771946,1
-0.4375747023994517,-4.480184103829784,1
0.2954806616679967,-2.7885396238534295,1
0.5812595097514879,-4.938556973895765,1
-0.3217760917913956,-4.873852908954622,1
0.5636024860454808,-5.070454287155202,1
-1.4265272149408232,-5.679453805579476,1
1.1848814710705022,-2.7128499789394644,1
-0.7608932929841546,-4.759005190276105,1
-0.5251143853131544,-4.2036313064589095,1
-1.1962949804707046,-5.681090078731608,1
0.15936640854617218,-4.555287509594084,1
-0.9954062722097293,-3.6373555517563494,1
-0.5799397295565984,-5.199413510833101,1
-1.4784051933433606,-6.495656238062599,1
-0.2518605308010003,-4.777729373628367,1
-0.036376485492773336,-4.742468615298812,1
0.050006311879203014,-1.8878446979863317,1
1.0370943925835199,-4.454158885750899,1
0.46229901717396904,-4.184035146270311,1
-0.7788738071693914,-4.0372216852066884,1
-0.1130159954658445,-4.447380453663807,1
-0.24280745854455194,-4.464502898002443,1
-0.8928659799114725,-5.338395338020838,1
-1.5108615325943595,-5.595947013758547,1
-0.052822848843954426,-4.092612147546053,1
-1.160144559578645,-7.092872737590138,1
0.4880900939280406,-4.840217953824244,1
0.14011627409443583,-3.8973762980798097,1
-0.6250013311255063,-5.156828182019634,1
-0.9812307730217835,-6.0874736853563425,1
-0.47217452661112924,-5.050784500287349,1
-0.8832160433430665,-6.489018564664358,1
-1.4429751401471302,-4.132300147777645,1
0.6678108279020907,-4.420085699887835,1
0.961609496858743,-4.099821683344569,1
-1.7835212381642525,-5.306370617016444,1
-1.1430361717589173,-5.967632189348391,1
0.20218107240116506,-4.511286340404192,1
0.3694099717677065,-5.3757699958906695,1
0.6997468337731052,-4.456271049327453,1
-0.33215587159380705,-3.888648654981966,1
-0.2114370669771961,-4.403318693702982,1
-0.1256521845557384,-5.187312870414162,1
0.9450522295306134,-3.8250295696598244,1
-0.5464079266521379,-3.761466024903196,1
-0.26833991653616146,-4.067091307065176,1
-0.11305366985440793,-4.706491564473081,1
-1.5241095796310744,-6.114434909875934,1
-0.7315273881030857,-5.724216415732267,1
0.21251660856412669,-4.45766030210313,1
-3.592475130946213,-3.3331809974460196,1
-0.7305858317515918,-4.8900913877162955,1
0.5199449792966842,-3.8037347385203213,1
0.7352429746168094,-4.449698462282302,1
-0.19745290787519254,-5.824603061268457,1
0.6760081702733985,-4.684943195020781,1
-0.12443390192883452,-5.502496795843663,1
0.3787790040518466,-3.5449264451747524,1
-0.795792349502657,-3.4076311284092102,1
-1.3626954151827704,-6.785917817183326,1
-0.7018378524042743,-4.957283770793023,1
-0.8334241440493867,-4.357769416646802,1
0.18246851177034368,-5.406371028164584,1
-0.11091022342072476,-4.699013717551335,1
0.8135469137015684,-5.526412607853946,1
-0.2918561317112406,-4.944468992257922,1
1.5427404509086908,-3.6271306869803053,1
-0.17613466968830316,-4.915465150464688,1
0.12202205445115205,-4.695349568043504,1
0.1266535677179445,-4.147948097954401,1
-1.1341671225797876,-4.7089659097610745,1
1.343314004118604,-4.606827294654743,1
-0.7522263984242413,-4.457595385864917,1
0.12419987887307954,-4.926332846006016,1
0.24540448342536747,-4.002042951401253,1
-0.9283264244873942,-5.300929685069869,1
0.2577991200168374,-5.365973363239718,1
-0.14677939517333458,-5.209557601111833,1
-0.42777934483383767,-4.798675808111746,1
-0.8329952140652866,-4.332456980924069,1
0.13066676354590412,-4.008375388144461,1
0.26596226090446384,-5.440564878929033,1
-0.38838546545310104,-4.759184877791052,1
0.2302476028715229,-4.040974826583551,1
-1.938611782735039,-5.271080016316917,1
0.3163364986026303,-4.429102315296499,1
-0.9273200500120145,-5.1251037990664505,1
-1.1688960436292595,-5.573551961383008,1
1.8575238896437516,-4.005159604112917,1
1.0337784332668176,-4.121759071753261,1
-0.16878768899044375,-4.370184713575491,1
-0.41183327912407947,-3.685268496608083,1
-0.09121926625752638,-1.8559649966891687,1
0.7211061810305435,-4.0995948301633405,1
1.09459457373597,-1.9097516068580465,1
-2.2090868822235725,-4.185993257457684,1
-0.04190214284428688,-3.8348717640021395,1
-0.4758250149552942,-4.946976382217282,1
0.011351307939879596,-3.2711286166993627,1
-0.2664235545388345,-4.8615064610964644,1
0.010006465558443006,-4.21996642770954,1
0.736750099527878,-6.648167452548735,1
1.214392566068542,-4.032207146875086,1
0.10220614875100614,-4.821455060824645,1
-0.5865938681336618,-5.026251303807534,1
0.4996992786690305,-6.254550546496164,1
1.8341606091235905,-3.6555467232639134,1
-0.29300932994818774,-4.244672677467995,1
-0.17148614688091313,-4.051920112810166,1
-0.1128946994054378,-3.961584107607176,1
-1.1109465334088946,-2.5264408321161564,1
0.05764463308793674,-4.515990124522456,1
-0.9575407493606309,-3.2148360472091433,1
-0.816789942301528,-5.096489230617179,1
-0.7727653188606174,-4.338344706606206,1
0.2881482992188845,-5.399739726676307,1
-0.31893265781196845,-4.4304973213609244,1
-0.3225565214464735,-4.196141985982014,1
0.911745947893706,-4.199918781204137,1
0.8652601973851333,-4.232014647166616,1
0.45012026619498047,-4.729325750213751,1
-0.7486145160881613,-3.4089183996860797,1
-0.03582193813953788,-4.36471605211546,1
0.4735939099386839,-4.463676403963681,1
1.8218418209744314,-5.588297774172123,1
0.6089681072573497,-4.452962462320455,1
1.6160823490074683,-4.644870298841653,1
-0.5303981958286206,-4.517597726581984,1
0.7917064462028817,-4.5463390831963935,1
-0.7054859873758508,-3.108905753936458,1
-0.8606157911209634,-4.446862535372599,1
-1.3265013175820652,-7.184312446889832,1
0.6223983193674608,-4.480105142087625,1
-1.862506695312832,-6.215521824476504,1
-0.30731948860093405,-4.110735029393481,1
-0.6602428305378406,-4.690777424528265,1
-0.922712292004894,-5.943796725865743,1
0.06076290402887041,-4.466027442138113,1
0.24149865708406626,-5.053944667599854,1
-0.2510389971126261,-4.275673715934639,1
-0.4834680584162876,-4.601501930558141,1
0.07019056179848301,-3.6068469189489356,1
0.5481019727368086,-3.8488353509835775,1
0.3505852288765504,-4.947089251009574,1
0.4076193410587303,-4.032414169568821,1
-0.2980963346332564,-4.646054053335853,1
0.24723194875103155,-4.329275919407015,1
-0.7335938394343599,-5.387374673834224,1
-0.9575158996000759,-4.9150506520517245,1
0.39759857353811645,-4.180260870959791,1
0.2948193843975192,-4.691201265493188,1
-0.15299137790970171,-4.143460698756589,1
-2.256815732968323,-6.606277103749564,1
-1.766265101243914,-5.692705858379345,1
-0.040643850627212236,-5.045853770012876,1
0.08807464038442683,-4.0097805511584035,1
-0.6698560612931187,-4.480793300039761,1
-0.707796775227138,-5.181498835907733,1
-0.7895668318444632,-4.273218121777809,1
0.9978790616720941,-4.905542920415372,1
-0.0933738212283822,-4.230249400935195,1
-1.16494032766542,-5.456624189248821,1
0.6958898097605957,-4.698168242411499,1
-1.507674904741714,-4.446053832631665,1
-0.6949017639946957,-5.652590306077585,1
-0.9700485638521893,-4.160218182681352,1
0.5250360422612642,-4.523012229455173,1
-1.2729106284660094,-6.433053150082065,1
-0.468029385600647,-4.325428959948186,1
-0.577085034595459,-4.469166849419259,1
-0.3390553380498701,-4.2439340511602905,1
-0.17809069934845134,-2.456083586511615,1
0.4480815992373026,-4.170903788197051,1
-0.5145371047386536,-4.368247404042144,1
-0.5922818560255292,-4.630663511580184,1
-0.28706391497951667,-3.3179996429325502,1
-0.9604419718203449,-4.034136354701804,1
-0.19169644457428991,-4.293350918488838,1
-0.24655017465916684,-4.876778035292434,1
0.6436043954545102,-3.0209980675877093,1
-1.1883225190087363,-6.824394187633873,1
0.38091316371772843,-3.579935958589359,1
-0.8018437636418465,-3.054004399394593,1
0.5210955405808444,-4.347994317212336,1
-1.1682728932216224,-4.560143743596887,1
1.2528611425180924,-5.234804186272611,1
7.179140280293957,-8.863428155853835,2
3.5920503970260533,-11.698346508717753,2
5.9540078152155935,-7.280846499122271,2
4.580913305786522,-9.948315304217783,2
2.500347355462736,-7.593354603081669,2
5.449077646237705,-8.914553192285148,2
6.936960026785018,-8.603842075994251,2
5.646420479702244,-8.334502301608595,2
5.083275210360834,-8.940276067206765,2
3.295386491287002,-8.182938663956913,2
4.647993025501477,-8.913272757777145,2
7.005738880285836,-7.460546397129358,2
6.153049958861972,-8.436748820891596,2
4.621429032466776,-9.450193501247458,2
4.137334409546879,-9.275798994944985,2
3.812145419045396,-9.530651483898827,2
5.444836577258143,-8.549347479375188,2
4.547452859087889,-9.779810815331938,2
5.463395668915126,-8.20390761586659,2
6.413086831525878,-8.045295139335646,2
6.116057556941435,-8.89718384877695,2
6.781678680596196,-8.206699133124044,2
5.151158199061958,-8.872120428234716,2
4.916055184891472,-9.294257516564972,2
6.539940012087708,-9.83559506480561,2
5.551048821424211,-8.399602230685309,2
4.965386109016106,-8.297241886686635,2
4.4140363703281,-10.25919136459234,2
5.863992807159362,-8.669054000070862,2
5.584868360560375,-8.807057116873823,2
5.844598327337466,-9.554301488611882,2
5.646244787241955,-9.067720166661346,2
4.51711297321807,-8.980214781856212,2
6.497052196173134,-8.26727039704066,2
6.744358864214382,-8.545488980494582,2
6.854959683184807,-8.64460326860329,2
5.6169362580043005,-9.502035174813864,2
6.45041652698594,-8.5051170447267,2
5.408090550587618,-9.029875906241779,2
7.14424841646546,-8.690249088374339,2
5.761613372063123,-8.728307070841367,2
6.560642685162822,-8.518965372822564,2
6.974316327425548,-8.570338915447683,2
6.043027352988158,-8.538079460891506,2
5.379159267237307,-8.799987561494142,2
5.487545963310605,-7.9630287786196465,2
4.494171807386473,-8.601953865041436,2
7.5179168101669696,-7.801239432794388,2
5.646254811814442,-8.19833187336361,2
6.70732784511482,-7.26349805847645,2
5.364838437922717,-8.64676394190713,2
4.460449860481585,-8.29837501881901,2
5.1668990082755295,-9.345871308813752,2
5.1852320423424345,-9.448260098519462,2
3.183074879003931,-9.253288628658323,2
5.502756662418573,-8.091591527373879,2
7.2884521713827315,-7.4182207395943145,2
4.811037042591072,-9.067029926076412,2
4.971380352063198,-8.518469468754361,2
4.127160667006018,-8.93574507285597,2
6.732280282053871,-7.404823455803719,2
5.231756514423361,-8.913865320118607,2
5.237918198979025,-8.724425499035817,2
7.140550302139539,-7.874750629812114,2
6.65963624207794,-8.221212244054358,2
2.742120437864137,-7.895951702429847,2
6.8338734412094055,-9.44966636084894,2
4.497127410048664,-7.688520410513389,2
5.215237624958295,-8.084301508488801,2
6.351784526936272,-9.0764935228526,2
5.646831591106049,-9.400196888187251,2
6.063707938989767,-12.58991253482944,2
6.603678715695224,-8.248945795970185,2
5.616848962933336,-8.880348121890927,2
5.216899218433702,-8.304482460425515,2
5.477049992845563,-8.626341288434725,2
7.566339208386209,-9.430400681217506,2
5.477565194228393,-8.630149444299027,2
2.5408886350486606,-9.026212230983326,2
3.0868393748481044,-8.563638792921948,2
5.408127976647294,-9.01636653878332,2
5.700967246445131,-7.984101057593031,2
4.517178103631704,-8.188064458920692,2
3.8704682247683992,-8.644096252106845,2
4.478624618607727,-8.67741473148895,2
7.432822644269242,-8.563763690284697,2
4.734161363182511,-8.668709356076457,2
5.022695635096895,-8.500874439502706,2
6.6711191750819205,-9.9222775323825,2
7.152604540053722,-8.674342651468319,2
6.311309213944254,-7.9991408182199635,2
6.402047678797954,-7.829298629415266,2
5.94114337616974,-8.163646462359747,2
6.880815695112926,-8.307397424948544,2
5.179770128773804,-8.238185612837738,2
5.8564537331746305,-8.701622281705536,2
5.970792078188942,-8.87447957547723,2
5.648893700307423,-8.014474762280328,2
6.13506583252297,-8.08659644657451,2
5.319820017002518,-8.001296762236699,2
5.701311371094125,-9.12044640332325,2
6.994379648934918,-7.856353141297418,2
6.220674791084545,-8.28935400461227,2
4.864400761104973,-8.236542728145695,2
6.766182391949336,-8.429483279144582,2
5.454688367013456,-8.976819691527691,2
4.150208934090781,-8.78480035172596,2
5.307837531582344,-8.88390681276832,2
6.225229768157252,-8.550217685438078,2
5.961282319818902,-7.926935802869096,2
4.7313106068893385,-9.084539942309226,2
4.664111192351627,-9.031155109740995,2
5.61352878326451,-9.130996018434427,2
5.648307824256432,-8.583935561531273,2
4.815033550530535,-8.823280887685337,2
6.549538630892786,-8.257136840221973,2
5.91697826443293,-7.922645053045764,2
5.980916675889061,-8.436675047681145,2
6.567439662510523,-8.743017597938358,2
7.40922582977657,-9.536286967260017,2
5.940526481680081,-9.620939630111245,2
8.050621802930232,-8.087400738824547,2
5.913267319767247,-8.291068761405,2
5.428764776225292,-8.321076352582079,2
4.811119268452114,-9.04561621882617,2
6.663635559965996,-8.591395418775415,2
5.611490273319985,-9.000463357156077,2
6.583975750342242,-8.047608983210836,2
3.576375975744683,-10.232059993259353,2
6.0736753740486975,-8.158865786960606,2
4.224251749089692,-9.153819669513375,2
4.7666718635184155,-10.049956876341906,2
5.577846250018772,-8.112105650590017,2
6.700175163616475,-9.101013742765087,2
6.674627913885411,-9.066895203983128,2
5.265407346582935,-7.945271563647733,2
8.218055032681942,-10.330824033109113,2
4.616699885650427,-8.3462354700424,2
5.411988989408644,-8.153833320718087,2
5.569297780122577,-9.14659394437305,2
3.8648812770465133,-7.787643439916211,2
6.164634598331852,-7.893039713209417,2
6.024764434491453,-9.336145978090144,2
5.419821431453492,-8.623641405391972,2
3.9149227235625608,-7.7607654876703585,2
4.914779262738101,-8.568921535061499,2
5.450809573611209,-9.29228756434371,2
1.1539943406197493,-9.811585036233268,2
3.920905553782567,-10.835466862866994,2
3.9800363809958696,-9.53362024504908,2
5.054981935590953,-9.54324929840318,2
5.292703183655362,-8.184273394091296,2
6.567202204756286,-8.63609133965654,2
3.7922902867467667,-7.99432323507885,2
7.245174288547798,-8.546655975606123,2
5.683372216876386,-8.563545982002443,2
2.18219686556463,-8.936777655171563,2
6.835994077640587,-8.596698681394189,2
5.52777741172333,-8.694958381862033,2
6.272697863371456,-8.864567217698456,2
6.756622307293027,-8.843081311521019,2
4.897913602591351,-9.871595256602737,2
4.584459010501793,-9.095771942477487,2
4.0623086931617225,-9.534129424822012,2
6.009690749251555,-8.68303651389279,2
7.910286594956261,-8.015606459369879,2
5.729926713019116,-6.427092466522023,2
5.28166687934917,-8.473808363234511,2
5.203596748581264,-9.568568493829893,2
5.752890126996653,-9.447045211963122,2
5.345234294924903,-8.718641973953156,2
6.276912246601729,-8.719388350753619,2
5.174910229189375,-8.018170204911083,2
5.867395069180244,-9.205406903092374,2
6.261208944268737,-8.393687767544208,2
6.922416766017824,-6.28362190648778,2
3.5238065453469027,-8.509267317185197,2
6.100082735289091,-9.217385157367051,2
4.565699987414192,-9.81716051842673,2
7.5560830652982265,-8.80885184214251,2
5.808840269289768,-7.770418343476541,2
5.208958156235067,-8.16998995559112,2
5.930864257020173,-7.886183553804491,2
4.923221006639441,-9.38564034939868,2
6.945080034362567,-8.226509976196917,2
5.8397391995160985,-8.919166796927078,2
4.999980448038208,-6.557250992337547,2
3.501959582879722,-8.90737385653712,2
6.671534956148616,-6.3394618532521,2
5.743215044227109,-8.493261925309838,2
4.898074074274065,-8.531024087955627,2
5.814445675378672,-8.077710111524329,2
5.68806752038355,-9.747666712483216,2
6.048482429821238,-7.588484314987944,2
4.638606912784334,-8.64598447504098,2
6.424455183582523,-8.647993160301446,2
6.454426457323643,-9.506551184253924,2
6.115470590305349,-8.441909875258427,2
5.2422688631539165,-8.508033568970978,2
8.676280673630114,-8.252149480271456,2
4.751419545062318,-8.705813542561943,2
4.881588579437227,-8.433939037301002,2
5.629047037918489,-7.898190923533855,2
4.189102328972678,-8.5478658424747,2
5.146098921669492,-8.257789618489719,2
5.372337644325833,-5.919736448048223,2
5.127133558176279,-8.334150414520229,2
5.805758736341468,-8.515452119108808,2
5.213257085032507,-8.982745484374567,2
6.083939792832769,-9.91324237314807,2
4.0815221420059915,-8.489499244741202,2
4.37410567593596,-8.965141672787114,2
5.229280737283675,-8.518625720386229,2
5.6033326415362295,-8.583740471840041,2
4.199645950927641,-8.987449539337625,2
6.110744309460509,-9.021156285789907,2
5.191703907555324,-8.79925124090376,2
7.379013945360515,-8.328041551960753,2
5.111563181498114,-8.601941753005717,2
5.6932625891861415,-8.246877455399883,2
5.754721698204057,-9.709391124257404,2
5.327480876946555,-8.305415949394632,2
6.305961800960523,-8.564807949997514,2
5.479356985668849,-7.926007960169984,2
4.265634282523092,-9.194742928562812,2
5.807168256019534,-8.417324146196597,2
3.2186787405166104,-8.696247040845474,2
5.522944657075777,-8.472863681019355,2
5.329795669387777,-8.85029591675345,2
5.660676892547287,-8.633575281350724,2
3.0424592418456333,-9.5777593038455,2
4.334825575190312,-8.74599984400882,2
5.1147547966224005,-8.761374575210498,2
5.392337004548713,-8.410716756238612,2
5.406506684309156,-8.39791006215597,2
5.123216371528425,-9.306745851652598,2
4.338407820655005,-9.357777578046283,2
3.2557387356697176,-8.992728635800207,2
6.649614983750921,-6.437863800559866,2
6.701804174195878,-8.112103207386129,2
5.45360708668429,-9.371676469248165,2
5.98109517292068,-8.81514801128311,2
5.475715062204543,-7.963266600110261,2
5.904274147724273,-8.280265928099698,2
6.261234659432473,-8.59342758384579,2
4.5692072937840775,-8.69423363980246,2
5.739754251430286,-8.98413393901223,2
5.330375912574032,-8.643122038596003,2
2.58176502523163,-9.554342318393916,2
5.389869407265055,-8.500405384474375,2
3.9521290155568467,-9.382326047905556,2
5.63723263665598,-7.496168239168796,2
6.0535075906317255,-7.858195062322854,2
5.62882649918201,-8.525684608565172,2
8.478058952182229,-6.788797256824767,2
6.6490857189026515,-9.36611901132968,2
7.100970795105169,-8.455930492831259,2
6.511054055771689,-9.250054559943806,2
0.4765313028740543,-9.76159921737146,2
4.708251808886708,-9.032528075260752,2
6.476745298163224,-9.322421782799855,2
4.695219043498042,-8.46762895242079,2
6.633833005162462,-8.556463274509904,2
4.440152459136299,-8.887622355971477,2
5.456960759934391,-8.188583169387117,2
5.600562343302994,-7.981659945971999,2
5.168300958482478,-8.814864235471324,2
4.604505458139608,-7.012315810887541,2
-9.43147980888469,-5.215131728120888,3
-8.218981782880624,-3.551942823658866,3
-8.89735601091708,-5.513779654568056,3
-7.283279002265299,-5.070293464579204,3
-8.849946484233529,-5.021962177470605,3
-9.614067821538827,-5.739936122726185,3
-11.404492735453829,-3.693669449774191,3
-8.169773920655985,-5.932408061150112,3
-7.260546708008391,-9.007238785840839,3
-9.006264378367192,-4.243470441008444,3
-8.352481838096933,-3.6194799311687724,3
-9.535151225282467,-7.590423589285194,3
-11.80851965074131,-5.173736219840028,3
-7.85505124474869,-4.180171968060197,3
-9.732981267285503,-5.437587229922201,3
-7.571146375582451,-3.9013595408850925,3
-9.516252142348815,-6.373559613780863,3
-9.54349451048824,-5.861066502700993,3
-10.368642772026941,-6.096699799272712,3
-6.745539036397503,-3.2382452201929035,3
-10.871760959672843,-4.809090267406998,3
-8.66792716805065,-5.070317895186281,3
-11.384320998606032,-6.638952722550737,3
-11.330725547106741,-6.892161801440774,3
-11.115296837713883,-7.019192316921901,3
-4.701895132762936,-4.00129685023626,3
-7.651989317326201,-7.10628730167917,3
-9.592817529877994,-7.416640474970499,3
-8.59524043501663,-4.116862275078488,3
-9.36294976211451,-5.489459532477317,3
-8.51495367084333,-3.936604256755889,3
-8.20444094826327,-7.669074434896279,3
-8.516770669960716,-2.49207204730159,3
-9.90606367189922,-6.039186010692703,3
-7.695853151953222,-5.484703439814207,3
-5.8930428787082185,-5.54436271774777,3
-8.412715606672258,-5.349402047776975,3
-6.757265754307499,-4.0165712436362035,3
-8.416691214590418,-3.330678560818456,3
-7.870428688303763,-5.530418456614915,3
-8.285498880327655,-4.83718145952425,3
-9.767142381738992,-6.568531920677631,3
-9.111512602358681,-2.464391735616546,3
-7.962583317244337,-4.425215080088841,3
-8.591148668686058,-4.00792843584942,3
-7.698384740692772,-4.890001179997305,3
-8.093604904468002,-7.624073597922747,3
-10.789733825999573,-5.094243462589816,3
-8.277513947621202,-5.450341886984993,3
-9.760654585030425,-4.331901085085951,3
-9.665925432225672,-4.94070225740887,3
-4.954504452475374,-1.3652300711142713,3
-10.903514697232,-6.151325836192572,3
-8.02032952286309,-2.839780466608581,3
-7.636328500026021,-5.818026042824357,3
-8.50895943938028,-5.307130973235295,3
-9.061411236145979,-5.878039063409468,3
-9.354740846826607,-6.637980559556032,3
-6.413900916786007,-2.2673545549271727,3
-7.427840260808268,-5.001106521052193,3
-10.076743617429898,-5.345335110655993,3
-9.077361065831393,-7.505241499746617,3
-8.750036429257833,-5.76124027784574,3
-8.748385114139525,-6.885709210101597,3
-8.980709316272721,-5.083742911646988,3
-10.954567317295576,-4.880285365830409,3
-7.937242652966562,-4.113932790146685,3
-5.74337390884607,-3.915790927145888,3
-7.033159539548869,-4.52027853847176,3
-9.27447947057359,-3.8465596841129486,3
-2.3324564772324914,-4.27712374116739,3
-9.839852035623135,-5.147550324138688,3
-10.211971992247237,-9.936816841967117,3
-8.310370758152878,-6.428355383050618,3
-7.4592317073333625,-6.922291553966983,3
-7.50501502179885,-3.4543690551893427,3
-10.44583046242357,-5.355568532316608,3
-7.478172399483162,-3.708562888244427,3
-8.535621830155907,-5.023876891752926,3
-9.383503200156655,-4.549017850285781,3
-8.223851470493509,-1.8577619227413544,3
-10.657188668700686,-3.733519564582569,3
-8.817073437386828,-6.109042209121253,3
-9.611223875363045,-4.080029991462317,3
-5.50440229477778,-3.223724075366583,3
-9.652295877272651,-4.342926102982421,3
-9.638817273352648,-4.442176080987126,3
-7.512892778892592,-2.8946116369913644,3
-7.857381452440639,-6.147401099295925,3
-8.897742531970692,-5.272292790514306,3
-10.360213058568995,-4.484726626263164,3
-6.34331097944483,-4.942787620398155,3
-9.039809364510491,-5.72066079502241,3
-8.994906995819905,-6.34846697625159,3
-6.77048545736543,-4.740357593507293,3
-7.845253287231446,-4.254713951210339,3
-9.375750481258684,-6.135594418683688,3
-9.233638321325348,-4.213724046507798,3
-8.30909618017952,-4.8277374112091405,3
-9.871462934031053,-4.8867673435626795,3
-8.504916172364213,-8.914650896102742,3
-8.42516169599567,-5.630939174922021,3
-8.34195746532035,-4.577334933103915,3
-7.902813664269249,-7.7332600664582785,3
-7.856228050330091,-4.038678827154469,3
-7.714190578956353,-5.6688497276665935,3
-8.359361527098114,-5.32949438110686,3
-8.484543005347156,-4.824694505196078,3
-8.986461900811252,-6.439403178591853,3
-8.12736499030929,-6.106676738005561,3
-8.105300276935663,-5.292592256748518,3
-8.506929195941945,-3.580110501172505,3
-10.461529676141609,-6.736645466793807,3
-6.999534982119851,-5.669864604902938,3
-7.364518509087714,-4.613047244990388,3
-8.59237905513644,-7.803197813309613,3
-8.162567237649775,-4.343504593378702,3
-9.396341654482864,-4.4662839864142905,3
-9.636317701586831,-5.988934379891317,3
-9.490585147228781,-5.767044062973483,3
-4.942153420232095,-4.303901137165383,3
-10.385722403120248,-5.666432239174444,3
-7.946561770453648,-5.302136905531586,3
-8.441330583156079,-4.09745529492991,3
-9.892445540423713,-7.055957483916778,3
-8.840592515732745,-5.379077646385443,3
-11.422975425725767,-7.278729975941212,3
-8.253905820940751,-4.712835135726963,3
-7.750781101121259,-4.91460316270295,3
-8.966495226570771,-5.372984434416265,3
-9.011789654642945,-6.3716594861699205,3
-6.893295142784618,-4.37707659984406,3
-9.258606372820353,-4.30029372829483,3
-9.201859990924257,-7.207424049252339,3
-10.125439285358306,-5.2883670817980635,3
-10.158694554030856,-4.924529823449415,3
-9.312732982113062,-4.2955682529982155,3
-7.636499823980859,-5.880080719423351,3
-10.024765279955215,-4.832173923113967,3
-8.55126733970013,-5.032727478045345,3
-10.176643977718452,-5.2436539834363876,3
-8.134192403566963,-4.376967850725333,3
-8.374054773945225,-13.406460603391796,3
-7.7325858652401935,-5.875016150460175,3
-12.22750807448684,-4.558453587841566,3
-9.553581910905262,-1.4960222063174036,3
-11.64836863434068,-4.0967270396519755,3
-9.489770346618418,-5.226224760679725,3
-8.898896322223932,-4.987198787975366,3
-9.053549861624226,-6.117089249854882,3
-10.577352771192562,-4.995108469875998,3
-7.1124003499897555,-4.123594230994984,3
-6.956716117595765,-3.318919916811887,3
-11.56666960607639,-6.4419228046023935,3
-9.708880377841677,-3.289306196790374,3
-9.16719404352408,-4.374499611083955,3
-10.284233544277402,-4.185080463623225,3
-8.711563459347103,-5.096650563290318,3
-7.9799768239190865,-4.303172719964867,3
-8.98680113553891,-6.233707987465696,3
-9.795107926346759,-6.6015546801750205,3
-9.433924645849938,-6.032162981285652,3
-7.637817125245973,-2.646910178056713,3
-8.06605864160551,-5.325242466973883,3
-9.84948197466709,-7.628883741619603,3
-9.352220187812325,-5.674990066484012,3
-8.89510691891951,-2.859197171730125,3
-9.075296014497273,-4.89906375530217,3
-7.61161805729877,-5.87364552628644,3
-8.232966765362884,-4.795127341382284,3
-9.694219439633365,-5.656808976048252,3
-10.11971299927576,-4.891922564779584,3
-10.369059516943171,-5.1275673950806935,3
-12.188733545155898,-5.456512750967766,3
-8.692842411808329,-5.212802459259531,3
-8.90271100439909,-5.4928216133410315,3
-8.538592061702056,-3.191465289538719,3
-7.72068443382685,-6.234847661981971,3
-8.672913739453447,-7.988815709797914,3
-8.009755457919693,-5.568637927551948,3
-9.092672216668822,-3.866854569907524,3
-8.6936906889996,-5.400960498948306,3
-11.718560187384071,-7.207466706441254,3
-8.69065326610606,-4.5384840896913365,3
-8.551910683379113,-5.194744022408348,3
-8.48091942478729,-8.81024024698461,3
-10.238220689424676,-6.347307906005672,3
-12.954252765821629,-7.287495772788727,3
-9.764782231994756,-6.715518199555341,3
-8.82865602900234,-5.785636777332154,3
-9.689754648769208,-5.530377822337125,3
-6.984240589409284,-5.916048455087468,3
-7.610925847256306,-6.001665116614285,3
-7.316592237714281,-3.9306567836453272,3
-9.936295666090857,-4.599804736513261,3
-9.12236682316955,-8.343432563348346,3
-9.230066896335623,-4.508355237895036,3
-10.157772727003648,-5.800336941738533,3
-13.0327278991161,-5.426867624229336,3
-8.909782967771477,-4.729126280473111,3
-10.534193416055933,-8.917048411232994,3
-10.88362981039672,-7.337661040538249,3
-7.670414055137556,-6.626615663184363,3
-6.951347259358883,-4.393171206225576,3
-7.861283217129461,-4.575668459012612,3
-8.603034967220811,-5.3749404190024315,3
-7.882878656854027,-5.179359721701618,3
-9.089417725981068,-5.247959333868037,3
-8.352542823980611,-5.075062350747265,3
-10.602785490341407,-5.926253974424592,3
-9.857237774486677,-5.803978590891229,3
-9.187799213480133,-4.501615942740216,3
-9.09323127227317,-5.778846555772756,3
-10.837602075051647,-5.613596198330739,3
-7.899793657242646,-4.496427763398,3
-8.378022196034664,-4.34484203203259,3
-8.955434555679993,-5.825622655192874,3
-8.339219222886086,-4.181092458963624,3
-9.996824662992205,-5.9487298329104625,3
-9.884654791938203,-6.145092152798332,3
0.8833788242227296,1.4716212620500189,3
-9.753445610867368,-6.0306398353451485,3
-8.912860572566357,-3.5888022869536624,3
-8.704752347013965,-6.353184656449419,3
-7.970714968139353,-4.741654423409456,3
-10.18435134047196,-6.992526793296141,3
-8.972959500894127,-5.822169068943415,3
-9.772504040803424,-5.465000918971802,3
-7.654183737479791,-4.336464254116244,3
-11.636491169090112,-5.775574818265808,3
-7.718960211070933,-3.0131046178913037,3
-8.969466686670968,-2.5048332636422876,3
-7.91729630295312,-5.35894387774133,3
-8.80007355883003,-6.904538712798812,3
-13.431874594049994,-11.08629340214082,3
-8.233738197800697,-4.526615644813649,3
-9.485233219743776,-6.95086435185985,3
-10.732358433979769,-6.131468992282107,3
-8.36359031227759,-5.712169452772263,3
-7.574030650086736,-6.635682903895409,3
-7.261785482816671,-3.1546343150159304,3
-9.840158168474021,-5.042615791879867,3
-9.05603441805484,-5.7921067995795115,3
-9.086627372279295,-7.444462036754193,3
-10.428920239487153,-7.047175413467813,3
-12.563898917406007,-8.61515031726531,3
-10.096337807256894,-2.384049489662924,3
-10.823590227493469,-5.816437522191505,3
-8.604087193819662,-5.79531154563989,3
-9.172172675735313,-5.312459604600736,3
-8.967415443294469,-5.930894370793884,3
-9.501764314461106,-7.1578097137042915,3
-6.681068065985329,-5.909392646209582,3
-8.432774704789708,-3.2367707246696122,3
-7.965024448875044,-4.666871606835236,3
-9.147222337941916,-4.382095871621633,3
-10.632187161487282,-7.931827619115324,3
-9.420659834396398,-6.918047206554293,3
-9.703217228522517,-4.828941290122485,3
-7.135028170401772,-3.871949800783365,3
-9.928641172536615,-5.390580660749958,3
-8.477387924523903,-4.5251888450918845,3
-9.078766377092915,-6.265723749759909,3
-9.251195447904479,-6.390580861576652,3
-8.246866274791076,-3.5937683489821746,3
-6.430700536437694,-2.8730170333276637,3
-9.192986320878223,-5.1922289039816505,3
-9.372135720519887,-6.6866476712390455,3
-10.632657342574406,-7.158270511785816,3
-7.998871376856731,-4.595899242044395,3
-1.0293794069088094,-3.786002617893935,3
-9.13342963208203,-5.507796486664166,3
-10.370913328679743,-4.519367959766284,3
-10.885259097605527,-6.7222901382636975,3
-13.725058010372603,-7.759736049118059,3
-8.322508229225157,-5.695465197234427,3
-10.63233574033401,-5.221819513554833,3
-8.701617244147648,-5.2825925015630695,3
-10.931679776479545,-5.2974634635471824,3
-8.53845832272534,-5.462584143719535,3
-8.153214468131077,-5.957606972039748,3
-9.75542845489717,-5.1918484054896075,3
-10.017535156388135,-6.163388421342299,3
-8.027668300539736,-5.270235493608144,3
-8.430096112740548,-4.597269232111479,3
-8.251090712382759,-6.319642468743157,3
-9.048151510918721,-6.013830846668704,3
-8.759603120686434,-4.499785166938178,3
-8.17714008886617,-5.769251902264206,3
-9.144718584759177,-3.950043007136345,3
-9.496594069138979,-5.535296790463417,3
-8.02623800444333,-5.065298847200851,3
-11.094089733790108,-8.581452475788314,3
-9.677672530684257,-6.049379391756306,3
-11.324668997528033,-6.622245715611071,3
-8.005477947822975,-5.6115404775097,3
-8.9648909117686,-6.485343767794548,3
-9.260626068090977,-4.980048014664941,3
-10.203286151726664,-6.782260465918338,3
-11.338036706519786,-5.054225285285906,3
-12.30269265909996,-9.013848830358256,3
-7.987720823357722,-3.12997446880548,3
-12.137193338889997,-5.849362139736792,3
-8.404678769703304,-5.4089938137916524,3
-10.330511855751123,-8.815032055082252,3
-9.920465349552375,-6.440060347937141,3
-12.87862878855328,-6.3448690757969395,3
-7.073817221988662,-4.520345938302714,3
-8.192153700610666,-4.959798521487552,3
-9.959619835150322,-5.981559592213158,3
-9.550475716854583,-5.610596534177462,3
-9.160693506636303,-5.736671152127599,3
-9.96759983109892,-5.86474557892688,3
-9.135915370287318,-4.212355298952673,3
-10.418908430921482,-8.526378983544292,3
0.25610173444937123,11.47397161136682,4
-3.90561886057298,12.048181040068927,4
-0.5391540528058703,11.415540475488214,4
-1.5208509606748368,12.559716128445984,4
-3.3319774958762602,10.546381532665203,4
-2.1042551674494128,12.278469821434252,4
1.9024241417127215,12.968980941571942,4
-1.9489612760272665,10.274032896319168,4
4.069830049021894,10.146588937333709,4
-0.41637350566269093,12.442168164341945,4
-0.8292679474544851,11.453699026381978,4
-0.8978589084795283,12.603031799351585,4
-2.435827994539574,10.673696567132227,4
-4.4335129783167675,9.630427598480235,4
-3.1165765489853996,11.164308788118342,4
1.1150070411036772,10.271918799411454,4
1.7029935921753223,9.923067793161662,4
-1.667584891910345,10.892983476127686,4
-0.4281108570196108,10.567844345710599,4
-3.1883913561786854,11.73190935996324,4
0.44760897626832996,11.559270344109244,4
-2.8812768496248253,12.49457999616757,4
-1.4922494475759507,12.679289398638584,4
-1.4654717084843296,12.222534933443761,4
-4.163962575843595,11.74968873476824,4
-2.547197000365576,11.212641599825279,4
-0.8586605210016689,11.803025977649858,4
-2.698940290500953,11.313703747628782,4
-0.31199708180197905,10.874243794910445,4
-2.4185817305762995,8.388986767017574,4
-0.46175018979307314,10.708812683067636,4
0.1787289916445789,12.27003788870957,4
-2.6408144441312444,11.982609166817726,4
-4.528616773348895,10.25283177505084,4
-1.3939060308178934,11.617676867228997,4
-2.979905819310062,12.893208786312464,4
-2.2130849290884385,11.523964580943558,4
0.3970085641013834,10.862892239907758,4
-2.736454471590533,12.088047006945645,4
3.56046222006283,11.556551550089813,4
-2.9222141273502773,11.899945966901695,4
-0.18013626505487612,10.884456584126587,4
-5.276296013953701,12.027018641180097,4
-4.926304089987815,11.529405207619538,4
1.3105765092726243,11.386297649184005,4
1.7262456324965352,10.818105744046889,4
-2.9216688131211734,11.047081323619246,4
-5.772193081343771,11.406365509306601,4
-1.7174536119087025,11.57659950463589,4
-1.3063312971369758,8.608506395368716,4
-1.9839383622738385,13.294700851827457,4
-3.3592840525063328,13.873195973077644,4
-3.0705245272057216,13.087326635484668,4
-2.099835375347159,13.708084870654181,4
-0.23183251195768229,11.501525216014814,4
-2.4874018186089932,11.371046503135236,4
-4.891330285744241,12.444195920149701,4
-6.921130843706495,14.672850534729253,4
-1.9164414947309159,11.802968300632797,4
-1.6120891974678644,12.741513990310926,4
-2.366223875505395,10.600657697325127,4
-0.34773267014154974,9.8173455608938,4
-6.1753162314237215,13.035476300715498,4
-2.7011533590393695,12.126661170054808,4
-0.13662542342979722,8.618553956591628,4
-0.43114177330174575,14.133046307981488,4
-1.0015342739082511,12.097004422357482,4
0.2776252024965866,10.820520890771018,4
0.8978163704054252,14.136874060616577,4
-0.9389732604452585,9.372150170929654,4
-1.7164802809890598,12.565961017927346,4
-5.068492713213372,12.14880423494824,4
-0.4892914161747688,11.041525505708899,4
-0.8405323729935994,12.24738960955786,4
-2.4712839194954688,11.098633232224497,4
-0.2877384563478771,15.513739149534613,4
-2.0186015000214037,12.34391344035767,4
-3.6271613768994464,13.353083223409765,4
0.06414474263914416,11.685468487726121,4
-2.6694129689192265,10.776229401927703,4
-2.8615423119569803,11.06556368254547,4
2.721626963630738,11.493714144366434,4
1.6099555534797316,12.27922861404991,4
-3.915327277473997,11.790625631647242,4
-2.907890196663624,11.678123624426023,4
-2.3973128817953056,12.9939327191167,4
-2.0084068659248797,10.894203337277421,4
-4.239674313005528,10.500797757646282,4
-1.0971840284941976,12.421275148016846,4
-4.747045651359139,11.203731955027793,4
4.44932648147344,8.808601647447379,4
-0.7577019534603013,13.577973906021619,4
-2.413482657782185,12.32456011482628,4
3.0724111535342566,10.680881837130404,4
2.2351409162590667,8.77357139284906,4
-3.897748097242326,12.23335667027137,4
-4.571315041155074,13.781547811667293,4
-0.1566688138022232,10.896774465427349,4
-1.6505148068483066,9.68501863507137,4
-1.9549442756448885,12.67379598616157,4
-0.5216473018908123,10.84809855638458,4
-2.7974294969348863,12.230226536560844,4
-0.9713437479106031,12.412849180396364,4
-2.4691061526265905,11.775752987768483,4
-3.3922330508813503,12.20902755974884,4
-5.026032058222841,10.058050744977551,4
-2.160175313222291,12.60445589817022,4
-1.8909336610511558,12.799937404570912,4
-2.35366273826189,10.939557759541776,4
-0.9682846794997828,9.577335672144006,4
-0.9444523270241125,11.742804719049284,4
-1.1289160085192145,10.728221321780502,4
-2.545466441331857,12.613269188816618,4
1.860749066375893,13.180404464165788,4
3.426376030930427,10.693675779470066,4
-1.4562488807804397,11.611841003888738,4
-2.018967872604142,10.209689994506476,4
-0.8871866889813116,12.361997258416087,4
-0.006113771602878737,11.584630114682911,4
-0.43687069241101395,10.20994080369949,4
-0.3224970283420885,10.121481558623799,4
0.09711464415396964,13.215904250324051,4
-2.5672109536614665,12.570583751735793,4
-0.4678685326693566,11.496577371883404,4
1.0509077738115966,12.450825386322666,4
-4.724199633797185,9.700246078707181,4
-0.9726513756199513,11.860486168849032,4
0.12897794941252116,9.341120252224215,4
-1.2323812640657634,12.381991654540876,4
-2.2004719532915864,11.829935929631151,4
-12.848588233957642,15.858384640155595,4
-3.792416935457606,13.236051291817489,4
-3.745788758585518,11.502243299720739,4
-1.1277429075999024,11.581500053603715,4
-0.14061557271052694,10.34201771865936,4
-0.9403667547137803,11.5678495470991,4
-0.7176338627944963,10.793912823144943,4
0.873211966554619,10.304477356312649,4
1.1685717260230168,13.62366554188108,4
-5.124577027823124,12.324510355485268,4
-2.161897312953663,12.398786581120094,4
2.3729765847851714,12.18518449679807,4
-1.095636781341732,13.420856988952409,4
-1.611667891922188,11.146261208819675,4
1.2463754752470666,10.525545808741574,4
-0.06940231040495837,8.436957640735674,4
-1.8444025263405324,10.189673188129662,4
-1.023189662705082,14.240356978352152,4
-2.156459460240841,11.820474815242868,4
-2.481078981199527,11.422102263259788,4
1.1840762754246583,11.667844249739323,4
0.6818534009733779,11.740808432533427,4
-3.6620403621236335,11.986219795802622,4
-0.13450480409290266,9.971285250161262,4
-6.930730872038465,13.473014275808504,4
-2.1266252143526083,10.338570400774465,4
-1.4152056988130957,10.978796741463603,4
-2.3817970735766933,11.615388309644564,4
-2.087156103524764,11.343461947507755,4
-3.0672262791766807,12.388445361513302,4
-1.9807660303984516,11.539512069209788,4
-0.5539299578114341,12.728507748024569,4
2.310650810694693,12.236593969694514,4
-1.2140357692184578,12.187928734092361,4
-2.984179478415963,11.567688935557266,4
1.1250765846763482,12.172002237490595,4
-2.3410675549560347,11.564026838377233,4
-2.571175829104979,10.36126219242248,4
-5.522169722747582,10.888278531116864,4
-2.205398122326723,12.008598321344653,4
0.27037501857861557,10.797891479900564,4
-1.3931993461805738,12.867809105767174,4
-0.11870399466071557,10.888392806831925,4
-1.295522840658527,12.391747968149948,4
-2.257973178029487,10.37422168106037,4
-0.5258569112829592,13.020974102933032,4
0.07014317903781286,10.883198654193524,4
1.8791060509962159,10.327223134680029,4
-2.7083167103477037,10.263296727636018,4
-3.084552680919547,11.603997050503354,4
0.5345742940958935,12.361227284435557,4
-2.926594908117619,9.805800854585023,4
-2.9070475147861043,10.902995015858094,4
-2.2261996137342583,12.225662722594535,4
0.47741063062307987,11.980914889837262,4
-1.3716765319784625,12.27680632309887,4
-2.2327787717928307,13.3690848001358,4
-0.9832172485438546,11.275947326175666,4
-1.9255244527855793,13.255501437857916,4
-3.5999777638403843,11.761015638220645,4
0.28821936880230004,12.834013389184621,4
-0.6219447300156176,11.817907684173283,4
-4.647013685371734,11.786009998223951,4
-2.0271796827413557,14.22610439727574,4
5.760632529630884,15.35632570532637,4
-0.9539020991378854,11.624428261782374,4
-2.965882731941419,11.731578624538182,4
1.4493755027072521,12.337609338510068,4
-3.9745146822020363,13.491224973818214,4
0.7806560178257804,15.706352987685847,4
-2.9192348065270037,12.06816044875756,4
-4.270252005801622,9.283046268511,4
-2.618584645349286,12.410919690929424,4
-4.138844595828603,10.269164584745436,4
2.1282502043244107,10.947299378184733,4
1.2006575548118583,9.129403144657509,4
-2.6508245286639953,12.733230219834631,4
-2.2939606832973953,11.501211993650887,4
-2.154783377933259,10.665864573109758,4
-1.8611516497294271,11.41361697185451,4
-1.7555753392514017,12.24863982115012,4
-0.9235912760583996,12.246958060310346,4
-1.1481288734132797,10.537235648838381,4
-2.8924582954045652,9.114151770953105,4
1.4262458908139801,10.364364693373107,4
-1.8687395976244012,11.579272157456678,4
-0.8117440083484231,11.698138116585202,4
1.5433491915810884,9.97026005591944,4
-2.2330099521105353,10.94623697296253,4
-2.2625624639382558,12.36106009591392,4
-1.536145059170706,12.315499547290134,4
-1.977759466662689,11.33268894410749,4
-1.5143305504444302,12.40175520733733,4
-0.5934430831942934,8.33748296080185,4
-1.988235356643061,11.709980751555781,4
-2.290193317585147,13.408427327489107,4
-1.225888710129843,11.116290223541373,4
-2.694704049104159,11.806445617122165,4
-6.266679307874146,11.034861603372581,4
-1.9318357744116474,9.414714443960325,4
-1.7425520972832838,11.759798663054006,4
0.7288503595317382,10.74823090797494,4
-0.6557126624305978,11.067182901847607,4
-1.5518807812705995,12.033213959334757,4
-1.0230830165220222,11.172164587466854,4
-1.2648779532132253,13.532768975840947,4
0.8107869384414057,11.43231091129748,4
-11.252877938745115,7.316490409348877,4
-2.004757786488652,11.518589615283048,4
0.12339822108051757,11.442114472936614,4
-1.1111997324597218,11.251956884076746,4
-0.5713414161653312,13.487177332785206,4
-1.1892386225618254,12.35755935956413,4
-1.1542192906531703,14.956102148775935,4
0.5104598517670653,11.794584436381808,4
-6.6184973342038855,11.774703367691247,4
-2.1980175479820256,10.455427096531794,4
-0.15795519931570268,10.939409668852475,4
-4.967415057854593,11.174524972374517,4
-4.387929035880205,13.52215426314999,4
-2.6085335681661785,11.58665392139537,4
-0.5915172267590085,12.588228066779307,4
-2.2547939241787516,11.060872398132906,4
-2.9605491702174387,10.10593328388363,4
-0.21605452592734298,10.81710196474056,4
-0.716738893742306,11.746181726942376,4
-2.091063217047118,10.744953410066504,4
-1.482348878963296,10.854590663142831,4
-1.24107493477555,10.456198469444034,4
-0.944681146848649,12.102438520494275,4
-4.397516290928603,12.454641404050298,4
-1.6138194095148013,11.282878608055869,4
-2.1776960310660107,13.135297485917356,4
-3.0070592979527806,12.072063692386463,4
-1.5503786606840044,12.567967272333243,4
-5.011304526384881,14.049400735500079,4
-2.7815431522506917,12.11981360594076,4
-2.7949052695949916,11.77817763848972,4
-3.575975154555236,10.706459835247113,4
-1.6535636338542292,10.3957718116598,4
-3.325683244405335,12.438392070532391,4
-3.0197027883944436,11.798213327267163,4
-4.433935658724511,10.709596371851793,4
-3.1250980852260835,12.137464277487066,4
-3.621604105669709,10.977436784883464,4
-3.0376734480870553,9.541608416039601,4
-3.692308393331597,12.880120948299407,4
-3.0057939486699725,12.031706788315748,4
-0.16506896181162345,12.710230963101928,4
-5.164362771728625,12.673714505376367,4
3.0908441002569638,8.518394540364167,4
-2.976528625345923,11.637007943855577,4
0.22585081055347622,13.172771367673889,4
-2.428397133798426,11.984243567390042,4
-0.49717611049443455,12.731266164532801,4
0.25050944332079395,12.093603355169687,4
-3.7400036064808555,11.180723826171237,4
-1.4845983434373728,10.375145380826787,4
-4.92341943430881,11.233791422678085,4
-2.08318879002279,10.476410576589185,4
-4.305040109830289,11.18815841507309,4
-2.0315475303974284,11.462371080702349,4
-0.2890025843301116,12.545043700883621,4
-2.2681349192056954,11.963002123802045,4
-2.8509139665740157,11.478743464567799,4
-3.4328309944613498,12.273795380181573,4
-1.5032718807533947,12.150913611266082,4
-1.1335323889178386,12.599102447310823,4
-2.945873689616472,11.332506155272693,4
-2.2765237546127666,9.64753588371349,4
-3.7017952178870637,12.902561315267713,4
0.697234083357182,11.40628029544093,4
-2.284180054357905,10.656134384744423,4
0.25020779084085554,13.720513870939868,4
-0.6712383842784868,10.458567491603334,4
-1.1373564974354253,11.779755931328273,4
-1.4815074375228425,12.602323328040153,4
0.4155190956454766,12.555787543340433,4
-2.716105391174244,11.320295738342002,4
-4.862805303778778,11.776697678000351,4
-0.7942497717116408,10.572214579193453,4
-0.7668004041450183,13.47924832706375,4
-1.2293803323129056,11.698343775562295,4
-1.2987858581263154,12.77109955226532,4
-1.0329241046079225,13.918794110338197,4
-1.049805178650585,11.512103145188574,4
-0.7281884449345011,11.29286230277791,4
-3.1105894505361293,11.681615652918657,4
-3.457010574031054,12.023883648616367,4
-1.5065658431186768,10.28992059092946,4
-3.3670554042567056,11.018953520905988,4
-4.37390385759453,14.167228970023794,4
0.3036454916074858,10.890708137463127,4
-2.6744231017590248,13.577703960639582,4
-0.1204301992186898,11.317978761849162,4
-2.5137607814145095,13.711208950870118,4
-5.449515520682971,11.299724911924677,4
-2.859129135801983,10.992034017531687,4
-5.9173376019437995,11.350798789648904,4
-0.9421450488219284,11.563954387876299,4
-1.54350766172551,9.766849586104158,4
-3.26595965415276,12.024666171009157,4
-4.479409129419402,13.401460125691703,4
-2.832461420386846,11.771570570765693,4
-3.2542846465830984,12.530781033466102,4
-0.1797788075770157,11.205021318591818,4
0.1667746620607402,10.603400309143455,4
-2.7344740473738076,10.268919935759662,4
-1.6041177998718474,11.914160386343788,4
0.5656364836683294,11.065414907088995,4
-3.8885947170178192,10.371083116391047,4
-4.578223881546389,13.20892872292489,4
-2.5909658187745004,12.0482340942273,4
-1.1831720183911982,12.905182993179594,4
-4.266751655871781,12.460839530513512,4
-0.7871310059336543,11.035642020240918,4
0.111439612975196,11.315850842961066,4
-0.570672174905597,11.56648238496826,4
-0.8235003880516547,12.243342000647893,4
-0.22329398759660246,10.203337629513598,4
1.2233127969269217,11.561811515722372,4
-0.2703090497682239,10.678492311676623,4
-2.090076521426786,11.042398375673645,4
-1.9696317453779317,12.353236745518775,4
-4.321596770296908,14.342229303549258,4
-1.9983636022749198,9.83293877144185,4
-5.168068349786489,10.06517396701322,4
-3.396541210483451,11.414813632307334,4
-1.330574343747272,9.995428915489924,4
-2.8475965120104973,11.380863018638404,4
2.359480816360294,7.2222531225763005,4
1.040254754159395,10.406643730017654,4
-0.10882550369533739,10.113252158592283,4
-2.1240946128802145,12.10404104165379,4
-1.78530262525415,12.067742171930618,4
-2.44839633065273,11.306256383618624,4
-2.4850323635401765,12.711052738915983,4
-1.7731715544967757,12.555594022251533,4
-2.86415451242312,13.558550171895337,4
0.18919763324672356,8.731925334454527,4
-3.6254729709293585,10.552242672979329,4
-3.9951894296396158,12.478267910875376,4
-1.838827653071446,12.19509137491541,4
-0.7519488611376319,10.75719459292338,4
-3.8115238668132685,13.228459219599944,4
-2.5216645585805617,12.715784064554482,4
-2.233330836040912,10.913526609436623,4
-2.885744026050025,11.26151872384842,4
-0.11799506897521117,11.455570003170946,4
0.40820995102771596,11.594934616844846,4
-1.1176656785293735,12.746902426687974,4
-2.006180133624013,14.943744385596258,4
4.584704706709964,11.950310436624948,4
13.213665907035056,4.193924254204594,5
13.33785278232118,4.2570318542039765,5
11.718506844728715,6.966784428718306,5
9.619468953398684,5.924883323410729,5
12.445382199953407,3.0346312479541884,5
10.84043668935634,4.690469058895886,5
11.475132487415511,5.198465033349174,5
16.36056328490719,9.205970605243484,5
12.127309328913285,5.823202490634818,5
16.486144513405186,-1.2953201198175401,5
12.090276574744928,5.931284650941099,5
11.862404164161015,7.392495694382282,5
10.666211594810319,9.585228573179604,5
10.79207499558114,10.065895949015202,5
13.309023399664351,3.021741523548839,5
10.616334666612428,4.701024997250704,5
11.658435560451261,4.917103314576909,5
11.315020920296405,7.09987563570132,5
16.813484585703407,6.280744534517169,5
13.575616186511102,3.3770632397676446,5
12.003563991540187,6.418315663184619,5
9.30760739477003,2.9122166545198604,5
12.752327420525072,7.515861276509632,5
9.088927995296244,2.7171667418847227,5
11.995464941986231,2.3868564595392536,5
20.85622016606819,11.0937591494719,5
13.441229729279653,6.150038888692134,5
16.858284327138264,8.260319995885153,5
7.30810114879577,4.470700475587162,5
13.241949165311727,13.834427832131691,5
14.500811808404432,7.514108217559242,5
12.400948179084399,3.3429635944198015,5
11.415915150473026,6.29171251976123,5
11.966608691358498,5.260197539132799,5
10.133404217277137,5.111811825578798,5
14.964241255085739,4.967961582002702,5
6.6704574691643685,-2.308995436249913,5
12.414486323579453,2.9265177711059684,5
13.367417419941965,2.239542497163512,5
10.63432334316337,2.986570983341394,5
9.315698063848549,6.363145486299808,5
8.007654795271977,4.597883522959695,5
16.649045097224136,-8.076192680170049,5
13.41429375830394,8.88419253459913,5
13.064688004965868,11.142846092532984,5
15.829608013025332,6.796404956086694,5
13.259832854716851,8.028097467841988,5
6.578666142963126,2.0580293251594926,5
8.240325242283737,4.141873323620069,5
4.86275218148375,-2.9823426013562777,5
9.887041034260516,-0.656129532564651,5
16.641473343000044,11.980337943482668,5
9.540890483219462,5.660855058140972,5
12.844359780151265,3.728643596964945,5
10.527362466995783,4.912786341931769,5
12.387123223878485,3.0104964317874106,5
13.758288618960616,8.015767057706757,5
10.636621696501367,5.865351958490559,5
21.399498557522993,13.010965822397594,5
7.485506613515546,-4.722337658438885,5
9.714376879459513,5.173471424014177,5
12.463982547586847,4.826807847124807,5
16.57599949259249,18.551724735832806,5
11.178885000462966,5.279146884836657,5
9.212606976843105,2.4597093817721367,5
10.396081803471322,3.3207953499660094,5
12.5123857821408,6.572368751035637,5
16.447413591296748,3.0746463069175496,5
10.015226017406594,-0.2560469685892466,5
10.432367917856228,4.499957885963678,5
15.378715251646195,11.758113078092887,5
9.958044663836553,4.982951611924956,5
14.697208759325264,5.352707235459136,5
16.46240155378133,7.5817768676662,5
10.904227823877825,2.905774328769741,5
13.042642360819574,5.2330047833274556,5
15.274592349202829,8.907314261614856,5
11.287166722473076,4.995486375434648,5
13.075528417918687,5.272259486634988,5
12.095469320656253,6.764082112282458,5
13.172277604400444,7.532535402886692,5
10.765507277332793,1.5781849622665836,5
16.102054647917925,8.498493683792429,5
12.322929780423344,6.181707704876484,5
9.841920379122776,5.404885339386322,5
10.842393077973973,4.918693708485411,5
10.32934368314011,5.449580169670867,5
10.666031679004213,1.605559103984537,5
11.299060509761464,5.854526164313247,5
11.203686463773103,6.2280468088576795,5
9.546041964188696,4.245383848370462,5
7.525326811778233,3.0739141589425567,5
9.40211924675758,3.997304724534328,5
11.962949425971328,5.185666568438922,5
13.025896753455715,3.35498113422285,5
12.957978598038089,5.044921563956867,5
13.929621738483261,7.569849174409177,5
9.945128529464643,0.6664930211924966,5
11.876089286341871,6.037570259252615,5
13.592184806995611,5.045514850224044,5
13.014043531055442,7.880848510067529,5
9.26139457402348,5.640916992390571,5
11.951173005937724,4.067218189548975,5
14.687476330270133,6.1112239566197655,5
12.398593797676533,12.835778124354746,5
10.62248867088093,4.010018082598679,5
11.101774945983273,6.13755957593984,5
14.82015234170049,5.687977045834531,5
10.432022870436079,3.190728968908531,5
14.199259525369662,4.853747451559308,5
9.363264185913035,1.264090575646108,5
11.627243225168781,3.0151941127829938,5
14.10773539254919,-0.48463610629680964,5
12.295160040723319,2.50710433752007,5
8.429767563743303,1.6856160210791562,5
9.51571650414616,-0.9626314623698455,5
12.613742984473951,2.8164877075130095,5
10.823979648988916,5.295822328396434,5
10.372323964435523,3.560448141289495,5
12.525538646288414,2.5451376621458106,5
12.538031683703185,2.9911476534838695,5
10.610759539904574,5.6685772583978355,5
9.389854754520766,6.093659593684878,5
12.020563126393549,5.081365768687704,5
5.947750972410525,1.9395580888988992,5
10.949288048799506,3.6057747043192636,5
11.673550960611006,5.068304682024602,5
12.539058989992386,2.2368652972028027,5
10.012027465889421,6.596925236907991,5
11.215765436012354,3.647702807077951,5
12.12119075697931,7.5536093868927265,5
10.462210920610548,3.7714753912626415,5
9.079267436143365,-0.9632813407995764,5
16.813688780373564,10.343115614613549,5
11.199521752623546,18.414356372921546,5
12.687613288200428,2.9523523014022865,5
10.375996120576703,5.651001417424622,5
12.051237415805815,-1.2398712862036332,5
11.362592512056167,4.72375670405845,5
12.345714891668758,7.314467518843074,5
12.924024606080518,6.330228821447912,5
11.040115368203507,8.293136051758543,5
13.381533932005938,11.363146662351982,5
11.845734756931265,4.003321886074264,5
12.180864020927006,9.937290180039735,5
10.255109834348485,-1.6809325151689913,5
10.5412578701981,8.040575744339343,5
12.684668319252955,7.3936808048468645,5
13.508699186521085,5.090815638880507,5
13.665640667336556,4.025286229819125,5
14.39141605528365,-0.5522372228180421,5
13.411256383781415,4.368208601127169,5
11.23557693299093,5.218611418251172,5
9.560257867887884,4.3643111509187875,5
9.759601913903262,5.076679301893517,5
11.437486883589957,5.233637544819545,5
10.581860832071182,7.248881795816764,5
-4.347258107157588,2.366312116108867,5
14.531021418399785,5.883932130942503,5
5.845234453086254,2.1896980626305482,5
13.598570706058766,4.861447800953439,5
14.151004388314536,8.196981340993506,5
15.008062724116261,3.755392219273225,5
13.950579027596511,9.190689654933689,5
11.180981254365182,9.63656610351309,5
11.35612672611072,2.33991142476227,5
10.882214033233774,2.5844012792025715,5
9.288750719701781,12.04825787983232,5
10.447442920262777,0.24578813689846157,5
13.60294505936466,4.969252570480795,5
10.795258362304551,6.235843841457578,5
12.905649959725828,6.398780241790535,5
11.437215481239063,3.155449709313556,5
12.312887760303001,3.0969953081160617,5
14.041791277870676,4.113079341261948,5
13.284197655387775,12.176262481418904,5
12.502968319195793,7.2672914119555685,5
10.48481947221403,1.3206669031458316,5
10.700982402003827,6.9776951897115715,5
12.53508611068017,2.3297463956745994,5
8.886899958716711,5.029891621299865,5
9.986216486245418,3.951899163868502,5
9.887984902318408,6.739699333187971,5
17.856522710103587,8.771093680510376,5
10.744577848727225,6.069814458285148,5
5.817404993417447,-2.528344150948122,5
10.551979238348263,4.996842057138427,5
12.430644710391446,4.073466618458889,5
15.724903533711107,5.238229807689001,5
13.252301316859073,6.069932358839149,5
10.09357582166858,5.440464261051449,5
10.364952973164497,3.7926004006824057,5
13.035071535245857,5.835637402533517,5
16.238375266605665,8.780625696177339,5
10.689340608023386,5.471875376309872,5
13.854401096637357,4.7996509590927,5
10.89106715550115,6.430962999158579,5
13.343791553926645,3.1009174697668294,5
16.414449366203804,7.686494523204143,5
10.748848434516809,3.842336300791761,5
12.233718815284016,5.160611932937889,5
11.427382685059355,7.838760473005767,5
11.628126605947907,5.784205211604878,5
9.750264002957893,6.60289270892693,5
12.487381078143887,5.164074064389463,5
13.389106212302062,-2.488947200819939,5
11.135751438682203,8.453833426192645,5
7.703894129997563,-0.17253581649094407,5
11.037639520065207,1.2611609585700796,5
11.1704966451265,2.0164731693271434,5
8.518273812126427,4.259335167579564,5
12.210175565165331,6.880549674222791,5
9.893128120599362,5.543037330356969,5
14.604515661503594,4.201645105361219,5
17.739505314492447,7.130127028571014,5
11.468447261128214,2.2804309167209587,5
11.910718331124743,3.2740029838462164,5
17.538201718906382,4.924491592638508,5
14.163273516598311,5.5887096379272565,5
14.519398442916513,11.274686104677599,5
15.861452729021316,6.764376522774308,5
10.119516321105388,1.1827344986560933,5
13.169828648778385,3.0077819668681722,5
12.80266896671377,5.557899750199125,5
9.783026758502814,1.0416978024753432,5
19.23224534962094,9.469770690964715,5
16.076050064149964,8.063717708056478,5
12.324638713908357,8.933826650479466,5
13.536672461191985,7.146384394091509,5
12.256268098784973,11.921292765560004,5
12.068313057966996,7.079646990390545,5
7.375891732354064,3.478261170440618,5
9.60776297579012,7.037991760318349,5
15.506087010928551,-2.009048208635164,5
11.067835719453331,6.633561957272313,5
15.658183696995911,6.856795458950225,5
11.715694958303088,5.611537894435734,5
9.807405121148154,6.843501307285375,5
9.362259268590751,-0.11352590647397953,5
12.281758111688909,4.1462308646200405,5
8.392567475619119,3.4808431745273873,5
10.988833954211698,7.621194141206129,5
10.446811430444397,5.027169727861861,5
18.704980708368026,3.671206251117553,5
15.670234491376036,3.632291251337323,5
13.089850881095517,3.9153770488248645,5
10.145908166695152,11.64227443020061,5
7.937111521503668,3.050817276012408,5
16.20765370574387,8.07231731573321,5
3.205484981540806,9.35278048553889,5
11.807885729521434,-7.471506435908065,5
15.414783658321518,7.364351868715212,5
9.089922196822341,5.848818741932791,5
11.75353138484311,6.0511161650866745,5
10.502542043798247,-0.36554669500123715,5
9.244579037475063,2.8089525310672423,5
11.281847380447816,1.7033789266139903,5
9.445149868444595,1.9757931026221143,5
7.578757274783452,3.942559194979725,5
9.349691972718414,3.495702534701578,5
10.564371439699611,4.273221348789065,5
12.523419265243264,3.486585104432873,5
9.793957579934204,4.289985864184741,5
15.658550764888185,9.593954967233497,5
12.450550707814967,2.915743075219504,5
8.899678001596694,2.6764458255977175,5
8.107069652092799,4.3290034936206325,5
11.461452495228816,5.816977003583366,5
10.171025050653911,5.484319970343175,5
10.761130035478455,4.421550599542989,5
9.312403142500884,6.291842275573115,5
13.195901295348918,7.809671061452688,5
14.341915244747613,8.68510189922563,5
11.713625246662042,2.560115096540477,5
5.399092238549095,1.8947688798118714,5
9.20509211071916,5.006129493108583,5
9.689890505359628,-2.4054129149536747,5
14.512084415446191,13.501234148878943,5
14.424917060263073,8.847113871467029,5
11.785297810334006,4.608183398204975,5
9.24873894852358,3.7363122090711034,5
13.71908194224086,5.292700680441244,5
16.102293704780593,10.37800976259196,5
17.446276276523214,7.894528336350971,5
11.877431129635788,5.693451891513463,5
11.610759278055708,7.238081002322974,5
14.419140676326922,4.199856310258195,5
12.117010708703456,2.8359294428678594,5
9.19589094704639,-2.3727480533230594,5
13.281023433459854,6.740781441897112,5
7.434009751393131,0.5865379397462407,5
14.415130423669119,7.127707734191982,5
13.445913549331081,11.979526076279612,5
13.366953649369831,10.613921802938663,5
19.059434644504954,19.090532120864836,5
13.212061136350785,3.5569005658992214,5
10.65712634019462,7.875528663901173,5
15.315921067658017,6.463103181490328,5
9.409808400667307,4.564310621396378,5
11.865943108521805,5.9047469305330464,5
9.511343679552471,6.9768656535867875,5
7.680005607833463,2.1355487856991084,5
10.401766708308886,4.381279807203982,5
11.933253300734945,6.25723979885505,5
8.034952792673606,-0.0818189585652247,5
12.105578125244296,8.451874126869201,5
9.371152583328852,3.441250819712706,5
8.39038807952502,5.495258658817948,5
12.062234278424935,2.841369931541494,5
12.240606380313743,4.858820139762109,5
12.78950187045498,5.112940233798873,5
11.974819095582555,6.397384149251294,5
13.351028590827159,7.073714090696637,5
8.267682505902581,-2.878456880651269,5
13.122932691759168,5.811256643105912,5
10.782473911878878,5.225339023604384,5
14.060632707131347,4.282729118858053,5
11.235684090785687,7.1608311412939365,5
9.723146222038643,10.413459647088313,5
9.37002700310287,3.7980983064789466,5
8.709901545933782,-2.0370572873387793,5
12.546863314852697,8.109827158015392,5
11.362190625871616,10.443990738417344,5
13.232179526984176,5.432962129154549,5
12.027975971847754,7.575240070939659,5
10.803118264326343,4.5989916060127785,5
13.927975202891696,5.488651012023542,5
12.084617429832699,4.727665282969174,5
9.866482914876984,3.0589100502297617,5
11.65508279273131,10.390319333258049,5
9.472714769671846,3.0813472885805715,5
15.57487073846247,8.450885846532366,5
11.116105820296674,4.509146585811369,5
11.96558824039773,7.00533139539186,5
12.286370591613107,4.531583954773349,5
14.647761811004553,4.189460085708562,5
9.406293985427267,2.752733687039886,5
8.916572422182306,3.7858889427134743,5
13.442613178579027,9.072533989459462,5
11.768690280870771,7.6658552013353916,5
12.3194332768234,8.073429736167093,5
10.489837960720106,5.013017355444341,5
12.01995819537913,9.260633776394311,5
11.214836308781774,6.896341683837916,5
8.886201245539132,2.523815686665847,5
12.324449637233174,6.826962699884579,5
5.73102186418111,0.33097436757271215,5
10.53770383713818,8.050421796739554,5
11.361402817875977,4.907081260541402,5
11.025483172780493,6.153859279580397,5
14.036251275813132,10.682672785238498,5
11.503835425655796,2.937229253657006,5
13.783542506320154,1.9188428840501914,5
17.055177135607344,2.2142913348490976,5
13.56565938767205,5.284884544914668,5
11.10900490404163,8.832932442918462,5
6.872041659082237,1.213297413543457,5
11.68122303571598,2.473274023610215,5
15.905188308295852,6.263252047452754,5
12.875686350507415,7.773782049125396,5
7.898517321877284,-1.1588412901728598,5
15.406074730034296,3.0962086657973673,5
12.795834848175403,10.009393264702247,5
10.346543236144868,5.945176689566644,5
11.645242913108596,6.510902399585864,5
11.205149940241292,6.747504503865599,5
12.622386147814582,-5.714627008748975,5
12.360512089183564,7.126464235940786,5
17.255313399328706,3.7533545715375434,5
10.981305372643867,6.474587380859619,5
16.928270842086448,7.086624727542691,5
10.290110065734641,4.878657445647522,5
11.95163278746649,6.085063289806499,5
6.933919181955399,1.463599528748333,5
6.70169878065839,9.04419670961953,5
7.999526087825437,9.529894189440505,5
11.807302280137794,10.487922723935053,5
12.406463272158861,7.405823037267539,5
5.996337212859745,5.602530847720689,5
12.022671998202481,4.071258724332513,5
7.828066826245969,4.284447548534821,5
8.8155056008639,4.330496797653445,5
11.573841745108886,4.817048302540705,5
10.905940348461792,5.145580781008023,5
11.477735494078201,6.014857611270668,5
10.338250203885377,1.0895247390389686,5
12.645028020431129,5.283177971866826,5
15.338643689504295,9.652901783222832,5
14.52967037063632,4.784032058272491,5
